Unnamed: 0,urau_code,urau_name,cluster,measure,Access to large green spaces_rescaled,Air quality (NO2)_rescaled,Air quality (PM2.5)_rescaled,Compactness_rescaled,Lower urban heat islands_rescaled,Mid-rise development_rescaled,Opportunity to cycle_rescaled,Opportunity to walk_rescaled,Optimal dwelling density_rescaled,Permeability_rescaled,Public transport stops_rescaled,Surrounding greenness_rescaled,Universal access to green spaces_rescaled,country,HUDI,rank,rank_tot,Access to large green spaces_val,Air quality (NO2)_val,Air quality (PM2.5)_val,Compactness_val,Lower urban heat islands_val,Mid-rise development_val,Opportunity to cycle_val,Opportunity to walk_val,Optimal dwelling density_val,Permeability_val,Public transport stops_val,Surrounding greenness_val,Universal access to green spaces_val,country_norm_x,city_key,Ranking position [NDVI],Ranking position [%GA],City_x,Country_x,NDVI [mean level],NDVI target [WHO levels threshold],% Population below NDVI target [NDVI],Avoidable deaths [NDVI target] [NDVI],%GA [mean level],%GA target [WHO levels threshold],% Population below %GA target [%GA],Avoidable deaths [%GA target] [%GA],country_norm_y,Ranking position [PM2.5],Ranking position [NO2],City_y,Country_y,PM2.5 [annual mean],Avoidable deaths [WHO 2005 levels] [PM2.5],Avoidable deaths [WHO 2021 levels] [PM2.5],Avoidable deaths [lowest levels] [PM2.5],NO2 [annual mean],Avoidable deaths [WHO 2005 levels] [NO2] ,Avoidable deaths [WHO 2021 levels] [NO2] ,Avoidable deaths [lowest levels] [NO2],country_norm
6,HU001C1,Budapest,large metropolitan,dwellings/ha,6.9,5.43,2.9,9.6,4.59,8.32,2.63,6.08,1.92,1.68,4.14,2.34,4.64,HU,4.89,7,662,69.0,25.52,17.95,96,0.2,96.59,2.42,25.87,24.39,16.84,41.36,23.44,46.42,HU,budapest hu,12,13,Budapest,HU,0.487,0.512,76.6,746,20.0,25,84.5,316,HU,68,157,Budapest,Hungary,18.0,1109,1776,1945,25.5,0,625,877,hu
7,DE001C1,Berlin,large metropolitan,dwellings/ha,6.14,5.5,5.03,9.3,0.0,7.13,1.81,8.04,3.56,1.35,3.52,3.48,4.8,DE,4.72,8,748,61.4,25.3,14.07,93,0.93,94.68,1.14,45.29,30.83,13.51,35.22,34.76,48.01,DE,berlin de,168,164,Berlin,DE,0.528,0.543,65.2,763,22.7,25,75.2,347,DE,254,182,Berlin,Germany,14.1,851,1865,2122,25.3,4,909,1283,de
10,DE002C1,Hamburg,large metropolitan,dwellings/ha,5.03,5.59,5.91,8.1,3.86,0.0,1.22,7.93,0.88,2.21,3.24,4.3,4.17,DE,4.11,11,895,50.3,24.99,12.46,81,0.31,83.18,0.52,43.99,21.01,22.05,32.37,43.03,41.67,DE,hamburg de,213,326,Hamburg,DE,0.607,0.605,56.9,372,32.9,25,66.4,149,DE,501,202,Hamburg,Germany,12.5,271,808,945,25.0,2,468,663,de
20,UK010C1,Sheffield,metropolitan,dwellings/ha,6.89,5.66,7.96,8.6,5.07,5.24,1.96,6.6,2.13,4.05,5.65,4.76,5.92,UK,5.61,9,174,68.89,23.97,9.73,86,0.74,91.75,1.35,30.47,17.3,40.46,56.49,47.6,59.22,UK,sheffield uk,433,489,Sheffield,UK,0.608,0.592,52.4,84,34.0,25,62.3,37,UK,731,330,Sheffield,United Kingdom,9.7,1,149,189,24.0,0,126,182,uk
25,UK003C1,Leeds,metropolitan,dwellings/ha,6.62,5.49,8.2,7.2,6.52,4.27,2.92,6.15,1.25,3.26,4.83,4.89,5.82,UK,5.37,13,345,66.2,24.53,9.18,72,0.31,90.09,2.99,26.48,14.05,32.65,48.31,48.89,58.22,UK,leeds uk,415,506,Leeds,UK,0.616,0.579,51.1,113,41.9,25,59.6,47,UK,746,236,Leeds,United Kingdom,9.2,0,179,234,24.5,0,178,254,uk
29,BG001C1,Sofia,metropolitan,dwellings/ha,6.66,6.69,4.81,9.1,6.9,7.29,1.73,6.27,4.42,1.69,3.93,2.63,4.55,BG,5.28,16,417,66.65,20.67,17.04,91,0.2,95.21,1.05,27.49,29.34,16.92,39.33,26.34,45.49,BG,sofia bg,146,81,Sofia,BG,0.477,0.48,73.7,247,27.8,25,73.1,121,BG,81,309,Sofia,Bulgaria,17.0,528,888,980,20.7,0,232,369,bg
32,NO001C1,Oslo,metropolitan,dwellings/ha,5.28,6.1,8.45,9.4,3.27,2.01,4.87,8.56,3.35,3.79,3.66,4.46,4.6,NO,5.14,19,503,52.76,22.54,8.59,94,1.27,86.26,8.3,51.24,22.96,37.93,36.6,44.6,46.0,NO,oslo no,239,126,Oslo,NO,0.528,0.526,55.3,105,27.4,25,76.4,57,NO,779,351,Oslo,Norway,8.6,0,119,162,22.5,0,119,179,no
35,DE007C1,Stuttgart,metropolitan,dwellings/ha,6.23,4.0,6.51,7.7,5.39,5.58,0.79,7.69,4.01,2.59,2.95,5.22,4.66,DE,5.03,22,587,62.3,29.33,13.09,77,0.64,92.32,0.22,41.39,26.74,25.94,29.46,52.2,46.56,DE,stuttgart de,542,674,Stuttgart,DE,0.565,0.541,47.8,81,37.1,25,50.8,32,DE,461,80,Stuttgart,Germany,13.1,104,269,310,29.3,2,184,243,de
36,DE008C1,Leipzig,metropolitan,dwellings/ha,5.76,5.49,6.32,8.2,6.14,5.54,1.93,7.78,2.7,1.71,2.99,4.73,4.71,DE,5.02,23,594,57.57,24.51,13.52,82,0.42,92.25,1.3,42.35,19.74,17.05,29.87,47.28,47.09,DE,leipzig de,299,569,Leipzig,DE,0.547,0.521,52.7,106,38.6,25,53.8,37,DE,293,234,Leipzig,Germany,13.5,129,308,353,24.5,0,152,217,de
37,DE006C1,Essen,metropolitan,dwellings/ha,6.34,2.5,6.15,8.1,5.81,5.11,1.5,7.77,2.82,2.54,3.09,4.14,5.94,DE,5.0,24,605,63.37,34.13,13.93,81,0.52,91.52,0.78,42.27,20.29,25.43,30.92,41.38,59.38,DE,essen de,287,442,Essen,DE,0.598,0.585,58.6,128,35.0,25,60.0,50,DE,199,11,Essen,Germany,13.9,184,412,470,34.1,8,317,399,de
38,UK005C1,Bradford,metropolitan,dwellings/ha,6.65,6.1,8.68,6.7,5.94,2.12,2.17,4.99,1.64,3.19,4.85,4.81,4.63,UK,4.98,25,618,66.55,22.56,8.05,67,0.48,86.45,1.65,17.4,15.43,31.88,48.46,48.09,46.31,UK,bradford uk,215,505,Bradford,UK,0.607,0.566,51.9,94,43.7,25,57.1,31,UK,809,352,Bradford,United Kingdom,8.0,0,88,125,22.6,0,103,155,uk
39,ES005C1,Zaragoza,metropolitan,dwellings/ha,4.58,3.9,5.48,8.2,10.0,4.42,4.26,7.32,4.64,2.51,3.48,3.74,3.81,ES,4.98,25,619,45.82,29.63,15.49,82,-0.71,90.35,6.36,37.53,30.83,25.13,34.81,37.42,38.08,ES,zaragoza es,680,450,Zaragoza,ES,0.356,0.282,62.6,79,50.6,25,64.2,53,ES,196,162,Zaragoza,Spain,15.5,225,423,474,29.6,0,229,301,es
40,HR001C1,Zagreb,metropolitan,dwellings/ha,6.86,7.33,4.78,7.7,5.38,2.88,0.53,6.49,0.65,4.51,2.91,4.73,5.54,HR,4.95,26,636,68.57,18.6,17.12,77,0.65,87.73,0.1,29.51,12.2,45.1,29.07,47.34,55.36,HR,zagreb hr,366,485,Zagreb,HR,0.597,0.526,52.7,143,53.8,25,46.9,58,HR,106,571,Zagreb,Croatia,17.1,384,643,708,18.6,0,135,234,hr
41,DE013C1,Hannover,metropolitan,dwellings/ha,5.27,5.24,6.78,8.6,6.15,5.53,2.63,7.78,3.63,1.61,2.91,4.39,3.82,DE,4.93,27,640,52.72,25.34,12.47,86,0.42,92.23,2.41,42.37,24.49,16.09,29.07,43.89,38.23,DE,hannover de,266,356,Hannover,DE,0.547,0.554,56.1,109,28.2,25,63.7,46,DE,493,192,Hannover,Germany,12.5,86,257,300,25.3,0,152,214,de
43,PL005C1,Poznan,metropolitan,dwellings/ha,5.69,5.56,5.0,8.0,6.1,5.58,1.98,8.43,1.55,2.76,3.24,4.47,4.43,PL,4.88,29,666,56.94,24.3,16.6,80,0.43,92.32,1.38,49.8,15.09,27.62,32.37,44.69,44.29,PL,poznan pl,488,446,Poznan,PL,0.509,0.489,55.3,84,36.6,25,58.4,41,PL,115,215,Poznan,Poland,16.6,243,420,465,24.2,0,151,217,pl
45,FR004C2,Toulouse,metropolitan,dwellings/ha,5.78,6.8,6.82,7.5,5.48,7.05,4.26,5.62,0.54,2.42,3.16,2.35,4.38,FR,4.86,31,675,57.82,20.29,12.37,75,0.62,94.82,6.36,22.1,11.89,24.16,31.63,23.47,43.83,FR,toulouse fr,263,256,Toulouse,FR,0.509,0.52,76.5,112,34.1,25,76.9,52,FR,651,753,Toulouse,France,12.4,65,198,232,20.3,0,80,130,fr
46,FR007C1,Bordeaux,metropolitan,dwellings/ha,6.39,6.68,6.67,8.1,3.08,8.48,3.89,5.27,0.84,1.49,4.03,2.18,4.4,FR,4.85,32,678,63.92,20.68,12.73,81,1.32,97.24,5.3,19.4,12.76,14.9,40.34,21.82,44.03,FR,bordeaux fr,89,228,Bordeaux,FR,0.491,0.494,78.2,172,29.4,25,77.5,61,FR,591,662,Bordeaux,France,12.7,92,257,299,20.7,0,103,164,fr
49,FR003C2,Lyon,metropolitan,dwellings/ha,6.2,3.1,6.07,8.4,6.21,7.79,3.14,5.85,2.42,1.85,3.65,2.08,4.19,FR,4.79,33,714,61.96,32.22,14.11,84,0.4,96.06,3.46,23.97,18.52,18.48,36.54,20.8,41.9,FR,lyon fr,11,187,Lyon,FR,0.511,0.532,79.2,405,29.1,25,80.8,108,FR,395,35,Lyon,France,14.1,228,497,566,32.2,7,346,443,fr
50,DE009C1,Dresden,metropolitan,dwellings/ha,6.25,5.4,6.14,7.9,4.03,3.19,1.87,7.77,2.18,1.97,3.39,4.43,4.99,DE,4.74,34,734,62.49,24.8,13.95,79,1.04,88.27,1.22,42.25,17.49,19.7,33.93,44.33,49.92,DE,dresden de,475,578,Dresden,DE,0.574,0.538,55.7,91,39.9,25,53.3,37,DE,305,313,Dresden,Germany,13.9,138,307,350,24.8,0,147,209,de
52,FR205C2,Nice,metropolitan,dwellings/ha,7.24,5.33,6.6,7.9,0.0,5.34,2.22,4.1,0.82,4.45,3.89,4.17,5.09,FR,4.72,36,749,72.4,25.02,12.89,79,2.23,91.92,1.72,11.79,12.69,44.55,38.92,41.66,50.93,FR,nice fr,83,385,Nice,FR,0.539,0.491,58.3,162,45.5,25,55.7,47,FR,405,123,Nice,France,12.9,108,289,335,25.0,2,158,224,fr
53,DE010C1,Dortmund,metropolitan,dwellings/ha,5.55,3.1,6.28,6.4,6.7,3.27,2.59,8.39,2.14,3.33,3.61,5.28,4.41,DE,4.72,36,750,55.48,32.21,13.63,64,0.26,88.4,2.34,49.22,17.34,33.31,36.14,52.75,44.07,DE,dortmund de,468,502,Dortmund,DE,0.614,0.597,47.2,102,37.0,25,53.9,46,DE,223,29,Dortmund,Germany,13.6,166,388,444,32.2,3,285,365,de
54,FR203C1,Marseille,metropolitan,dwellings/ha,5.73,4.53,6.74,8.5,4.09,9.06,1.98,5.13,2.41,2.21,3.68,2.79,3.42,FR,4.7,37,757,57.26,27.62,12.55,85,1.03,98.22,1.38,18.45,18.46,22.11,36.8,27.92,34.25,FR,marseille fr,68,166,Marseille,FR,0.412,0.415,72.0,278,32.8,25,75.8,102,FR,541,37,Marseille,France,12.6,146,425,496,27.6,7,284,384,fr
55,IT005C1,Palermo,metropolitan,dwellings/ha,4.98,5.69,6.15,9.0,5.68,9.18,2.2,2.49,4.67,2.59,3.69,2.27,2.54,IT,4.7,37,758,49.83,23.89,13.92,90,0.56,98.43,1.69,4.34,31.07,25.92,36.94,22.67,25.41,IT,palermo it,67,260,Palermo,IT,0.358,0.347,77.3,182,34.5,25,70.2,59,IT,296,338,Palermo,Italy,13.9,154,344,393,23.9,0,155,226,it
59,FR008C1,Nantes,metropolitan,dwellings/ha,6.42,6.64,6.82,6.8,4.92,4.74,2.83,5.69,0.0,2.17,2.93,3.13,4.57,FR,4.63,41,791,64.2,20.81,12.37,68,0.78,90.89,2.81,22.63,10.43,21.67,29.32,31.31,45.66,FR,nantes fr,172,340,Nantes,FR,0.576,0.544,68.7,113,43.0,25,67.3,41,FR,611,634,Nantes,France,12.4,64,196,229,20.8,0,83,132,fr
60,PL004C1,Wroclaw,metropolitan,dwellings/ha,4.55,5.53,3.92,6.4,5.68,4.09,2.81,9.61,2.14,2.43,3.64,4.37,4.61,PL,4.54,42,817,45.52,24.39,19.11,64,0.56,89.79,2.77,64.7,17.34,24.33,36.37,43.7,46.09,PL,wroclaw pl,222,462,Wroclaw,PL,0.549,0.525,56.3,134,40.7,25,54.1,47,PL,59,211,Wroclaw,Poland,19.1,388,591,643,24.3,0,177,254,pl
61,DE012C1,Bremen,metropolitan,dwellings/ha,4.76,5.34,6.76,6.6,6.2,3.64,3.24,7.37,2.7,2.2,2.64,3.25,4.06,DE,4.51,43,827,47.58,25.0,12.52,66,0.4,89.04,3.68,38.0,19.74,22.04,26.39,32.49,40.63,DE,bremen de,50,122,Bremen,DE,0.581,0.601,67.5,185,28.5,25,75.3,68,DE,436,146,Bremen,Germany,12.5,102,299,349,25.0,1,172,244,de
62,FR009C1,Lille,metropolitan,dwellings/ha,5.34,3.43,6.1,7.8,5.05,6.21,2.79,5.17,1.59,2.56,3.1,2.48,4.04,FR,4.38,44,855,53.38,31.17,14.04,78,0.74,93.38,2.73,18.69,15.23,25.63,31.05,24.76,40.35,FR,lille fr,113,121,Lille,FR,0.534,0.536,75.2,223,36.5,25,77.2,96,FR,326,44,Lille,France,14.0,199,438,499,31.2,4,294,380,fr
66,UK007C1,Edinburgh,medium,dwellings/ha,6.53,7.13,8.77,9.3,6.86,8.55,3.09,6.37,3.91,2.56,5.31,3.83,5.81,UK,6.1,3,23,65.31,19.22,7.57,93,0.18,91.94,3.33,28.42,19.35,25.6,53.12,38.28,58.07,UK,edinburgh uk,318,384,Edinburgh,UK,0.57,0.558,61.7,80,31.8,25,70.1,35,UK,821,632,Edinburgh,United Kingdom,7.6,0,69,103,19.2,0,70,119,uk
72,UK516C1,Plymouth,medium,dwellings/ha,7.09,7.32,8.3,7.0,6.52,8.51,2.95,6.08,3.78,2.91,5.61,3.83,5.67,UK,5.96,8,55,70.86,18.61,8.55,70,0.27,91.7,3.04,25.9,18.52,29.1,56.07,38.33,56.67,UK,plymouth uk,91,294,Plymouth,UK,0.56,0.578,61.6,66,24.5,25,70.7,22,UK,787,651,Plymouth,United Kingdom,8.6,0,55,74,18.6,0,38,66,uk
74,UK528C1,Northampton,medium,dwellings/ha,7.04,6.34,8.5,9.4,6.81,8.89,3.85,5.17,3.53,3.05,2.16,4.25,5.43,UK,5.94,9,65,70.36,21.75,8.13,94,0.2,93.86,5.19,18.68,17.08,30.46,21.58,42.52,54.29,UK,northampton uk,504,517,Northampton,UK,0.573,0.574,57.5,29,27.3,25,65.9,13,UK,818,501,Northampton,United Kingdom,8.1,0,35,50,21.8,0,38,58,uk
78,UK011C1,Bristol,medium,dwellings/ha,7.29,5.32,7.4,9.4,6.31,9.26,3.02,5.82,4.27,2.25,5.04,2.99,5.59,UK,5.87,12,84,72.88,25.02,10.43,94,0.33,95.87,3.18,23.69,21.78,22.48,50.36,29.95,55.91,UK,bristol uk,132,188,Bristol,UK,0.541,0.563,70.1,88,22.4,25,77.2,36,UK,702,332,Bristol,United Kingdom,10.4,10,111,137,25.0,0,88,125,uk
80,IT009C1,Bologna,medium,dwellings/ha,8.31,2.6,3.31,8.8,6.87,9.61,5.42,5.67,4.64,3.11,4.93,2.5,6.73,IT,5.87,12,86,83.06,33.75,18.95,88,0.18,97.83,10.26,22.5,24.61,31.11,49.35,24.95,67.3,IT,bologna it,49,114,Bologna,IT,0.5,0.485,75.0,144,39.4,25,76.5,53,IT,73,54,Bologna,Italy,19.0,267,410,446,33.7,1,202,255,it
82,ES022C1,Vigo,medium,dwellings/ha,7.58,6.46,6.49,8.4,5.68,8.61,1.45,7.04,3.02,5.01,4.34,4.63,4.78,ES,5.83,14,98,75.76,21.37,12.32,84,0.49,92.3,0.73,34.73,14.39,50.11,43.38,46.28,47.77,ES,vigo es,192,625,Vigo,ES,0.556,0.522,53.7,61,38.8,25,54.8,17,ES,606,586,Vigo,Spain,12.3,37,111,130,21.4,0,50,78,es
85,UK009C1,Cardiff,medium,dwellings/ha,7.32,5.98,7.8,9.4,5.45,8.8,3.46,5.69,3.89,2.37,2.21,3.61,5.7,UK,5.78,17,112,73.2,22.91,9.59,94,0.56,93.32,4.2,22.7,19.22,23.66,22.11,36.1,56.97,UK,cardiff uk,75,362,Cardiff,UK,0.551,0.563,63.9,86,31.5,25,71.1,25,UK,745,449,Cardiff,United Kingdom,9.6,2,81,104,22.9,0,65,97,uk
88,UK518C1,Derby,medium,dwellings/ha,6.89,5.89,7.63,7.5,6.96,9.07,3.47,5.67,3.91,1.87,5.08,3.19,5.62,UK,5.75,19,127,68.9,23.18,9.95,75,0.16,94.81,4.22,22.52,19.37,18.66,50.83,31.91,56.19,UK,derby uk,151,80,Derby,UK,0.572,0.599,68.1,56,21.2,25,77.3,28,UK,714,356,Derby,United Kingdom,10.0,2,72,91,23.2,0,55,82,uk
89,UK025C1,Coventry,medium,dwellings/ha,6.63,4.89,8.04,9.5,5.87,8.9,2.52,5.95,3.7,2.44,5.46,3.61,5.37,UK,5.73,20,130,66.3,26.39,9.09,95,0.44,93.9,2.23,24.82,18.03,24.37,54.6,36.06,53.71,UK,coventry uk,227,280,Coventry,UK,0.561,0.563,63.9,56,28.8,25,71.2,24,UK,764,213,Coventry,United Kingdom,9.1,0,68,89,26.4,0,77,107,uk
96,UK532C1,Luton,medium,dwellings/ha,7.44,5.77,7.98,9.9,5.83,9.51,2.78,4.54,4.59,2.33,2.69,2.36,4.65,UK,5.65,25,157,74.42,23.57,9.22,99,0.45,97.25,2.7,14.43,24.19,23.3,26.94,23.61,46.53,UK,luton uk,211,62,Luton,UK,0.534,0.572,76.4,31,17.3,25,82.3,18,UK,771,400,Luton,United Kingdom,9.2,0,36,47,23.6,0,33,49,uk
99,ES009C1,Valladolid,medium,dwellings/ha,5.96,5.53,6.6,8.6,6.92,8.09,5.01,6.35,5.1,2.66,3.83,3.67,4.65,ES,5.61,27,175,59.56,24.34,12.11,86,0.17,89.4,8.8,28.2,28.59,26.57,38.25,36.67,46.49,ES,valladolid es,615,376,Valladolid,ES,0.335,0.308,63.3,42,38.0,25,67.6,27,ES,596,335,Valladolid,Spain,12.1,42,139,164,24.3,0,81,116,es
101,UK533C1,York,medium,dwellings/ha,6.15,6.64,7.78,7.7,6.26,8.0,4.12,5.75,3.27,2.92,3.79,3.73,5.34,UK,5.6,28,181,61.47,20.8,9.63,77,0.34,88.92,5.94,23.15,15.66,29.2,37.92,37.33,53.39,UK,york uk,356,212,York,UK,0.614,0.606,62.7,35,36.0,25,65.3,19,UK,748,567,York,United Kingdom,9.6,0,53,68,20.8,0,36,56,uk
103,UK016C1,Aberdeen,medium,dwellings/ha,5.86,7.46,9.18,7.7,6.87,7.5,2.53,6.1,2.98,2.59,5.01,3.18,4.99,UK,5.59,29,190,58.56,18.14,6.7,77,0.18,86.14,2.25,26.09,14.2,25.87,50.09,31.84,49.87,UK,aberdeen uk,123,169,Aberdeen,UK,0.563,0.559,68.2,53,37.3,25,69.3,22,UK,836,643,Aberdeen,United Kingdom,6.7,0,23,41,18.1,0,32,57,uk
105,UK531C1,Warrington,medium,dwellings/ha,6.3,5.48,7.59,7.4,6.44,7.95,3.87,7.0,2.98,3.67,4.07,3.98,5.0,UK,5.58,30,197,62.97,24.51,10.03,74,0.29,88.6,5.23,34.33,14.17,36.68,40.73,39.83,50.04,UK,warrington uk,259,179,Warrington,UK,0.604,0.606,60.2,38,31.4,25,65.7,19,UK,706,252,Warrington,United Kingdom,10.0,2,62,77,24.5,0,51,73,uk
108,UK535C1,Swindon,medium,dwellings/ha,4.94,7.18,7.95,8.5,5.87,8.81,4.59,5.51,3.53,2.68,4.6,3.13,5.24,UK,5.56,32,208,49.38,19.05,9.28,85,0.44,93.4,7.37,21.22,17.07,26.8,45.96,31.29,52.4,UK,swindon uk,316,71,Swindon,UK,0.586,0.593,68.7,35,27.2,25,78.0,23,UK,761,660,Swindon,United Kingdom,9.3,0,48,63,19.1,0,29,50,uk
110,UK513C1,Medway,medium,dwellings/ha,6.72,5.76,7.38,7.7,5.99,8.61,2.54,5.14,3.86,2.55,4.7,3.37,5.27,UK,5.53,34,223,67.17,23.6,10.46,77,0.41,92.3,2.27,18.49,19.03,25.49,47.02,33.69,52.73,UK,medway uk,303,100,Medway,UK,0.567,0.577,66.3,42,27.7,25,73.5,26,UK,687,311,Medway,United Kingdom,10.5,7,78,96,23.6,0,56,81,uk
115,DE017C1,Bielefeld,medium,dwellings/ha,6.43,6.04,6.33,6.8,6.15,6.37,3.99,7.23,2.54,3.38,3.25,5.57,5.76,DE,5.51,36,240,64.27,22.71,12.65,68,0.37,79.85,5.58,36.59,12.24,33.75,32.53,55.74,57.57,DE,bielefeld de,580,728,Bielefeld,DE,0.617,0.582,44.3,48,45.7,25,44.1,18,DE,447,331,Bielefeld,Germany,12.6,61,174,202,22.7,0,84,125,de
116,PT501C1,Sintra,medium,dwellings/ha,8.1,6.05,6.9,7.3,5.21,8.73,2.19,4.47,2.08,3.53,3.52,3.21,5.56,PT,5.51,36,241,81.03,22.66,11.46,73,0.62,92.93,1.68,13.99,10.43,35.25,35.16,32.09,55.57,PT,sintra pt,431,629,Sintra,PT,0.462,0.382,67.9,54,54.1,25,53.3,20,PT,680,574,Sintra,Portugal,11.1,26,108,129,22.7,0,63,94,pt
123,DE015C1,Bochum,medium,dwellings/ha,6.48,2.72,5.87,8.0,6.08,8.38,1.45,8.12,3.5,3.18,3.55,4.84,6.22,DE,5.48,38,266,64.83,33.35,13.62,80,0.39,91.01,0.73,46.18,16.89,31.84,35.54,48.42,62.18,DE,bochum de,458,507,Bochum,DE,0.598,0.584,51.6,67,33.2,25,58.6,29,DE,238,23,Bochum,Germany,13.6,106,248,284,33.4,3,191,242,de
124,UK501C1,Kirklees,medium,dwellings/ha,5.94,6.09,8.07,5.6,6.3,6.13,2.11,5.34,2.26,5.19,4.82,6.31,5.31,UK,5.47,39,272,59.43,22.56,9.03,56,0.33,78.52,1.56,19.94,11.12,51.92,48.22,63.05,53.1,UK,kirklees uk,749,814,Kirklees,UK,0.656,0.579,36.9,37,50.9,25,39.0,14,UK,763,377,Kirklees,United Kingdom,9.0,0,99,130,22.6,0,88,132,uk
126,PL025C1,Radom,medium,dwellings/ha,6.08,6.7,1.77,8.7,6.31,8.01,2.69,8.27,2.22,3.86,3.15,5.13,6.01,PL,5.45,41,293,60.76,20.6,22.17,87,0.33,88.98,2.53,47.91,10.97,38.63,31.47,51.32,60.11,PL,radom pl,621,525,Radom,PL,0.556,0.505,48.7,25,47.4,25,47.9,14,PL,16,325,Radom,Poland,22.2,177,246,263,20.6,0,46,73,pl
127,DE034C1,Bonn,medium,dwellings/ha,6.21,3.91,6.22,9.1,6.72,8.5,1.62,7.89,3.93,2.42,4.35,3.37,5.17,DE,5.44,42,297,62.14,29.54,12.9,91,0.22,91.64,0.91,43.54,19.51,24.17,43.47,33.72,51.67,DE,bonn de,469,292,Bonn,DE,0.578,0.58,66.3,49,28.9,25,69.4,27,DE,482,86,Bonn,Germany,12.9,53,142,164,29.5,1,100,132,de
130,NL011C1,Almere,medium,dwellings/ha,5.58,4.95,6.47,7.4,5.81,7.77,6.72,7.42,4.2,3.33,1.33,3.91,5.32,NL,5.43,43,304,55.8,26.2,12.36,74,0.46,87.62,15.81,38.49,21.33,33.29,13.28,39.09,53.23,NL,almere nl,737,733,Almere,NL,0.536,0.527,60.9,12,29.7,25,62.5,6,NL,654,483,Almere,Netherlands,12.4,14,42,49,26.2,0,27,37,nl
132,ES013C1,Oviedo,medium,dwellings/ha,6.94,5.36,5.25,8.2,3.24,7.64,1.42,7.01,4.51,3.77,3.9,3.6,6.06,ES,5.41,45,317,69.38,24.89,14.91,82,1.13,86.89,0.71,34.36,23.58,37.71,39.02,36.0,60.6,ES,oviedo es,102,490,Oviedo,ES,0.594,0.49,64.0,67,62.7,25,61.4,18,ES,245,360,Oviedo,Spain,14.9,71,141,159,24.9,0,62,87,es
133,PL009C1,Lublin,medium,dwellings/ha,6.14,5.81,2.46,8.7,5.75,7.95,3.47,9.05,3.09,3.36,3.28,4.94,5.45,PL,5.41,45,318,61.4,23.43,20.73,87,0.48,88.62,4.21,57.33,14.74,33.58,32.82,49.41,54.5,PL,lublin pl,723,717,Lublin,PL,0.531,0.504,50.6,32,43.5,25,48.8,16,PL,34,251,Lublin,Poland,20.7,223,321,346,23.4,0,81,119,pl
134,BG002C1,Plovdiv,medium,dwellings/ha,6.09,6.75,5.79,9.1,6.25,9.34,3.47,5.09,5.74,1.75,3.77,2.52,3.99,BG,5.4,46,322,60.9,20.43,13.79,91,0.34,96.31,4.22,18.11,35.2,17.5,37.67,25.23,39.86,BG,plovdiv bg,237,48,Plovdiv,BG,0.439,0.446,74.8,74,30.8,25,75.3,47,BG,224,412,Plovdiv,Bulgaria,13.8,96,218,250,20.4,0,76,121,bg
135,UK510C1,Sunderland,medium,dwellings/ha,6.24,6.76,8.57,6.2,7.1,7.66,2.96,4.87,3.07,2.64,5.47,3.46,4.28,UK,5.38,47,336,62.43,20.41,7.99,62,0.12,87.01,3.07,16.62,14.61,26.4,54.75,34.57,42.77,UK,sunderland uk,103,120,Sunderland,UK,0.568,0.586,65.4,71,26.7,25,69.9,30,UK,794,401,Sunderland,United Kingdom,8.0,0,56,81,20.4,0,56,90,uk
137,FR010C1,Montpellier,medium,dwellings/ha,6.83,5.41,6.64,6.6,5.9,9.2,4.01,5.72,2.7,2.53,2.68,3.22,5.52,FR,5.37,48,346,68.25,24.74,12.01,66,0.44,95.56,5.63,22.91,12.89,25.34,26.83,32.18,55.22,FR,montpellier fr,676,429,Montpellier,FR,0.443,0.418,67.8,41,39.7,25,68.3,28,FR,667,506,Montpellier,France,12.0,35,119,141,24.7,0,72,103,fr
139,PL011C1,Bialystok,medium,dwellings/ha,6.07,5.65,4.52,8.9,6.05,8.57,2.69,8.4,3.59,2.42,3.76,4.23,4.47,PL,5.35,49,367,60.74,23.97,16.44,89,0.4,92.08,2.54,49.44,17.38,24.16,37.55,42.25,44.66,PL,bialystok pl,682,374,Bialystok,PL,0.496,0.467,57.7,31,34.0,25,61.3,23,PL,124,206,Bialystok,Poland,16.4,118,206,228,23.9,0,73,106,pl
140,FR026C2,Grenoble,medium,dwellings/ha,7.3,5.9,6.12,8.2,0.0,9.05,3.9,7.14,3.46,2.41,3.99,2.56,6.0,FR,5.31,50,391,72.98,23.17,13.09,82,1.98,94.71,5.32,35.69,16.67,24.13,39.86,25.64,59.98,FR,grenoble fr,99,335,Grenoble,FR,0.54,0.521,74.4,85,42.4,25,73.2,27,FR,566,531,Grenoble,France,13.1,51,130,150,23.2,0,61,91,fr
141,AT002C1,Graz,medium,dwellings/ha,6.21,5.09,5.77,9.2,3.23,9.03,4.2,7.54,3.11,2.44,4.0,2.71,5.35,AT,5.3,51,396,62.11,25.77,13.83,92,1.14,94.6,6.17,39.84,14.81,24.38,39.99,27.15,53.5,AT,graz at,111,237,Graz,AT,0.554,0.532,72.9,69,35.9,25,75.3,25,AT,352,274,Graz,Austria,13.8,59,133,152,25.8,0,69,96,at
142,PL008C1,Bydgoszcz,medium,dwellings/ha,5.43,5.67,4.77,7.6,4.73,9.26,3.44,8.55,3.9,2.23,3.58,4.88,4.81,PL,5.28,52,418,54.33,23.91,15.91,76,0.74,95.89,4.14,51.21,19.32,22.33,35.83,48.77,48.1,PL,bydgoszcz pl,752,533,Bydgoszcz,PL,0.464,0.427,51.2,30,37.9,25,58.0,22,PL,142,255,Bydgoszcz,Poland,15.9,125,226,252,23.8,0,84,122,pl
143,PL501C1,Gdynia,medium,dwellings/ha,4.96,7.48,7.17,8.5,5.37,7.73,1.6,8.57,3.52,3.09,0.82,5.29,4.23,PL,5.27,53,426,49.55,18.08,10.9,85,0.57,87.4,0.89,51.37,17.01,30.9,8.18,52.88,42.28,PL,gdynia pl,534,600,Gdynia,PL,0.538,0.495,47.1,36,44.6,25,47.6,15,PL,658,618,Gdynia,Poland,10.9,15,97,118,18.1,0,39,69,pl
144,UK519C1,Barnsley,medium,dwellings/ha,6.27,6.28,7.92,2.2,6.23,6.99,1.84,5.41,2.17,4.59,4.5,6.75,5.1,UK,5.26,54,431,62.72,21.92,9.35,22,0.35,83.32,1.19,20.47,10.79,45.91,44.96,67.46,50.98,UK,barnsley uk,808,809,Barnsley,UK,0.655,0.584,32.5,17,49.7,25,35.5,9,UK,722,339,Barnsley,United Kingdom,9.3,0,68,88,21.9,0,54,82,uk
145,DE506C1,Braunschweig,medium,dwellings/ha,5.53,6.29,6.37,6.6,5.81,7.17,2.94,8.48,3.3,2.79,2.83,5.85,4.42,DE,5.26,54,432,55.34,21.9,12.57,66,0.46,84.31,3.03,50.32,15.81,27.95,28.26,58.51,44.15,DE,braunschweig de,544,703,Braunschweig,DE,0.575,0.538,41.5,39,40.4,25,46.1,15,DE,440,286,Braunschweig,Germany,12.6,47,135,157,21.9,0,61,94,de
147,SK001C1,Bratislava,medium,dwellings/ha,5.28,6.02,4.12,7.7,6.8,8.75,2.46,9.07,2.95,3.63,3.69,3.88,4.49,SK,5.25,55,437,52.77,22.76,17.28,77,0.2,93.05,2.12,57.59,14.06,36.3,36.87,38.79,44.88,SK,bratislava sk,314,435,Bratislava,SK,0.514,0.506,61.2,68,32.9,25,63.3,28,SK,98,239,Bratislava,Slovakia,17.3,181,300,331,22.7,0,92,137,sk
150,FR020C2,Dijon,medium,dwellings/ha,5.61,6.3,6.36,8.5,6.88,9.2,3.02,5.74,3.23,1.73,3.74,2.85,4.32,FR,5.23,57,453,56.06,21.88,12.6,85,0.18,95.57,3.2,23.09,15.45,17.33,37.42,28.46,43.18,FR,dijon fr,306,194,Dijon,FR,0.484,0.482,71.5,42,34.3,25,75.1,22,FR,585,566,Dijon,France,12.6,32,92,107,21.9,0,41,63,fr
151,BG003C1,Varna,medium,dwellings/ha,6.37,8.34,6.28,7.9,4.31,8.51,3.08,4.85,4.02,2.3,1.7,2.66,4.88,BG,5.23,57,454,63.72,15.32,12.77,79,0.85,91.71,3.32,16.48,20.06,23.03,17.0,26.6,48.76,BG,varna bg,21,69,Varna,BG,0.537,0.539,73.4,102,33.2,25,75.1,36,BG,356,764,Varna,Bulgaria,12.8,58,159,185,15.2,0,33,70,bg
152,SE006C1,Uppsala,medium,dwellings/ha,4.01,9.23,9.52,6.5,5.84,3.66,6.96,6.44,1.37,5.63,2.32,5.45,3.76,SE,5.23,57,455,40.11,12.46,6.0,65,0.45,64.81,16.97,29.0,8.15,56.29,23.18,54.52,37.56,SE,uppsala se,646,819,Uppsala,SE,0.602,0.52,45.5,23,75.4,25,33.8,7,SE,853,846,Uppsala,Sweden,6.0,0,11,24,12.5,0,10,27,se
153,UK503C1,Wakefield,medium,dwellings/ha,6.04,6.07,7.89,1.9,6.83,7.16,2.19,5.65,2.04,4.1,4.49,6.69,5.07,UK,5.22,58,459,60.44,22.59,9.39,19,0.19,84.23,1.67,22.37,10.3,40.99,44.94,66.93,50.67,UK,wakefield uk,798,738,Wakefield,UK,0.622,0.557,33.1,25,47.5,25,43.0,16,UK,720,305,Wakefield,United Kingdom,9.4,0,94,121,22.6,0,77,115,uk
154,FR016C1,Nancy,medium,dwellings/ha,6.98,4.24,6.26,8.6,6.48,9.15,1.9,6.65,3.45,2.4,4.59,2.94,3.43,FR,5.22,58,460,69.77,28.48,12.81,86,0.29,95.27,1.26,30.92,16.59,23.96,45.87,29.41,34.35,FR,nancy fr,109,244,Nancy,FR,0.529,0.527,70.6,58,32.0,25,71.3,20,FR,532,193,Nancy,France,12.8,35,95,111,28.5,0,65,87,fr
155,PL007C1,Szczecin,medium,dwellings/ha,4.89,6.8,6.36,8.2,5.02,7.3,2.83,9.02,3.42,3.01,3.6,5.06,3.89,PL,5.22,58,461,48.91,20.28,12.59,82,0.67,85.01,2.8,56.98,16.45,30.15,36.0,50.63,38.86,PL,szczecin pl,319,577,Szczecin,PL,0.563,0.52,49.4,75,42.2,25,48.3,26,PL,380,417,Szczecin,Poland,12.6,73,210,245,20.2,0,82,133,pl
156,UK517C1,Swansea,medium,dwellings/ha,5.74,7.87,7.98,5.4,5.64,7.13,2.91,4.18,2.44,3.73,4.61,5.0,4.21,UK,5.21,59,466,57.36,16.84,9.23,54,0.5,84.07,2.96,12.26,11.81,37.3,46.08,50.03,42.12,UK,swansea uk,423,475,Swansea,UK,0.633,0.591,50.0,41,46.5,25,56.5,18,UK,733,709,Swansea,United Kingdom,9.2,1,70,91,16.8,0,33,63,uk
158,UK514C1,Rotherham,medium,dwellings/ha,6.22,5.89,7.74,2.0,6.48,7.77,1.56,5.33,2.53,3.78,4.69,6.19,5.13,UK,5.2,60,470,62.21,23.19,9.72,20,0.29,87.62,0.85,19.92,12.19,37.76,46.92,61.87,51.27,UK,rotherham uk,828,781,Rotherham,UK,0.627,0.571,38.1,16,46.1,25,41.5,11,UK,708,285,Rotherham,United Kingdom,9.7,1,80,102,23.2,0,64,95,uk
160,DE546C1,Wuppertal,medium,dwellings/ha,6.67,3.26,6.39,8.0,4.67,6.41,0.8,7.06,3.6,2.93,4.14,4.52,5.86,DE,5.2,60,472,66.65,31.64,12.53,80,0.76,80.1,0.22,34.93,17.46,29.35,41.43,45.2,58.62,DE,wuppertal de,214,397,Wuppertal,DE,0.617,0.6,54.8,82,39.8,25,56.6,31,DE,399,32,Wuppertal,Germany,12.5,67,197,229,31.6,2,161,207,de
161,DE033C1,Augsburg,medium,dwellings/ha,5.56,5.6,6.25,8.0,4.03,8.88,1.87,8.57,4.67,1.82,3.52,4.08,4.42,DE,5.19,61,476,55.55,24.12,12.82,80,0.93,93.8,1.22,51.38,24.88,18.24,35.25,40.78,44.18,DE,augsburg de,329,268,Augsburg,DE,0.514,0.507,59.2,55,30.1,25,67.4,28,DE,408,258,Augsburg,Germany,12.8,55,150,174,24.1,0,78,113,de
162,CZ002C1,Brno,medium,dwellings/ha,5.66,6.01,4.22,7.4,4.96,8.79,2.06,9.15,3.71,2.65,3.59,3.49,5.07,CZ,5.18,62,480,56.65,22.8,17.06,74,0.68,93.27,1.49,58.66,18.12,26.48,35.9,34.87,50.68,CZ,brno cz,154,324,Brno,CZ,0.53,0.511,65.1,93,39.1,25,62.7,34,CZ,104,298,Brno,Czech Republic,17.1,185,311,343,22.8,0,97,145,cz
163,DE032C1,Erfurt,medium,dwellings/ha,4.82,6.19,6.3,7.0,6.17,8.14,2.65,7.71,3.37,2.63,2.7,5.56,4.41,DE,5.18,62,481,48.23,22.22,12.72,70,0.37,89.67,2.46,41.58,16.16,26.26,26.99,55.57,44.11,DE,erfurt de,543,746,Erfurt,DE,0.542,0.492,44.4,31,47.5,25,42.4,11,DE,419,355,Erfurt,Germany,12.7,39,110,128,22.2,0,50,76,de
164,DE507C1,Aachen,medium,dwellings/ha,6.21,4.58,6.29,7.5,4.42,7.62,2.65,6.96,3.54,2.56,3.84,4.51,5.09,DE,5.18,62,482,62.06,27.38,12.74,75,0.83,86.81,2.46,33.87,17.13,25.59,38.4,45.12,50.86,DE,aachen de,212,532,Aachen,DE,0.616,0.581,54.9,50,43.9,25,56.7,16,DE,489,201,Aachen,Germany,12.7,39,109,127,27.4,0,70,96,de
166,FR017C2,Metz,medium,dwellings/ha,6.32,4.53,6.32,7.6,5.57,8.33,2.47,6.45,2.27,3.34,2.97,4.22,4.72,FR,5.16,63,495,63.22,27.55,12.68,76,0.52,90.71,2.14,29.12,11.16,33.39,29.69,42.22,47.23,FR,metz fr,220,496,Metz,FR,0.579,0.537,57.8,40,44.7,25,56.8,13,FR,521,118,Metz,France,12.7,30,84,98,27.6,0,55,75,fr
169,FR032C2,Toulon,medium,dwellings/ha,7.09,6.67,6.63,7.0,6.91,8.71,2.52,3.78,1.98,3.62,3.15,3.78,3.09,FR,5.14,65,505,70.94,20.69,12.03,70,0.17,92.85,2.23,9.98,10.08,36.22,31.5,37.84,30.88,FR,toulon fr,401,202,Toulon,FR,0.45,0.43,61.9,79,37.1,25,65.5,46,FR,564,452,Toulon,France,12.0,60,204,241,20.7,0,90,143,fr
171,DE035C1,Karlsruhe,medium,dwellings/ha,5.42,4.29,6.05,7.2,4.9,8.38,2.75,7.9,4.38,2.73,3.12,4.59,4.65,DE,5.13,66,509,54.16,28.32,13.25,72,0.7,91.01,2.66,43.69,22.6,27.28,31.15,45.85,46.54,DE,karlsruhe de,515,596,Karlsruhe,DE,0.556,0.538,54.1,47,36.7,25,56.8,20,DE,398,64,Karlsruhe,Germany,13.2,62,154,177,28.3,1,98,132,de
172,SI001C1,Ljubljana,medium,dwellings/ha,6.46,6.76,1.9,7.4,4.86,7.5,2.4,6.63,2.87,3.58,2.61,5.1,5.61,SI,5.13,66,510,64.6,20.4,21.9,74,0.71,86.11,2.02,30.75,13.65,35.84,26.11,51.03,56.12,SI,ljubljana si,561,590,Ljubljana,SI,0.58,0.514,49.0,34,48.4,25,52.4,16,SI,54,607,Ljubljana,Slovenia,21.9,161,225,242,20.3,0,41,66,si
174,NO002C1,Bergen,medium,dwellings/ha,4.86,8.45,9.35,4.0,5.43,4.17,5.14,6.41,1.83,6.02,3.75,4.8,3.91,NO,5.13,66,512,48.55,14.99,6.36,40,0.56,67.66,9.24,28.74,9.56,60.2,37.5,47.99,39.13,NO,bergen no,599,740,Bergen,NO,0.581,0.55,51.4,29,44.7,25,51.7,11,NO,848,832,Bergen,Norway,6.4,0,17,32,15.0,0,18,40,no
175,DE037C1,Mainz,medium,dwellings/ha,4.7,3.58,6.18,8.4,7.08,8.64,1.55,8.49,4.88,2.86,4.07,3.38,3.92,DE,5.12,67,516,47.04,30.6,12.97,84,0.13,92.47,0.84,50.45,26.59,28.59,40.72,33.8,39.17,DE,mainz de,381,508,Mainz,DE,0.501,0.52,66.2,36,29.7,25,60.8,15,DE,472,113,Mainz,Germany,13.0,36,96,111,30.6,0,71,92,de
176,DE039C1,Kiel,medium,dwellings/ha,5.61,5.16,6.63,5.9,6.68,7.53,1.62,8.21,3.83,3.12,3.68,4.23,4.21,DE,5.12,67,517,56.13,25.53,12.04,59,0.23,86.31,0.92,47.14,18.84,31.16,36.85,42.34,42.07,DE,kiel de,162,541,Kiel,DE,0.612,0.607,57.7,56,36.7,25,57.0,16,DE,554,167,Kiel,Germany,12.0,32,108,128,25.5,0,68,96,de
177,IT008C1,Bari,medium,dwellings/ha,4.02,4.94,5.16,7.1,9.65,9.53,2.47,4.05,5.07,3.76,3.83,2.27,4.56,IT,5.11,68,526,40.21,26.24,15.11,71,-0.55,97.37,2.14,11.5,28.38,37.61,38.34,22.66,45.62,IT,bari it,78,200,Bari,IT,0.317,0.325,77.3,90,34.2,25,70.5,32,IT,197,244,Bari,Italy,15.1,99,193,217,26.2,0,90,125,it
178,DE503C1,Gelsenkirchen,medium,dwellings/ha,5.63,2.33,5.72,9.2,5.87,8.38,1.81,6.92,3.94,2.95,3.8,4.51,4.43,DE,5.1,69,534,56.26,34.62,13.94,92,0.45,91.02,1.15,33.48,19.54,29.53,37.96,45.07,44.33,DE,gelsenkirchen de,344,331,Gelsenkirchen,DE,0.574,0.572,54.9,53,31.1,25,58.1,25,DE,186,21,Gelsenkirchen,Germany,13.9,86,192,219,34.6,2,151,189,de
179,DE505C1,Chemnitz,medium,dwellings/ha,5.82,5.71,5.94,7.2,5.17,6.77,2.4,7.18,2.49,3.45,3.29,4.78,4.81,DE,5.1,69,535,58.16,23.75,13.47,72,0.63,82.06,2.02,36.08,12.02,34.54,32.89,47.79,48.13,DE,chemnitz de,298,667,Chemnitz,DE,0.609,0.574,49.1,59,45.4,25,45.2,17,DE,274,238,Chemnitz,Germany,13.5,74,176,203,23.7,0,83,121,de
180,DE509C1,Oberhausen,medium,dwellings/ha,5.91,2.43,5.76,8.4,5.21,8.69,1.34,6.6,3.8,2.97,4.16,4.23,4.98,DE,5.1,69,536,59.1,34.3,13.85,84,0.62,92.7,0.63,30.52,18.68,29.74,41.59,42.34,49.84,DE,oberhausen de,339,339,Oberhausen,DE,0.576,0.572,57.7,43,29.7,25,59.0,20,DE,193,27,Oberhausen,Germany,13.8,67,153,174,34.3,1,119,150,de
183,FR018C1,Reims,medium,dwellings/ha,5.0,5.18,6.05,9.5,5.31,9.68,3.84,5.49,4.3,1.46,4.3,3.04,3.8,FR,5.09,70,546,50.04,25.48,13.25,95,0.59,98.24,5.17,21.12,22.02,14.59,42.99,30.43,37.99,FR,reims fr,285,248,Reims,FR,0.446,0.456,69.6,34,24.4,25,75.1,16,FR,414,210,Reims,France,13.3,34,84,96,25.5,0,45,64,fr
184,FR040C2,Mulhouse,medium,dwellings/ha,6.75,5.92,5.95,7.7,3.5,8.59,4.2,4.82,2.37,2.56,2.59,3.47,4.96,FR,5.09,70,547,67.53,23.09,13.45,77,1.07,92.17,6.18,16.28,11.52,25.63,25.9,34.74,49.58,FR,mulhouse fr,228,150,Mulhouse,FR,0.538,0.534,65.3,48,37.0,25,68.0,25,FR,358,376,Mulhouse,France,13.4,49,117,134,23.1,0,52,78,fr
187,BE004C1,Charleroi,medium,dwellings/ha,5.97,4.28,5.93,9.0,5.78,8.94,3.07,4.39,2.31,4.44,3.65,3.79,3.56,BE,5.07,71,563,59.72,28.34,13.5,90,0.47,94.1,3.3,13.46,11.29,44.42,36.47,37.87,35.63,BE,charleroi be,131,252,Charleroi,BE,0.561,0.571,62.1,51,27.6,25,65.5,19,BE,216,61,Charleroi,Belgium,13.5,52,125,144,28.3,0,78,104,be
188,ES021C1,Alicante,medium,dwellings/ha,4.42,5.89,6.14,6.8,9.65,4.51,4.38,4.99,3.77,5.37,2.5,4.69,3.66,ES,5.06,72,570,44.2,23.2,13.07,68,-0.55,69.54,6.72,17.44,18.46,53.7,24.98,46.92,36.59,ES,alicante es,830,731,Alicante,ES,0.2,0.197,53.1,19,51.0,25,42.4,16,ES,457,427,Alicante,Spain,13.1,55,143,165,23.2,0,68,100,es
190,PL013C1,Torun,medium,dwellings/ha,5.06,5.94,4.57,7.1,5.74,8.58,4.49,7.98,3.33,2.43,3.78,4.41,3.82,PL,5.05,73,576,50.57,23.03,16.33,71,0.48,92.11,7.06,44.63,15.95,24.31,37.79,44.12,38.19,PL,torun pl,695,644,Torun,PL,0.487,0.45,55.9,19,38.0,25,52.8,11,PL,128,297,Torun,Poland,16.3,76,133,148,23.0,0,45,66,pl
192,FR035C2,Tours,medium,dwellings/ha,6.15,6.17,6.25,7.5,4.12,8.18,2.94,5.82,1.84,2.52,2.92,3.4,5.14,FR,5.03,75,588,61.5,22.28,12.82,75,0.9,89.9,3.02,23.67,9.62,25.22,29.25,34.05,51.43,FR,tours fr,137,329,Tours,FR,0.579,0.554,66.0,66,45.5,25,67.3,23,FR,535,385,Tours,France,12.8,42,115,134,22.3,0,52,79,fr
195,NL006C1,Tilburg,medium,dwellings/ha,5.36,3.47,5.97,7.0,4.91,8.73,5.79,6.0,3.72,2.81,2.37,3.69,4.82,NL,5.01,77,602,53.62,30.96,13.42,70,0.7,92.92,11.73,25.21,18.17,28.14,23.68,36.87,48.22,NL,tilburg nl,180,209,Tilburg,NL,0.541,0.538,63.1,41,35.0,25,74.0,18,NL,381,92,Tilburg,Netherlands,13.4,38,91,105,31.0,0,65,84,nl
196,RO004C1,Craiova,medium,dwellings/ha,6.91,6.81,4.04,9.3,6.36,9.31,0.04,5.05,4.19,1.93,2.3,2.4,3.41,RO,5.0,78,606,69.12,20.22,17.43,93,0.32,96.16,0.0,17.84,21.26,19.32,23.01,24.05,34.14,RO,craiova ro,143,58,Craiova,RO,0.454,0.456,76.0,57,29.3,25,76.6,29,RO,121,552,Craiova,Romania,17.4,105,173,191,20.2,0,42,68,ro
198,DE508C1,Krefeld,medium,dwellings/ha,5.2,3.36,5.8,8.7,5.36,8.63,2.7,6.74,3.26,2.63,3.04,3.89,4.62,DE,4.97,79,622,51.98,31.3,13.77,87,0.58,92.38,2.56,31.77,15.59,26.3,30.38,38.92,46.16,DE,krefeld de,159,290,Krefeld,DE,0.576,0.586,61.1,58,36.5,25,65.1,22,DE,227,59,Krefeld,Germany,13.8,64,147,168,31.3,0,102,132,de
199,FI002C1,Tampere,medium,dwellings/ha,3.66,8.65,9.42,3.9,5.91,5.3,8.93,6.77,3.48,1.9,4.49,3.34,3.46,FI,4.97,79,623,36.57,14.32,6.22,39,0.43,73.9,27.9,32.06,16.81,18.98,44.87,33.38,34.62,FI,tampere fi,136,638,Tampere,FI,0.509,0.506,66.6,51,40.1,25,65.3,12,FI,849,836,Tampere,Finland,6.2,0,14,29,14.3,0,15,36,fi
201,RO003C1,Timisoara,medium,dwellings/ha,5.03,6.55,4.5,9.7,6.67,9.35,2.03,5.49,4.69,1.89,3.34,2.16,3.31,RO,4.96,80,629,50.3,21.08,16.47,97,0.24,96.41,1.44,21.11,25.05,18.91,33.42,21.62,33.12,RO,timisoara ro,205,31,Timisoara,RO,0.463,0.48,78.4,57,21.1,25,80.2,37,RO,123,390,Timisoara,Romania,16.5,114,198,219,21.1,0,56,88,ro
202,FR036C2,Angers,medium,dwellings/ha,6.09,6.36,6.44,6.7,4.31,7.55,3.28,7.07,1.12,2.89,2.47,3.5,4.71,FR,4.93,81,641,60.93,21.67,12.44,67,0.85,86.39,3.78,35.04,7.45,28.86,24.66,35.02,47.11,FR,angers fr,257,395,Angers,FR,0.594,0.546,65.0,48,53.7,25,64.1,19,FR,600,558,Angers,France,12.4,32,97,113,21.7,0,44,68,fr
203,FR006C2,Strasbourg,medium,dwellings/ha,5.17,4.77,5.7,8.7,3.67,8.82,5.28,5.79,3.97,2.5,3.3,3.59,3.72,FR,4.93,81,642,51.74,26.79,13.96,87,1.02,93.44,9.77,23.48,19.72,25.03,33.03,35.94,37.16,FR,strasbourg fr,371,465,Strasbourg,FR,0.49,0.492,64.1,70,33.8,25,63.8,29,FR,374,245,Strasbourg,France,14.0,88,196,223,26.8,0,106,145,fr
205,DE019C1,Magdeburg,medium,dwellings/ha,3.79,6.14,6.06,8.3,5.71,8.76,2.44,7.98,3.48,1.73,2.8,4.83,3.69,DE,4.91,82,653,37.9,22.4,13.23,83,0.49,93.12,2.08,44.53,16.8,17.29,28.01,48.34,36.85,DE,magdeburg de,674,630,Magdeburg,DE,0.527,0.499,51.7,31,36.6,25,53.9,16,DE,289,279,Magdeburg,Germany,13.2,60,151,175,22.4,0,66,100,de
209,FR023C2,Caen,medium,dwellings/ha,5.55,5.65,6.55,7.1,4.33,7.79,3.47,6.25,2.51,2.57,3.96,3.58,3.95,FR,4.87,85,671,55.51,23.94,12.2,71,0.85,87.72,4.22,27.3,12.11,25.73,39.57,35.83,39.54,FR,caen fr,507,353,Caen,FR,0.576,0.563,64.2,29,37.1,25,67.2,16,FR,620,403,Caen,France,12.2,24,76,90,23.9,0,43,62,fr
210,FR013C2,Rennes,medium,dwellings/ha,5.4,6.69,6.6,5.6,4.53,6.83,3.42,7.22,1.51,3.12,2.24,4.16,4.71,FR,4.85,86,681,54.04,20.61,12.09,56,0.8,82.4,4.1,36.47,8.57,31.17,22.36,41.58,47.11,FR,rennes fr,456,478,Rennes,FR,0.614,0.572,58.4,53,55.4,25,61.7,24,FR,652,688,Rennes,France,12.1,35,117,138,20.6,0,51,81,fr
211,UK506C1,Doncaster,medium,dwellings/ha,6.0,6.28,7.93,0.0,6.36,7.62,1.98,4.17,2.6,3.43,4.43,4.8,4.84,UK,4.84,87,685,59.95,21.94,9.32,0,0.32,86.77,1.37,12.16,12.46,34.34,44.34,47.96,48.42,UK,doncaster uk,606,403,Doncaster,UK,0.597,0.579,52.0,39,39.6,25,52.3,24,UK,730,350,Doncaster,United Kingdom,9.3,0,87,112,21.9,0,69,105,uk
212,FR024C2,Limoges,medium,dwellings/ha,6.76,6.98,6.74,5.7,3.61,6.16,1.64,5.03,0.49,4.62,2.18,3.92,5.09,FR,4.84,87,686,67.62,19.69,11.81,57,1.04,78.71,0.94,17.73,5.95,46.16,21.83,39.19,50.91,FR,limoges fr,208,366,Limoges,FR,0.638,0.572,60.8,46,61.2,25,58.1,18,FR,637,666,Limoges,France,11.8,23,84,99,19.7,0,35,57,fr
213,DE501C1,Duisburg,medium,dwellings/ha,5.22,2.58,5.64,7.3,5.89,8.43,1.74,7.11,4.07,2.76,3.03,4.79,4.0,DE,4.84,87,687,52.17,33.82,14.1,73,0.44,91.27,1.05,35.39,20.42,27.57,30.34,47.94,39.95,DE,duisburg de,332,407,Duisburg,DE,0.569,0.569,52.1,101,30.6,25,59.0,44,DE,189,17,Duisburg,Germany,14.1,164,358,408,33.8,5,268,337,de
214,DE020C1,Wiesbaden,medium,dwellings/ha,5.27,3.92,6.29,6.6,5.11,7.9,0.86,6.98,4.07,3.21,3.86,4.0,4.07,DE,4.83,88,694,52.65,29.52,12.73,66,0.64,88.37,0.26,34.06,20.39,32.08,38.58,39.98,40.68,DE,wiesbaden de,280,452,Wiesbaden,DE,0.558,0.556,60.0,56,37.7,25,60.6,22,DE,431,93,Wiesbaden,Germany,12.7,51,141,164,29.5,0,102,134,de
215,DE502C1,Mannheim,medium,dwellings/ha,4.91,4.03,6.1,7.6,4.95,8.57,2.26,7.84,4.4,2.18,3.49,3.35,3.77,DE,4.83,88,695,49.12,29.14,13.14,76,0.68,92.08,1.79,42.97,22.77,21.8,34.87,33.47,37.74,DE,mannheim de,124,129,Mannheim,DE,0.469,0.492,66.5,75,24.5,25,71.6,33,DE,355,60,Mannheim,Germany,13.1,61,155,179,29.1,1,104,138,de
217,IT012C1,Verona,medium,dwellings/ha,6.15,2.5,0.0,6.3,6.46,9.13,3.36,5.95,2.92,3.11,3.58,4.63,5.6,IT,4.8,90,712,61.47,34.06,25.87,63,0.29,95.15,3.96,24.77,13.93,31.07,35.78,46.32,56.05,IT,verona it,435,439,Verona,IT,0.505,0.43,53.7,46,48.2,25,59.1,21,IT,11,50,Verona,Italy,25.9,269,348,368,34.1,1,119,150,it
219,FR043C2,Perpignan,medium,dwellings/ha,5.02,8.21,7.03,3.6,7.25,8.13,2.94,4.4,1.7,3.35,2.22,5.11,2.85,FR,4.75,92,732,50.21,15.75,11.2,36,0.08,89.64,3.03,13.54,9.15,33.5,22.21,51.06,28.46,FR,perpignan fr,742,671,Perpignan,FR,0.384,0.336,48.9,29,49.2,25,47.6,17,FR,649,788,Perpignan,France,11.2,23,115,139,15.8,0,32,65,fr
220,CZ003C1,Ostrava,medium,dwellings/ha,5.06,5.72,1.35,5.4,5.38,8.15,3.39,6.81,2.53,4.47,2.18,5.48,4.65,CZ,4.73,93,741,50.58,23.74,23.04,54,0.57,89.71,4.01,32.46,12.19,44.72,21.78,54.78,46.53,CZ,ostrava cz,374,696,Ostrava,CZ,0.601,0.55,45.2,49,44.4,25,45.9,15,CZ,6,159,Ostrava,Czech Republic,23.0,270,367,392,23.7,0,84,122,cz
228,PL024C1,Czestochowa,medium,dwellings/ha,4.91,6.3,3.59,7.8,5.77,7.08,1.97,6.46,1.56,4.23,1.47,4.89,3.01,PL,4.55,100,814,49.06,21.88,18.38,78,0.47,83.77,1.35,29.26,8.7,42.25,14.74,48.89,30.14,PL,czestochowa pl,520,409,Czestochowa,PL,0.592,0.558,51.1,34,44.9,25,50.6,18,PL,46,235,Czestochowa,Poland,18.4,141,221,242,21.8,0,58,89,pl
229,DK004C2,Aalborg,medium,dwellings/ha,4.52,7.85,7.21,4.4,6.55,3.67,4.79,5.43,0.63,4.4,1.46,4.39,3.77,DK,4.53,101,820,45.17,16.9,10.82,44,0.27,64.89,8.03,20.63,6.25,44.0,14.56,43.92,37.71,DK,aalborg dk,176,515,Aalborg,DK,0.649,0.586,56.1,45,58.5,25,53.9,14,DK,663,712,Aalborg,Denmark,10.8,11,77,93,16.9,0,27,51,dk
230,FR215C2,Rouen,medium,dwellings/ha,6.0,4.49,6.32,6.1,2.74,7.78,2.85,5.11,1.9,3.6,2.34,3.87,3.81,FR,4.52,102,823,60.01,27.69,12.68,61,1.27,87.69,2.84,18.25,9.82,35.96,23.44,38.74,38.06,FR,rouen fr,73,231,Rouen,FR,0.611,0.572,61.3,125,47.4,25,64.2,42,FR,441,51,Rouen,France,12.7,75,212,246,27.7,2,140,189,fr
231,IT010C1,Catania,medium,dwellings/ha,2.44,5.17,4.53,9.6,8.23,9.47,1.06,4.32,5.11,2.25,6.17,2.88,1.75,IT,4.52,102,824,24.38,25.5,16.41,96,-0.17,97.03,0.39,13.07,28.74,22.51,61.71,28.75,17.5,IT,catania it,85,93,Catania,IT,0.332,0.342,71.2,82,30.4,25,72.3,35,IT,125,188,Catania,Italy,16.4,127,222,246,25.5,0,88,124,it
233,ES007C1,Murcia,medium,dwellings/ha,1.95,6.89,5.23,6.1,7.65,7.48,2.58,3.36,1.97,7.07,1.2,6.06,2.65,ES,4.46,104,837,19.52,19.98,14.96,61,-0.02,85.99,2.32,7.89,10.04,70.72,11.98,60.62,26.52,ES,murcia es,822,851,Murcia,ES,0.293,0.244,39.4,24,57.3,25,23.3,8,ES,257,668,Murcia,Spain,15.0,102,201,226,20.0,0,59,96,es
234,IT501C1,Messina,medium,dwellings/ha,4.23,5.63,5.61,7.3,2.89,9.33,1.02,2.73,3.48,4.06,4.6,4.09,1.73,IT,4.28,105,874,42.3,24.02,14.17,73,1.23,96.26,0.36,5.23,16.76,40.58,46.04,40.86,17.34,IT,messina it,187,415,Messina,IT,0.485,0.41,59.1,60,53.5,25,53.8,21,IT,255,307,Messina,Italy,14.2,71,153,174,24.0,0,68,98,it
236,ES506C1,Cartagena,medium,dwellings/ha,2.2,7.15,5.64,4.6,8.93,5.12,2.56,5.63,2.03,5.19,1.48,4.71,2.49,ES,4.23,107,881,21.99,19.16,14.1,46,-0.36,72.9,2.29,22.2,10.28,51.91,14.8,47.14,24.94,ES,cartagena es,844,754,Cartagena,ES,0.217,0.184,50.9,10,58.8,25,38.4,9,ES,270,615,Cartagena,Spain,14.1,47,104,118,19.2,0,30,52,es
237,RO503C1,Galati,medium,dwellings/ha,2.04,7.26,4.37,9.3,6.52,9.26,1.88,5.74,5.31,1.31,3.0,2.09,1.24,RO,4.22,108,882,20.4,18.81,16.74,93,0.27,95.87,1.23,23.1,30.59,13.07,30.02,20.95,12.38,RO,galati ro,202,23,Galati,RO,0.409,0.441,79.1,42,19.5,25,82.4,29,RO,134,630,Galati,Romania,16.7,82,141,156,18.7,0,31,54,ro
238,HU005C1,Debrecen,medium,dwellings/ha,2.91,7.97,4.49,7.6,4.95,8.15,3.82,4.06,2.48,2.63,2.6,3.28,2.22,HU,4.2,109,883,29.11,16.5,16.5,76,0.69,89.73,5.11,11.55,11.99,26.28,26.05,32.78,22.19,HU,debrecen hu,135,30,Debrecen,HU,0.535,0.525,67.2,56,43.9,25,71.4,31,HU,105,671,Debrecen,Hungary,16.5,104,180,200,16.5,0,30,60,hu
240,ES505C1,Elche,medium,dwellings/ha,2.91,7.21,6.37,3.7,6.49,0.0,3.31,3.78,0.46,8.31,0.77,7.98,2.13,ES,3.99,111,899,29.05,18.96,12.57,37,0.28,44.51,3.83,9.98,5.86,83.06,7.73,79.81,21.32,ES,elche es,863,861,Elche,ES,0.23,0.182,20.2,4,66.0,25,11.9,2,ES,602,751,Elche,Spain,12.6,29,83,97,19.0,0,29,49,es
243,UK061C1,Harlow,small,dwellings/ha,7.1,5.51,8.01,9.4,7.39,8.06,4.5,7.99,3.73,5.09,4.17,6.51,7.01,UK,6.64,3,3,71.0,24.69,9.47,94,0.23,87.3,7.1,44.71,16.65,50.87,41.67,65.08,70.1,UK,harlow uk,855,850,Harlow,UK,0.609,0.573,32.5,3,40.3,25,35.9,2,UK,775,413,Harlow,United Kingdom,9.5,0,19,24,24.7,0,18,25,uk
245,UK021C1,Stevenage,small,dwellings/ha,7.23,5.68,8.37,9.6,7.49,8.9,4.83,7.22,3.73,3.54,4.49,4.41,6.58,UK,6.46,5,5,72.35,24.13,8.68,96,0.16,92.66,8.18,36.46,16.64,35.44,44.93,44.1,65.83,UK,stevenage uk,741,282,Stevenage,UK,0.594,0.605,55.9,8,24.6,25,69.8,7,UK,792,344,Stevenage,United Kingdom,8.7,0,18,24,24.1,0,20,28,uk
249,UK576C1,Crawley,small,dwellings/ha,7.52,5.79,8.18,9.7,7.45,8.99,3.56,6.65,3.73,3.0,4.41,4.46,6.57,UK,6.37,7,9,75.16,23.79,9.11,97,0.19,93.21,4.44,30.98,16.69,29.97,44.06,44.64,65.74,UK,crawley uk,814,448,Crawley,UK,0.599,0.595,55.4,6,27.7,25,74.6,7,UK,815,596,Crawley,United Kingdom,9.1,0,19,25,23.8,0,18,26,uk
251,EL007C2,Ioannina,small,dwellings/ha,8.77,7.55,5.33,9.8,7.82,9.14,1.32,3.7,4.95,3.19,2.26,2.98,7.29,EL,6.27,9,12,87.67,18.03,15.52,98,-0.09,94.18,0.61,9.58,28.02,31.93,22.6,29.78,72.95,EL,ioannina el,514,406,Ioannina,EL,0.373,0.375,64.2,12,26.5,25,72.6,6,EL,194,746,Ioannina,Greece,15.5,25,47,52,18.0,0,10,19,el
252,UK018C1,Exeter,small,dwellings/ha,7.11,7.72,8.08,8.6,7.33,8.64,4.43,6.21,3.73,2.35,5.39,4.14,6.1,UK,6.26,10,13,71.07,17.46,9.31,86,0.28,91.0,6.88,27.01,16.63,23.54,53.89,41.35,61.01,UK,exeter uk,651,609,Exeter,UK,0.589,0.577,58.6,15,32.1,25,61.9,8,UK,802,805,Exeter,United Kingdom,9.3,0,28,36,17.5,0,14,26,uk
254,LU001C1,Luxembourg,small,dwellings/ha,7.17,5.31,7.04,9.3,7.01,8.71,2.27,7.51,3.65,3.27,6.11,4.48,6.53,LU,6.2,12,15,71.65,25.34,11.66,93,0.52,91.43,1.8,39.45,16.12,32.66,61.07,44.8,65.27,LU,luxembourg lu,359,720,Luxembourg,LU,0.521,0.49,50.8,14,35.6,25,53.9,4,LU,655,365,Luxembourg,Luxembourg,11.7,8,30,35,25.3,0,20,28,lu
256,ES033C1,Girona,small,dwellings/ha,7.41,5.8,5.77,8.6,6.84,9.49,3.96,7.47,4.6,3.35,3.78,4.12,6.48,ES,6.18,13,17,74.06,23.75,14.52,86,0.66,96.39,5.5,39.05,24.14,33.46,37.79,41.25,64.83,ES,girona es,397,658,Girona,ES,0.421,0.372,58.8,15,45.1,25,51.2,5,ES,337,496,Girona,Spain,14.5,22,45,50,23.7,0,19,27,es
257,UK017C1,Cambridge,small,dwellings/ha,7.11,7.07,8.21,9.0,7.39,9.13,5.24,6.97,4.01,3.49,4.6,3.19,4.66,UK,6.16,14,18,71.12,19.58,9.03,90,0.23,94.15,9.6,33.97,18.81,34.89,45.99,31.87,46.58,UK,cambridge uk,643,337,Cambridge,UK,0.587,0.591,68.1,13,24.4,25,77.7,9,UK,811,762,Cambridge,United Kingdom,9.0,0,22,30,19.6,0,15,25,uk
258,UK560C1,Oxford,small,dwellings/ha,6.63,6.74,7.91,7.1,7.43,9.05,4.41,6.72,4.42,3.49,4.8,4.03,6.01,UK,6.15,15,19,66.35,20.67,9.71,71,0.2,93.64,6.8,31.59,22.34,34.86,47.98,40.3,60.06,UK,oxford uk,743,599,Oxford,UK,0.613,0.613,59.7,12,25.4,25,70.5,8,UK,808,780,Oxford,United Kingdom,9.7,0,26,34,20.7,0,17,27,uk
261,HR002C1,Rijeka,small,dwellings/ha,7.8,7.44,6.92,9.1,7.04,9.39,0.0,7.01,3.42,3.07,4.52,4.77,5.5,HR,6.1,17,25,78.01,18.39,11.93,91,0.5,95.76,0.0,34.36,14.54,30.71,45.21,47.7,54.99,HR,rijeka hr,509,377,Rijeka,HR,0.526,0.476,52.3,21,41.0,25,55.1,11,HR,432,473,Rijeka,Croatia,11.9,20,72,85,18.4,0,25,44,hr
262,ES516C1,Salamanca,small,dwellings/ha,4.87,6.11,7.46,9.2,8.38,8.44,3.55,9.74,5.62,2.03,5.59,3.29,6.21,ES,6.09,18,27,48.73,22.74,10.72,92,-0.52,89.74,4.4,66.45,37.05,20.33,55.92,32.94,62.13,ES,salamanca es,355,172,Salamanca,ES,0.298,0.305,59.2,33,28.8,25,68.2,19,ES,692,474,Salamanca,Spain,10.7,9,60,74,22.7,0,39,58,es
264,UK571C1,Cheltenham,small,dwellings/ha,7.2,6.37,7.86,9.6,7.33,9.25,3.04,5.85,3.68,2.25,5.59,2.57,6.09,UK,6.08,19,30,71.97,21.89,9.81,96,0.28,94.87,3.24,23.99,16.32,22.5,55.89,25.7,60.9,UK,cheltenham uk,142,55,Cheltenham,UK,0.586,0.605,74.3,30,23.7,25,80.6,16,UK,729,456,Cheltenham,United Kingdom,9.8,0,36,46,21.9,0,26,39,uk
265,UK024C1,Worcester,small,dwellings/ha,7.15,6.82,8.04,9.5,7.49,9.07,3.78,5.33,3.63,2.64,4.91,3.6,5.29,UK,6.07,20,31,71.46,20.4,9.4,95,0.16,93.77,5.0,19.9,15.94,26.35,49.06,36.0,52.92,UK,worcester uk,612,466,Worcester,UK,0.598,0.609,64.0,12,26.1,25,69.3,7,UK,781,682,Worcester,United Kingdom,9.4,0,23,30,20.4,0,16,25,uk
266,UK060C1,Tamworth,small,dwellings/ha,6.78,5.63,7.8,9.2,7.39,9.35,4.94,5.37,3.66,2.31,5.18,4.54,5.46,UK,6.05,21,33,67.76,24.3,9.94,92,0.23,95.51,8.53,20.19,16.16,23.12,51.81,45.4,54.56,UK,tamworth uk,804,524,Tamworth,UK,0.598,0.596,50.4,6,26.1,25,68.0,5,UK,762,484,Tamworth,United Kingdom,9.9,0,19,24,24.3,0,16,22,uk
267,UK569C1,Ipswich,small,dwellings/ha,7.19,6.9,7.72,9.6,7.32,9.41,3.15,4.6,4.01,2.71,6.21,2.78,5.3,UK,6.05,21,34,71.88,20.13,10.13,96,0.29,95.88,3.47,14.8,18.78,27.08,62.06,27.77,52.97,UK,ipswich uk,417,155,Ipswich,UK,0.54,0.557,72.2,25,20.5,25,80.0,16,UK,727,658,Ipswich,United Kingdom,10.1,2,42,53,20.1,0,24,39,uk
269,IT034C1,Bolzano,small,dwellings/ha,7.67,5.27,5.05,8.4,6.36,8.78,6.62,6.69,5.31,4.27,5.13,4.12,4.75,IT,6.05,21,36,76.74,25.48,16.14,84,1.02,91.9,15.35,31.31,32.58,42.67,51.28,41.19,47.5,IT,bolzano it,585,371,Bolzano,IT,0.536,0.471,58.8,14,44.4,25,64.8,9,IT,155,263,Bolzano,Italy,16.1,40,72,80,25.5,0,29,41,it
273,AT004C1,Salzburg,small,dwellings/ha,7.46,5.5,6.58,8.9,7.02,7.95,3.34,6.97,3.57,3.73,3.69,4.1,6.45,AT,6.03,23,41,74.58,24.74,12.7,89,0.52,86.65,3.89,33.99,15.55,37.25,36.93,40.97,64.48,AT,salzburg at,404,584,Salzburg,AT,0.577,0.541,59.0,23,37.2,25,59.4,9,AT,562,384,Salzburg,Austria,12.7,21,58,68,24.7,0,32,46,at
277,UK056C1,Hastings,small,dwellings/ha,7.07,6.86,7.64,9.3,7.18,8.95,1.62,6.16,3.71,4.29,2.85,3.67,5.67,UK,6.01,25,46,70.71,20.29,10.31,93,0.39,92.99,0.91,26.56,16.51,42.88,28.53,36.71,56.66,UK,hastings uk,541,424,Hastings,UK,0.582,0.574,59.3,15,30.2,25,72.8,8,UK,704,570,Hastings,United Kingdom,10.3,2,35,43,20.3,0,19,31,uk
279,UK566C1,Norwich,small,dwellings/ha,6.07,7.05,8.12,9.7,7.44,9.5,2.56,7.24,4.02,3.01,5.33,2.59,5.26,UK,6.01,25,48,60.71,19.66,9.24,97,0.2,96.5,2.29,36.7,18.87,30.05,53.29,25.94,52.59,UK,norwich uk,267,167,Norwich,UK,0.529,0.565,74.1,26,19.1,25,79.7,14,UK,793,728,Norwich,United Kingdom,9.2,0,30,39,19.7,0,20,32,uk
281,IE002C1,Cork,small,dwellings/ha,7.08,8.69,9.04,9.2,7.47,9.16,2.26,5.04,3.08,2.24,3.96,3.24,5.04,IE,5.99,26,51,70.8,14.27,7.16,92,0.17,94.34,1.79,17.79,12.54,22.43,39.64,32.37,50.43,IE,cork ie,307,250,Cork,IE,0.538,0.571,67.6,15,19.7,25,78.7,7,IE,834,831,Cork,Ireland,7.2,0,10,16,14.3,0,6,15,ie
282,ES068C1,Torremolinos,small,dwellings/ha,8.09,5.9,6.37,9.9,8.38,9.48,2.29,5.06,5.05,2.68,3.08,2.58,5.1,ES,5.98,27,53,80.89,23.42,13.16,99,-0.52,96.36,1.83,17.94,29.21,26.83,30.82,25.79,51.0,ES,torremolinos es,757,681,Torremolinos,ES,0.296,0.306,69.3,5,27.6,25,71.1,3,ES,516,498,Torremolinos,Spain,13.2,9,23,27,23.4,0,11,16,es
283,UK059C1,Redditch,small,dwellings/ha,6.84,6.22,8.1,6.3,7.55,7.85,1.68,6.8,3.41,4.45,4.9,4.48,6.26,UK,5.96,28,57,68.36,22.37,9.28,63,0.11,85.96,0.98,32.33,14.5,44.52,49.0,44.79,62.6,UK,redditch uk,718,558,Redditch,UK,0.65,0.654,51.2,8,30.4,25,63.5,5,UK,805,631,Redditch,United Kingdom,9.3,0,17,23,22.4,0,14,22,uk
284,NL023C1,Purmerend,small,dwellings/ha,6.56,3.9,6.67,9.8,7.08,8.91,6.9,6.21,4.55,3.36,3.69,2.56,6.12,NL,5.96,28,58,65.59,29.95,12.49,98,0.47,92.75,16.64,26.99,23.59,33.6,36.92,25.59,61.25,NL,purmerend nl,407,90,Purmerend,NL,0.544,0.552,74.4,11,23.8,25,79.9,8,NL,480,117,Purmerend,Netherlands,12.5,10,31,36,30.0,0,24,31,nl
286,FR519C1,Cannes,small,dwellings/ha,7.92,6.3,6.4,9.9,7.85,9.06,2.51,4.37,4.22,4.32,4.38,3.98,4.06,FR,5.96,28,60,79.21,22.09,13.1,99,-0.12,93.7,2.2,13.34,20.53,43.24,43.8,39.76,40.58,FR,cannes fr,106,33,Cannes,FR,0.448,0.46,60.2,24,17.9,25,78.1,12,FR,258,222,Cannes,France,13.1,21,53,61,22.1,0,23,35,fr
288,DE067C1,Landshut,small,dwellings/ha,6.99,6.44,6.67,8.3,6.84,8.23,5.28,5.57,2.98,4.46,4.0,4.53,5.52,DE,5.96,28,62,69.9,21.66,12.5,83,0.65,88.4,9.77,21.74,12.01,44.61,40.0,45.26,55.23,DE,landshut de,384,610,Landshut,DE,0.575,0.551,54.7,13,45.1,25,55.8,5,DE,439,379,Landshut,Germany,12.5,13,38,44,21.7,0,17,26,de
289,IT027C1,Cagliari,small,dwellings/ha,8.72,5.95,6.57,9.3,7.24,9.69,3.29,4.83,5.07,1.63,3.82,2.11,5.25,IT,5.96,28,63,87.22,23.26,12.72,93,0.35,97.7,3.78,16.31,29.49,16.32,38.24,21.11,52.53,IT,cagliari it,347,54,Cagliari,IT,0.26,0.286,78.9,28,19.5,25,83.3,20,IT,415,317,Cagliari,Italy,12.7,28,77,90,23.3,0,38,57,it
290,UK577C1,Watford,small,dwellings/ha,7.4,4.44,7.83,9.8,7.22,9.44,3.19,4.69,4.34,2.89,4.91,3.76,5.12,UK,5.95,29,64,73.99,28.19,9.89,98,0.37,96.1,3.57,15.38,21.64,28.86,49.15,37.64,51.25,UK,watford uk,398,357,Watford,UK,0.547,0.563,62.4,14,21.7,25,75.3,7,UK,751,271,Watford,United Kingdom,9.9,0,22,28,28.2,0,23,31,uk
292,ES070C1,Irun,small,dwellings/ha,7.36,5.78,6.24,9.5,5.83,9.17,4.01,6.3,4.37,2.31,3.12,3.6,6.26,ES,5.93,30,69,73.59,23.81,13.46,95,1.43,94.37,5.63,27.74,21.89,23.09,31.25,35.99,62.56,ES,irun es,442,601,Irun,ES,0.566,0.514,60.7,9,46.1,25,63.8,3,ES,464,479,Irun,Spain,13.5,10,25,29,23.8,0,12,17,es
293,IT523C1,Ragusa,small,dwellings/ha,8.05,7.79,6.21,8.5,8.64,8.57,0.5,4.31,2.46,3.55,0.56,5.15,6.24,IT,5.93,30,70,80.51,17.23,13.52,85,-0.72,90.57,0.09,13.01,9.53,35.52,5.57,51.55,62.4,IT,ragusa it,754,643,Ragusa,IT,0.358,0.293,48.5,7,61.0,25,56.2,4,IT,302,706,Ragusa,Italy,13.5,17,41,47,17.2,0,10,19,it
294,UK019C1,Lincoln,small,dwellings/ha,6.51,6.96,7.95,8.1,7.46,9.02,4.35,5.47,3.76,3.24,5.7,4.33,4.34,UK,5.92,31,71,65.11,19.95,9.6,81,0.18,93.42,6.63,20.92,16.86,32.44,56.96,43.27,43.39,UK,lincoln uk,426,449,Lincoln,UK,0.591,0.6,56.7,17,26.6,25,66.6,8,UK,744,606,Lincoln,United Kingdom,9.6,0,28,35,20.0,0,17,28,uk
295,UK572C1,Gloucester,small,dwellings/ha,6.24,6.56,7.82,8.5,7.31,9.12,4.14,5.61,3.73,2.07,4.84,3.92,5.79,UK,5.92,31,72,62.44,21.25,9.92,85,0.29,94.04,5.99,22.06,16.63,20.68,48.43,39.25,57.91,UK,gloucester uk,470,63,Gloucester,UK,0.549,0.571,60.8,20,18.9,25,83.9,15,UK,741,572,Gloucester,United Kingdom,9.9,0,35,44,21.3,0,23,36,uk
297,SE504C1,Lund,small,dwellings/ha,5.15,7.79,8.31,7.6,6.99,6.49,5.49,8.18,2.63,6.84,2.44,5.22,5.02,SE,5.92,31,74,51.47,17.23,8.8,76,0.54,77.34,10.57,46.87,10.27,68.43,24.4,52.21,50.21,SE,lund se,675,836,Lund,SE,0.631,0.558,47.8,13,57.6,25,43.2,3,SE,796,776,Lund,Sweden,8.8,0,26,34,17.2,0,14,27,se
298,NL031C1,Hoorn,small,dwellings/ha,6.2,4.93,6.91,9.7,7.33,9.05,5.84,7.58,4.24,2.4,2.88,3.69,5.6,NL,5.91,32,75,61.99,26.58,11.95,97,0.28,93.64,11.93,40.21,20.75,23.97,28.79,36.86,56.01,NL,hoorn nl,642,495,Hoorn,NL,0.527,0.54,58.7,8,22.4,25,75.8,5,NL,607,225,Hoorn,Netherlands,11.9,8,27,31,26.6,0,18,25,nl
299,ES521C1,Huelva,small,dwellings/ha,4.14,6.18,6.66,9.7,7.92,9.31,2.05,9.14,9.99,2.39,4.11,4.49,3.78,ES,5.9,33,77,41.41,22.49,12.52,97,-0.17,95.25,1.47,58.45,49.72,23.91,41.08,44.86,37.75,ES,huelva es,801,721,Huelva,ES,0.239,0.213,55.1,10,37.1,25,53.4,6,ES,525,428,Huelva,Spain,12.5,19,56,65,22.5,0,27,40,es
303,UK567C1,Slough,small,dwellings/ha,7.17,5.43,8.02,9.8,7.29,9.33,3.56,4.7,4.56,1.8,3.95,3.16,5.29,UK,5.89,34,81,71.74,24.95,9.45,98,0.31,95.39,4.43,15.47,23.75,18.03,39.46,31.56,52.91,UK,slough uk,425,242,Slough,UK,0.504,0.537,68.4,17,19.9,25,78.1,10,UK,806,521,Slough,United Kingdom,9.4,0,23,29,24.9,0,22,31,uk
304,CH006C1,Winterthur,small,dwellings/ha,6.94,5.62,6.29,9.3,6.84,8.2,2.45,9.2,3.92,2.97,3.4,5.14,5.1,CH,5.89,34,82,69.43,24.33,13.35,93,0.65,88.23,2.1,59.24,18.05,29.66,34.03,51.41,50.99,CH,winterthur ch,617,648,Winterthur,CH,0.586,0.555,48.6,12,41.3,25,52.1,5,CH,481,392,Winterthur,Switzerland,13.3,17,42,48,24.3,0,21,30,ch
306,IT015C1,Trieste,small,dwellings/ha,7.58,4.58,3.63,9.0,6.04,9.57,2.22,7.79,4.54,2.18,6.14,2.61,7.04,IT,5.87,35,87,75.85,27.74,19.33,90,1.26,96.92,1.73,42.46,23.5,21.84,61.42,26.05,70.39,IT,trieste it,1,77,Trieste,IT,0.524,0.52,73.9,145,38.7,25,74.4,32,IT,57,133,Trieste,Italy,19.3,165,249,270,27.7,0,90,122,it
307,UK052C1,Woking,small,dwellings/ha,7.24,6.15,8.07,8.0,7.33,7.67,2.96,7.07,2.7,4.11,3.0,3.48,5.7,UK,5.86,36,90,72.45,22.61,9.34,80,0.28,84.82,3.06,34.99,10.6,41.1,30.03,34.79,56.97,UK,woking uk,619,553,Woking,UK,0.655,0.625,65.2,12,42.8,25,62.9,6,UK,789,560,Woking,United Kingdom,9.3,0,22,29,22.6,0,19,28,uk
310,ES515C1,Burgos,small,dwellings/ha,4.61,6.58,7.75,8.9,7.35,8.53,3.36,9.65,5.19,3.27,5.38,5.22,3.87,ES,5.86,36,93,46.11,21.19,10.06,89,0.26,90.3,3.95,65.21,30.92,32.71,53.82,52.22,38.67,ES,burgos es,758,776,Burgos,ES,0.393,0.331,47.8,18,43.5,25,51.0,9,ES,742,664,Burgos,Spain,10.1,3,51,64,21.2,0,33,51,es
311,UK558C1,Newport,small,dwellings/ha,6.83,6.18,7.87,7.9,7.19,8.27,3.51,5.78,3.06,3.6,3.52,4.49,5.56,UK,5.85,37,94,68.35,22.5,9.79,79,0.39,88.65,4.32,23.42,12.46,35.97,35.24,44.92,55.55,UK,newport uk,119,254,Newport,UK,0.61,0.598,55.1,38,45.5,25,62.1,14,UK,715,369,Newport,United Kingdom,9.8,1,45,57,22.5,0,33,50,uk
313,UK050C1,Burnley,small,dwellings/ha,6.4,6.26,8.64,9.0,7.1,8.17,2.62,5.66,3.27,3.61,4.16,4.54,5.05,UK,5.84,38,96,63.96,22.24,8.06,90,0.45,88.03,2.41,22.43,13.64,36.08,41.63,45.43,50.46,UK,burnley uk,464,499,Burnley,UK,0.607,0.553,54.6,13,43.3,25,56.6,6,UK,783,278,Burnley,United Kingdom,8.1,0,18,26,22.2,0,21,31,uk
314,HR007C1,Zadar,small,dwellings/ha,7.54,8.64,7.08,8.3,6.25,8.34,0.4,5.2,2.36,4.04,2.05,3.5,6.5,HR,5.84,38,97,75.45,14.46,11.56,83,1.1,89.11,0.06,18.96,9.1,40.44,20.46,34.99,64.97,HR,zadar hr,302,373,Zadar,HR,0.469,0.407,54.6,14,44.1,25,62.0,6,HR,644,824,Zadar,Croatia,11.6,7,30,36,14.3,0,6,14,hr
319,ES015C1,Santander,small,dwellings/ha,6.73,5.64,5.35,9.5,6.81,8.95,3.23,6.92,4.76,2.45,5.52,3.47,5.3,ES,5.82,40,104,67.35,24.26,15.48,95,0.68,92.96,3.64,33.51,25.79,24.49,55.25,34.73,53.0,ES,santander es,93,401,Santander,ES,0.476,0.444,65.3,49,33.2,25,60.0,14,ES,169,296,Santander,Spain,15.5,63,118,132,24.3,0,47,68,es
320,UK047C1,Chesterfield,small,dwellings/ha,6.82,6.36,8.01,6.2,7.37,8.37,3.16,5.5,2.98,3.62,4.27,4.91,5.66,UK,5.81,41,105,68.23,21.91,9.49,62,0.25,89.28,3.5,21.16,12.0,36.24,42.69,49.13,56.58,UK,chesterfield uk,633,270,Chesterfield,UK,0.603,0.598,50.9,14,31.8,25,61.8,10,UK,717,343,Chesterfield,United Kingdom,9.5,0,34,44,21.9,0,26,40,uk
322,ES054C1,Benidorm,small,dwellings/ha,7.04,7.34,7.03,8.7,7.56,8.62,4.03,4.84,3.67,4.47,3.51,4.35,3.66,ES,5.81,41,107,70.39,18.7,11.69,87,0.11,90.9,5.68,16.39,16.25,44.75,35.07,43.48,36.63,ES,benidorm es,837,510,Benidorm,ES,0.252,0.234,49.1,4,42.5,25,50.0,4,ES,650,742,Benidorm,Spain,11.7,6,23,27,18.7,0,9,15,es
325,UK062C1,Halton,small,dwellings/ha,6.26,5.1,7.93,9.2,7.41,8.35,4.52,5.9,3.55,2.93,3.49,4.21,5.2,UK,5.78,43,113,62.62,26.05,9.66,92,0.22,89.16,7.15,24.34,15.39,29.3,34.89,42.1,51.99,UK,halton uk,439,232,Halton,UK,0.566,0.578,57.9,19,27.1,25,65.2,11,UK,713,168,Halton,United Kingdom,9.7,0,36,46,26.0,0,35,49,uk
328,UK545C1,Peterborough,small,dwellings/ha,6.15,6.79,8.08,6.8,7.0,8.51,5.69,5.2,3.17,4.32,2.08,3.94,5.64,UK,5.77,44,116,61.49,20.5,9.33,68,0.53,90.2,11.33,18.96,13.07,43.16,20.77,39.4,56.39,UK,peterborough uk,290,86,Peterborough,UK,0.585,0.58,60.6,31,32.7,25,73.7,19,UK,757,546,Peterborough,United Kingdom,9.3,0,41,53,20.5,0,29,46,uk
329,NL030C1,Gouda,small,dwellings/ha,5.93,3.88,6.53,9.9,7.68,9.14,6.02,6.79,4.86,3.24,3.25,2.7,5.17,NL,5.77,44,117,59.34,30.03,12.82,99,0.01,94.17,12.67,32.23,26.96,32.37,32.51,27.03,51.74,NL,gouda nl,147,143,Gouda,NL,0.504,0.538,62.0,16,19.6,25,80.2,7,NL,442,130,Gouda,Netherlands,12.8,11,31,36,30.0,0,23,30,nl
330,NL509C1,Zoetermeer,small,dwellings/ha,5.67,2.5,6.39,9.9,7.05,9.05,6.35,8.24,4.85,3.3,2.32,3.34,5.92,NL,5.77,44,118,56.74,34.55,13.13,99,0.49,93.64,14.12,47.57,26.85,32.96,23.25,33.39,59.17,NL,zoetermeer nl,685,529,Zoetermeer,NL,0.521,0.527,66.6,11,23.1,25,77.5,7,NL,550,56,Zoetermeer,Netherlands,13.1,17,43,49,34.5,0,37,46,nl
334,PL028C1,Koszalin,small,dwellings/ha,5.41,8.2,7.72,8.4,6.81,8.13,3.98,8.16,3.46,2.59,3.37,4.9,4.62,PL,5.76,45,125,54.12,15.91,10.14,84,0.68,87.75,5.53,46.58,14.84,25.89,33.65,49.01,46.24,PL,koszalin pl,537,729,Koszalin,PL,0.561,0.513,51.0,14,46.4,25,44.5,5,PL,689,716,Koszalin,Poland,10.1,1,36,45,15.9,0,12,25,pl
336,HU006C1,Szeged,small,dwellings/ha,6.92,7.94,4.67,7.8,7.52,9.02,3.65,5.23,3.14,3.61,2.96,3.67,5.73,HU,5.75,46,128,69.18,16.75,17.0,78,0.14,93.41,4.66,19.17,12.87,36.08,29.61,36.69,57.28,HU,szeged hu,262,211,Szeged,HU,0.535,0.534,63.3,35,35.4,25,62.5,17,HU,96,657,Szeged,Hungary,17.0,86,145,161,16.8,0,24,47,hu
337,FR046C2,Bayonne,small,dwellings/ha,7.55,6.87,6.98,7.4,6.93,9.17,3.07,5.03,2.43,2.92,3.59,3.7,5.64,FR,5.75,46,129,75.49,20.24,11.79,74,0.58,94.36,3.31,17.68,9.39,29.17,35.87,37.01,56.4,FR,bayonne fr,224,221,Bayonne,FR,0.521,0.51,63.0,29,31.5,25,65.8,13,FR,590,500,Bayonne,France,11.8,16,60,71,20.2,0,26,43,fr
338,ES048C1,Guadalajara,small,dwellings/ha,5.62,5.35,7.17,8.8,7.21,8.2,3.66,6.53,5.01,3.32,1.58,5.18,5.47,ES,5.73,47,132,56.22,25.22,11.38,88,0.37,88.2,4.68,29.89,28.74,33.19,15.76,51.81,54.72,ES,guadalajara es,848,719,Guadalajara,ES,0.332,0.294,37.1,4,46.6,25,54.4,5,ES,672,396,Guadalajara,Spain,11.4,7,31,37,25.2,0,21,30,es
341,UK582C1,Corby,small,dwellings/ha,6.79,7.09,8.36,8.9,7.37,8.36,2.08,4.7,3.4,2.82,0.96,4.95,5.05,UK,5.72,48,135,67.87,19.51,8.69,89,0.25,89.21,1.52,15.49,14.41,28.18,9.6,49.53,50.53,UK,corby uk,832,271,Corby,UK,0.594,0.576,47.1,3,32.8,25,68.9,5,UK,785,601,Corby,United Kingdom,8.7,0,13,18,19.5,0,10,16,uk
344,IT014C1,Trento,small,dwellings/ha,7.73,5.36,4.75,5.6,4.42,8.39,4.07,6.76,3.26,4.89,4.76,5.5,5.87,IT,5.7,49,140,77.29,25.19,16.83,56,2.5,89.44,5.79,32.0,13.58,48.92,47.58,55.04,58.71,IT,trento it,636,769,Trento,IT,0.574,0.473,45.0,15,53.3,25,42.7,6,IT,170,387,Trento,Italy,16.8,45,76,84,25.2,0,29,40,it
348,UK564C1,Warwick,small,dwellings/ha,6.23,6.47,8.16,6.8,7.12,7.59,3.19,7.16,2.53,4.19,3.43,4.51,5.31,UK,5.69,50,144,62.33,21.55,9.14,68,0.44,84.35,3.57,35.89,9.86,41.88,34.31,45.13,53.09,UK,warwick uk,595,559,Warwick,UK,0.679,0.621,54.9,18,58.1,25,57.4,9,UK,790,591,Warwick,United Kingdom,9.1,0,31,41,21.5,0,25,39,uk
349,UK556C1,Dacorum,small,dwellings/ha,6.45,6.0,8.17,6.2,7.03,7.89,2.06,5.96,3.3,4.85,3.68,4.8,5.33,UK,5.69,50,145,64.47,23.07,9.12,62,0.51,86.23,1.48,24.85,13.82,48.5,36.83,48.04,53.31,UK,dacorum uk,780,574,Dacorum,UK,0.656,0.625,52.0,12,42.0,25,57.1,9,UK,780,465,Dacorum,United Kingdom,9.1,0,32,42,23.1,0,29,43,uk
353,UK041C1,Ashford,small,dwellings/ha,5.51,7.03,7.89,6.9,7.04,6.37,4.61,6.55,2.95,4.89,3.4,5.49,5.06,UK,5.67,52,151,55.08,19.74,9.75,69,0.5,76.59,7.42,30.0,11.86,48.87,33.99,54.95,50.6,UK,ashford uk,746,579,Ashford,UK,0.652,0.585,45.1,11,52.0,25,52.0,7,UK,740,639,Ashford,United Kingdom,9.8,0,33,42,19.7,0,19,32,uk
354,UK538C1,Basildon,small,dwellings/ha,6.95,5.49,7.7,5.8,7.18,8.34,2.74,6.64,3.13,3.93,3.28,4.13,5.57,UK,5.66,53,155,69.49,24.77,10.18,58,0.39,89.1,2.64,30.91,12.85,39.26,32.8,41.26,55.73,UK,basildon uk,696,582,Basildon,UK,0.61,0.583,58.7,19,40.8,25,60.5,11,UK,719,367,Basildon,United Kingdom,10.2,3,51,63,24.8,0,41,59,uk
355,DE516C1,Solingen,small,dwellings/ha,7.27,3.54,6.37,8.7,6.76,7.44,1.11,7.08,3.21,3.34,3.26,4.46,6.63,DE,5.66,53,156,72.7,31.13,13.18,87,0.72,83.38,0.43,35.1,13.32,33.36,32.58,44.55,66.28,DE,solingen de,385,445,Solingen,DE,0.63,0.595,55.4,31,42.9,25,59.6,14,DE,284,66,Solingen,Germany,13.2,41,103,119,31.1,0,76,98,de
356,ES529C1,Ourense,small,dwellings/ha,7.31,7.1,7.66,6.8,6.54,7.36,0.53,5.47,2.69,5.43,1.15,5.71,5.22,ES,5.65,54,158,73.08,19.48,10.27,68,0.89,82.84,0.1,20.92,10.58,54.35,11.54,57.07,52.2,ES,ourense es,535,805,Ourense,ES,0.566,0.456,42.9,19,59.1,25,40.2,5,ES,709,721,Ourense,Spain,10.3,5,38,47,19.5,0,20,33,es
357,HU019C1,Sopron,small,dwellings/ha,6.56,7.91,4.81,8.6,7.09,8.79,3.57,5.7,3.4,3.17,3.26,3.06,5.37,HU,5.64,55,163,65.55,16.84,16.68,86,0.46,91.95,4.46,22.75,14.45,31.67,32.57,30.62,53.67,HU,sopron hu,92,287,Sopron,HU,0.584,0.559,69.4,16,49.6,25,65.6,5,HU,116,694,Sopron,Hungary,16.7,27,47,52,16.8,0,8,16,hu
359,FR064C2,Arras,small,dwellings/ha,6.68,6.16,6.7,7.7,6.66,8.68,2.79,5.85,2.46,3.19,3.79,3.47,6.11,FR,5.64,55,165,66.83,22.55,12.44,77,0.79,91.24,2.73,23.95,9.55,31.88,37.93,34.68,61.1,FR,arras fr,255,208,Arras,FR,0.586,0.566,65.3,16,43.7,25,67.0,8,FR,453,340,Arras,France,12.4,13,38,45,22.6,0,19,28,fr
360,PL511C1,Walbrzych,small,dwellings/ha,5.22,7.85,4.82,8.3,7.13,4.97,1.89,7.42,4.5,6.46,2.97,7.66,4.33,PL,5.64,55,166,52.15,17.04,16.67,83,0.44,67.69,1.25,38.49,23.14,64.61,29.69,76.61,43.25,PL,walbrzych pl,840,845,Walbrzych,PL,0.6,0.512,23.4,10,58.4,25,21.4,5,PL,74,516,Walbrzych,Poland,16.7,101,173,191,17.0,0,31,59,pl
361,UK559C1,Middlesbrough,small,dwellings/ha,6.58,6.86,8.61,9.5,7.59,8.31,3.86,5.15,3.79,1.73,2.39,3.87,3.91,UK,5.63,56,167,65.82,20.28,8.13,95,0.08,88.9,5.21,18.56,17.1,17.33,23.85,38.69,39.1,UK,middlesbrough uk,240,550,Middlesbrough,UK,0.54,0.535,61.3,27,33.3,25,57.7,9,UK,797,446,Middlesbrough,United Kingdom,8.1,0,28,40,20.3,0,27,43,uk
363,UK561C1,Torbay,small,dwellings/ha,6.96,8.12,8.32,4.5,7.38,8.65,0.96,5.09,3.32,2.93,5.92,2.12,5.71,UK,5.62,57,170,69.65,16.14,8.78,45,0.24,91.1,0.32,18.17,13.93,29.33,59.18,21.2,57.06,UK,torbay uk,37,11,Torbay,UK,0.604,0.633,78.7,52,23.2,25,80.5,27,UK,753,741,Torbay,United Kingdom,8.8,0,43,57,16.1,0,20,41,uk
366,ES050C1,Manresa,small,dwellings/ha,6.03,4.7,5.62,9.0,7.22,9.26,2.1,5.63,4.88,3.89,3.45,4.59,5.0,ES,5.62,57,173,60.29,27.33,14.85,90,0.36,94.97,1.54,22.22,27.17,38.87,34.46,45.92,49.97,ES,manresa es,767,494,Manresa,ES,0.325,0.276,50.9,7,46.7,25,56.6,5,ES,202,190,Manresa,Spain,14.9,23,45,51,27.3,0,23,31,es
369,DE547C1,Jena,small,dwellings/ha,5.9,7.26,6.71,8.5,6.26,8.17,1.8,7.95,4.02,3.36,2.61,4.53,4.84,DE,5.61,58,178,58.95,18.96,12.41,85,1.1,88.05,1.13,44.22,18.83,33.57,26.12,45.29,48.44,DE,jena de,665,546,Jena,DE,0.579,0.532,49.1,13,50.6,25,53.4,8,DE,560,611,Jena,Germany,12.4,16,49,58,19.0,0,17,30,de
370,NO004C1,Stavanger,small,dwellings/ha,5.23,8.42,8.97,7.6,7.49,6.84,5.11,7.07,3.15,3.05,3.68,3.64,4.19,NO,5.61,58,179,52.26,15.18,7.32,76,0.16,79.58,9.12,34.99,12.94,30.47,36.81,36.37,41.85,NO,stavanger no,406,575,Stavanger,NO,0.563,0.551,63.4,17,33.3,25,67.3,6,NO,837,833,Stavanger,Norway,7.3,0,12,19,15.2,0,8,18,no
371,UK044C1,Darlington,small,dwellings/ha,6.26,7.92,8.46,8.5,7.16,8.11,2.71,4.84,3.4,2.82,1.57,4.21,4.63,UK,5.6,59,183,62.58,16.79,8.46,85,0.41,87.65,2.57,16.38,14.47,28.18,15.66,42.08,46.25,UK,darlington uk,281,181,Darlington,UK,0.592,0.572,49.3,21,35.7,25,63.4,11,UK,766,677,Darlington,United Kingdom,8.5,0,27,36,16.8,0,15,29,uk
372,UK046C1,Mansfield,small,dwellings/ha,6.14,6.09,8.09,8.0,7.26,8.8,2.38,5.6,3.15,2.84,5.09,3.56,4.84,UK,5.6,59,184,61.38,22.8,9.3,80,0.33,92.0,1.99,21.98,12.97,28.45,50.89,35.64,48.35,UK,mansfield uk,555,136,Mansfield,UK,0.584,0.584,64.4,15,29.5,25,70.7,12,UK,736,334,Mansfield,United Kingdom,9.3,0,30,39,22.8,0,26,38,uk
373,UK546C1,Colchester,small,dwellings/ha,6.66,7.4,7.95,6.5,7.15,6.89,4.19,5.43,2.01,4.29,2.91,5.11,4.75,UK,5.6,59,185,66.6,18.51,9.61,65,0.41,79.89,6.14,20.61,7.78,42.92,29.11,51.08,47.46,UK,colchester uk,738,611,Colchester,UK,0.636,0.574,48.9,17,59.2,25,53.4,11,UK,765,757,Colchester,United Kingdom,9.6,0,45,58,18.5,0,24,42,uk
375,DE078C1,Greifswald,small,dwellings/ha,5.42,8.53,6.88,9.2,7.16,7.75,2.12,9.04,3.65,2.64,2.01,4.54,4.24,DE,5.6,59,187,54.22,14.82,12.03,92,0.41,85.33,1.58,57.2,16.09,26.43,20.07,45.44,42.45,DE,greifswald de,664,527,Greifswald,DE,0.561,0.531,51.6,8,41.1,25,56.7,4,DE,538,800,Greifswald,Germany,12.0,9,30,35,14.8,0,6,14,de
376,IT041C1,Pisa,small,dwellings/ha,6.42,5.16,4.91,6.8,6.65,8.41,4.19,5.58,3.09,4.83,4.71,4.19,5.96,IT,5.6,59,188,64.16,25.85,16.45,68,0.8,89.53,6.14,21.83,12.61,48.3,47.15,41.87,59.65,IT,pisa it,261,349,Pisa,IT,0.473,0.45,55.1,20,41.5,25,58.2,9,IT,141,221,Pisa,Italy,16.4,42,73,81,25.9,0,29,41,it
377,BE008C1,Leuven,small,dwellings/ha,6.34,4.16,6.1,7.6,7.14,8.38,5.64,5.98,2.66,4.91,3.17,4.47,5.24,BE,5.6,59,189,63.44,29.12,13.77,76,0.43,89.38,11.11,25.04,10.45,49.15,31.73,44.71,52.43,BE,leuven be,416,604,Leuven,BE,0.571,0.56,55.3,15,37.1,25,53.5,6,BE,402,128,Leuven,Belgium,13.8,19,44,50,29.1,0,27,36,be
378,UK057C1,Hyndburn,small,dwellings/ha,6.47,6.4,8.82,7.0,7.39,7.53,2.61,5.19,3.33,3.7,2.12,5.25,4.65,UK,5.59,60,192,64.68,21.79,7.65,70,0.23,83.94,2.39,18.85,13.99,37.04,21.23,52.51,46.52,UK,hyndburn uk,410,649,Hyndburn,UK,0.609,0.555,47.5,13,45.2,25,42.3,4,UK,816,348,Hyndburn,United Kingdom,7.6,0,13,20,21.8,0,17,26,uk
380,NL009C2,Arnhem,small,dwellings/ha,5.82,3.43,6.16,8.4,6.58,8.51,6.45,6.3,4.15,3.23,3.51,4.22,5.58,NL,5.59,60,194,58.21,31.5,13.64,84,0.85,90.17,14.54,27.8,19.93,32.29,35.07,42.17,55.85,NL,arnhem nl,578,665,Arnhem,NL,0.561,0.55,57.8,19,32.5,25,57.7,8,NL,375,77,Arnhem,Netherlands,13.6,31,72,83,31.5,0,51,66,nl
381,PL012C1,Kielce,small,dwellings/ha,6.26,6.49,3.75,8.2,7.1,7.9,2.98,8.4,2.99,4.15,3.68,4.98,5.11,PL,5.59,60,195,62.57,21.48,19.07,82,0.46,86.3,3.11,49.34,12.04,41.49,36.85,49.76,51.1,PL,kielce pl,587,354,Kielce,PL,0.551,0.498,50.2,25,43.3,25,53.8,16,PL,44,288,Kielce,Poland,19.1,122,186,202,21.5,0,45,70,pl
382,NL013C1,Nijmegen,small,dwellings/ha,5.33,3.48,6.32,9.3,7.41,8.84,6.1,6.09,4.26,3.12,3.28,3.23,5.55,NL,5.58,61,199,53.32,31.32,13.29,93,0.22,92.31,13.03,25.99,20.9,31.23,32.84,32.3,55.53,NL,nijmegen nl,337,293,Nijmegen,NL,0.533,0.549,67.7,26,24.3,25,76.0,13,NL,421,112,Nijmegen,Netherlands,13.3,28,69,80,31.3,0,51,66,nl
383,FR076C2,Belfort,small,dwellings/ha,7.0,7.24,6.7,6.9,6.68,7.09,4.54,5.77,1.85,3.76,1.0,4.33,6.01,FR,5.58,61,200,70.01,19.02,12.44,69,0.77,81.13,7.21,23.29,7.21,37.57,10.04,43.32,60.14,FR,belfort fr,121,274,Belfort,FR,0.627,0.578,51.9,23,51.1,25,56.6,8,FR,459,540,Belfort,France,12.4,14,43,50,19.0,0,15,26,fr
387,ES041C1,Palencia,small,dwellings/ha,3.9,6.83,7.4,9.4,7.19,8.71,3.23,6.51,4.46,2.66,3.11,3.63,5.63,ES,5.57,62,207,39.01,20.38,10.86,94,0.38,91.44,3.66,29.66,22.77,26.65,31.1,36.3,56.35,ES,palencia es,634,640,Palencia,ES,0.371,0.299,56.3,11,55.8,25,63.2,5,ES,688,652,Palencia,Spain,10.9,5,30,36,20.4,0,15,24,es
389,FR045C2,Pau,small,dwellings/ha,7.3,7.45,7.02,7.6,5.94,8.97,2.99,5.26,2.29,2.52,3.14,3.37,5.2,FR,5.56,63,210,73.03,18.34,11.71,76,1.34,93.12,3.12,19.35,8.84,25.24,31.35,33.74,52.05,FR,pau fr,453,216,Pau,FR,0.584,0.554,66.3,26,48.1,25,67.7,16,FR,630,714,Pau,France,11.7,17,64,76,18.3,0,23,41,fr
390,FR073C2,Tarbes,small,dwellings/ha,7.73,7.96,7.2,6.9,6.03,8.56,1.35,4.54,1.73,3.05,0.83,3.62,6.42,FR,5.56,63,211,77.29,16.69,11.31,69,1.28,90.48,0.64,14.41,6.82,30.46,8.26,36.22,64.21,FR,tarbes fr,373,296,Tarbes,FR,0.536,0.513,63.8,15,46.9,25,63.2,8,FR,647,760,Tarbes,France,11.3,7,34,41,16.7,0,11,20,fr
391,IT019C1,Pescara,small,dwellings/ha,5.23,5.46,5.21,8.6,7.7,9.49,3.98,4.74,4.15,3.78,4.14,2.56,5.94,IT,5.56,63,212,52.26,24.85,15.77,86,0.0,96.43,5.55,15.7,19.94,37.77,41.36,25.65,59.38,IT,pescara it,44,123,Pescara,IT,0.399,0.397,69.7,43,31.0,25,74.7,16,IT,149,241,Pescara,Italy,15.8,52,96,107,24.9,0,39,55,it
393,ES527C1,Jaen,small,dwellings/ha,5.2,7.7,7.96,6.9,8.81,7.61,2.08,6.17,3.86,5.06,2.23,4.7,3.89,ES,5.55,64,215,52.02,17.52,9.58,69,-0.85,84.44,1.52,26.68,17.64,50.55,22.28,46.99,38.85,ES,jaen es,776,659,Jaen,ES,0.319,0.268,53.0,9,57.8,25,48.4,6,ES,754,782,Jaen,Spain,9.6,1,28,35,17.5,0,13,24,es
394,PL014C1,Olsztyn,small,dwellings/ha,5.2,7.26,6.48,8.6,7.02,7.72,3.62,8.56,3.94,3.35,3.44,5.53,3.51,PL,5.55,64,216,52.01,18.95,12.92,86,0.52,85.15,4.58,51.26,18.23,33.48,34.4,55.26,35.11,PL,olsztyn pl,654,735,Olsztyn,PL,0.515,0.466,44.7,18,42.1,25,43.5,8,PL,316,495,Olsztyn,Poland,12.9,31,82,95,18.9,0,27,46,pl
402,UK551C1,Falkirk,small,dwellings/ha,5.98,7.61,9.13,4.0,7.44,7.68,2.04,6.12,2.61,3.98,1.12,6.59,5.12,UK,5.53,66,227,59.78,17.82,6.97,40,0.19,84.89,1.46,26.25,10.19,39.83,11.18,65.94,51.23,UK,falkirk uk,793,807,Falkirk,UK,0.612,0.56,34.1,12,51.9,25,37.8,6,UK,828,633,Falkirk,United Kingdom,7.0,0,21,34,17.8,0,23,42,uk
403,UK554C1,Maidstone,small,dwellings/ha,6.18,6.83,7.82,7.7,7.19,8.07,2.36,5.2,3.44,3.55,3.94,4.82,4.0,UK,5.53,66,228,61.78,20.38,9.9,77,0.38,87.39,1.95,18.91,14.7,35.46,39.41,48.18,40.04,UK,maidstone uk,584,306,Maidstone,UK,0.628,0.6,51.8,20,40.4,25,58.4,13,UK,725,579,Maidstone,United Kingdom,9.9,1,45,56,20.4,0,27,44,uk
405,PT014C1,Viseu,small,dwellings/ha,7.99,8.23,8.23,0.0,6.89,4.95,1.56,4.13,0.0,8.18,1.31,7.99,6.18,PT,5.53,66,230,79.88,15.78,8.98,0,0.62,67.53,0.85,11.97,2.88,81.79,13.11,79.94,61.81,PT,viseu pt,851,857,Viseu,PT,0.577,0.453,20.1,4,67.5,25,15.2,2,PT,801,821,Viseu,Portugal,9.0,0,24,32,15.8,0,10,21,pt
406,PL042C1,Chelm,small,dwellings/ha,5.6,7.65,5.54,8.7,7.41,7.56,3.35,7.15,2.76,3.56,2.93,4.37,4.87,PL,5.53,66,231,55.98,17.69,15.03,87,0.22,84.13,3.93,35.82,10.89,35.58,29.28,43.65,48.67,PL,chelm pl,755,433,Chelm,PL,0.545,0.522,56.3,6,38.4,25,58.4,5,PL,147,556,Chelm,Poland,15.0,23,44,50,17.7,0,10,18,pl
407,PL050C1,Zgierz,small,dwellings/ha,6.34,6.51,4.1,8.7,7.33,7.8,0.92,8.34,2.28,5.24,2.76,5.37,4.72,PL,5.53,66,232,63.37,21.42,18.29,87,0.28,85.68,0.3,48.7,8.79,52.38,27.6,53.65,47.17,PL,zgierz pl,732,668,Zgierz,PL,0.584,0.54,46.3,6,47.4,25,46.5,3,PL,43,243,Zgierz,Poland,18.3,35,55,60,21.4,0,14,22,pl
409,NL007C1,Groningen,small,dwellings/ha,5.28,5.44,6.82,8.6,7.05,7.96,6.34,6.4,4.45,2.38,3.03,3.95,4.8,NL,5.52,67,235,52.83,24.91,12.15,86,0.5,86.66,14.05,28.66,22.67,23.75,30.34,39.49,47.96,NL,groningen nl,445,587,Groningen,NL,0.565,0.545,51.9,25,33.0,25,66.3,10,NL,641,408,Groningen,Netherlands,12.2,18,59,70,24.9,0,35,50,nl
410,DE026C1,Trier,small,dwellings/ha,5.73,6.75,6.73,6.8,6.32,7.24,0.8,7.9,3.35,4.63,4.11,5.85,4.8,DE,5.52,67,236,57.32,20.65,12.36,68,1.05,82.08,0.22,43.66,14.12,46.28,41.09,58.54,48.0,DE,trier de,596,770,Trier,DE,0.578,0.53,41.5,15,46.8,25,41.1,5,DE,509,499,Trier,Germany,12.4,18,54,64,20.6,0,23,36,de
412,PL049C1,Swidnica,small,dwellings/ha,5.59,6.89,4.51,9.2,7.29,8.54,3.25,8.65,3.96,2.91,2.8,4.04,4.49,PL,5.52,67,238,55.88,20.17,17.37,92,0.31,90.34,3.69,52.36,18.36,29.12,28.02,40.45,44.86,PL,swidnica pl,572,320,Swidnica,PL,0.546,0.535,59.6,8,32.4,25,58.5,5,PL,63,301,Swidnica,Poland,17.4,35,58,64,20.1,0,14,23,pl
413,UK033C1,Guildford,small,dwellings/ha,6.7,6.95,8.32,5.2,7.31,5.55,2.1,6.19,1.33,5.45,2.43,5.22,5.64,UK,5.51,68,243,66.96,19.99,8.78,52,0.3,71.37,1.55,26.83,5.66,54.54,24.34,52.16,56.36,UK,guildford uk,748,759,Guildford,UK,0.698,0.625,47.8,12,60.6,25,49.6,6,UK,814,732,Guildford,United Kingdom,8.8,0,25,34,20.0,0,19,32,uk
415,NL018C1,Hilversum,small,dwellings/ha,6.69,3.31,6.65,8.9,6.98,8.5,6.77,5.25,4.3,2.43,2.89,2.58,5.09,NL,5.51,68,245,66.92,31.9,12.53,89,0.55,90.11,16.06,19.31,21.23,24.28,28.94,25.76,50.9,NL,hilversum nl,58,66,Hilversum,NL,0.553,0.567,69.8,27,31.4,25,71.8,11,NL,494,101,Hilversum,Netherlands,12.5,15,43,50,31.9,0,36,46,nl
416,NL505C1,Maastricht,small,dwellings/ha,5.64,3.5,6.18,9.2,6.97,8.66,4.76,5.31,4.06,3.36,3.42,4.14,5.37,NL,5.51,68,246,56.41,31.27,13.6,92,0.56,91.15,7.93,19.77,19.18,33.65,34.24,41.4,53.7,NL,maastricht nl,272,285,Maastricht,NL,0.523,0.534,58.6,25,28.7,25,64.6,11,NL,298,48,Maastricht,Netherlands,13.6,30,69,80,31.3,0,49,64,nl
417,DE515C1,Herne,small,dwellings/ha,6.36,2.3,6.0,9.7,7.12,8.86,1.01,7.23,3.98,2.8,4.13,3.94,5.72,DE,5.51,68,247,63.56,35.21,14.0,97,0.44,92.42,0.35,36.58,18.51,27.96,41.28,39.37,57.17,DE,herne de,533,223,Herne,DE,0.564,0.563,56.3,25,26.6,25,66.5,17,DE,188,9,Herne,Germany,14.0,52,115,131,35.2,2,92,114,de
422,CZ007C1,Liberec,small,dwellings/ha,6.64,7.02,5.0,8.4,6.59,7.72,2.01,5.91,2.77,4.16,3.01,4.09,5.33,CZ,5.5,69,252,66.35,19.76,16.25,84,0.84,85.16,1.41,24.49,10.96,41.65,30.11,40.89,53.26,CZ,liberec cz,354,543,Liberec,CZ,0.598,0.559,59.1,17,46.4,25,56.8,7,CZ,135,502,Liberec,Czech Republic,16.3,40,71,79,19.7,0,18,30,cz
423,FR084C1,Creil,small,dwellings/ha,6.13,5.53,6.35,9.5,6.47,9.09,2.45,6.24,4.13,2.44,3.8,3.06,4.94,FR,5.5,69,253,61.29,24.62,13.23,95,0.94,93.89,2.11,27.26,19.74,24.41,37.96,30.59,49.37,FR,creil fr,274,486,Creil,FR,0.522,0.525,69.4,11,29.2,25,65.5,4,FR,456,388,Creil,France,13.2,10,26,30,24.6,0,13,19,fr
424,DE049C1,Ludwigsburg,small,dwellings/ha,6.42,4.43,6.25,9.1,7.34,8.59,1.6,6.88,4.44,2.67,3.8,4.45,4.33,DE,5.5,69,254,64.25,28.22,13.44,91,0.27,90.7,0.9,33.09,22.54,26.75,38.01,44.45,43.32,DE,ludwigsburg de,499,557,Ludwigsburg,DE,0.545,0.547,51.7,14,33.9,25,54.4,6,DE,342,143,Ludwigsburg,Germany,13.4,20,49,57,28.2,0,31,41,de
425,DE068C1,Sindelfingen,small,dwellings/ha,5.14,5.78,6.84,9.0,6.53,8.49,2.13,7.92,4.38,2.45,4.02,4.9,4.5,DE,5.5,69,255,51.39,23.8,12.11,90,0.89,90.04,1.59,43.86,21.95,24.46,40.18,49.01,45.04,DE,sindelfingen de,477,606,Sindelfingen,DE,0.575,0.56,51.0,10,37.3,25,53.2,4,DE,588,349,Sindelfingen,Germany,12.1,8,27,31,23.8,0,15,22,de
428,NL504C1,Amersfoort,small,dwellings/ha,5.97,3.07,6.64,9.6,7.06,9.07,5.93,5.98,4.32,2.18,2.94,2.5,5.27,NL,5.49,70,261,59.68,32.68,12.55,96,0.48,93.72,12.31,25.0,21.48,21.76,29.38,24.96,52.69,NL,amersfoort nl,357,291,Amersfoort,NL,0.549,0.552,75.0,22,27.8,25,77.2,11,NL,592,89,Amersfoort,Netherlands,12.6,18,52,60,32.7,0,44,56,nl
429,FR069C1,Cherbourg,small,dwellings/ha,6.29,6.53,7.09,8.6,7.13,7.87,3.26,5.63,2.47,3.8,2.87,4.17,4.41,FR,5.49,70,262,62.9,21.35,11.55,86,0.43,86.1,3.73,22.21,9.56,38.03,28.74,41.75,44.08,FR,cherbourg fr,177,341,Cherbourg,FR,0.579,0.559,58.3,18,41.1,25,62.7,7,FR,635,487,Cherbourg,France,11.5,8,32,38,21.4,0,16,25,fr
430,DE045C1,Iserlohn,small,dwellings/ha,6.04,4.96,6.7,6.8,7.04,6.77,3.1,6.26,2.89,3.99,4.27,5.92,5.3,DE,5.49,70,263,60.37,26.48,12.43,68,0.5,79.09,3.36,27.39,11.54,39.94,42.66,59.21,52.96,DE,iserlohn de,708,704,Iserlohn,DE,0.643,0.591,40.8,11,53.7,25,39.8,5,DE,422,132,Iserlohn,Germany,12.4,17,51,60,26.5,0,33,45,de
432,IT063C1,Molfetta,small,dwellings/ha,7.95,6.83,5.26,9.8,8.8,9.66,3.1,2.7,4.68,2.0,0.89,1.84,3.74,IT,5.48,71,268,79.52,20.38,15.68,98,-0.85,97.48,3.36,5.11,25.03,19.99,8.93,18.44,37.42,IT,molfetta it,26,50,Molfetta,IT,0.361,0.315,75.7,21,58.9,25,78.7,8,IT,167,528,Molfetta,Italy,15.7,21,40,44,20.4,0,11,18,it
434,IT057C1,Avellino,small,dwellings/ha,8.87,5.7,5.03,0.0,7.07,9.71,0.0,3.27,3.14,4.64,0.3,4.96,8.19,IT,5.48,71,270,88.68,24.07,16.19,0,0.48,97.85,0.0,7.51,12.9,46.37,2.95,49.65,81.88,IT,avellino it,413,608,Avellino,IT,0.601,0.484,50.4,10,53.8,25,53.2,4,IT,145,295,Avellino,Italy,16.2,24,44,48,24.1,0,16,23,it
436,AT003C1,Linz,small,dwellings/ha,5.65,3.81,6.16,8.8,6.64,8.95,2.38,9.25,3.84,2.51,3.65,4.15,5.13,AT,5.47,72,273,56.5,30.25,13.64,88,0.81,92.96,1.98,59.84,17.47,25.13,36.48,41.5,51.34,AT,linz at,134,372,Linz,AT,0.546,0.536,58.5,47,36.4,25,66.1,15,AT,339,57,Linz,Austria,13.6,42,98,113,30.3,1,66,86,at
438,UK549C1,Bedford,small,dwellings/ha,5.86,6.89,8.25,7.4,6.83,7.23,4.27,5.3,2.84,3.92,1.26,5.07,4.62,UK,5.47,72,275,58.62,20.19,8.93,74,0.66,82.06,6.37,19.64,11.3,39.24,12.56,50.72,46.24,UK,bedford uk,551,434,Bedford,UK,0.634,0.567,49.3,21,52.1,25,53.2,12,UK,774,549,Bedford,United Kingdom,8.9,0,37,49,20.2,0,28,45,uk
439,UK575C1,Carlisle,small,dwellings/ha,5.15,8.71,8.85,6.8,7.12,7.14,2.22,4.91,3.23,3.99,4.36,4.53,4.09,UK,5.47,72,276,51.52,14.22,7.58,68,0.44,81.45,1.72,16.89,13.42,39.89,43.65,45.27,40.9,UK,carlisle uk,418,307,Carlisle,UK,0.641,0.608,54.7,20,46.6,25,59.9,11,UK,822,827,Carlisle,United Kingdom,7.6,0,19,28,14.2,0,9,22,uk
440,NL522C1,Assen,small,dwellings/ha,5.32,6.13,6.98,9.1,7.09,7.45,6.33,7.31,3.2,2.38,2.52,2.89,4.97,NL,5.47,72,277,53.18,22.66,11.8,91,0.46,83.46,14.03,37.38,13.24,23.78,25.19,28.91,49.69,NL,assen nl,323,175,Assen,NL,0.604,0.606,63.4,12,35.1,25,73.6,7,NL,631,462,Assen,Netherlands,11.8,7,27,32,22.7,0,14,22,nl
442,PL051C1,Tczew,small,dwellings/ha,4.97,7.14,6.4,7.9,7.37,8.76,4.24,8.36,4.19,2.79,3.66,3.85,3.67,PL,5.47,72,279,49.75,19.35,13.09,79,0.25,91.8,6.28,48.92,20.25,27.89,36.57,38.49,36.72,PL,tczew pl,548,251,Tczew,PL,0.509,0.498,61.5,7,31.3,25,64.1,5,PL,264,416,Tczew,Poland,13.1,12,30,35,19.2,0,10,17,pl
443,UK032C1,Thurrock,small,dwellings/ha,6.74,5.3,7.65,3.8,7.27,8.28,4.04,4.97,3.37,3.27,3.75,5.25,5.14,UK,5.46,73,282,67.42,25.38,10.3,38,0.32,88.7,5.7,17.32,14.25,32.65,37.55,52.45,51.43,UK,thurrock uk,700,614,Thurrock,UK,0.557,0.506,47.5,13,43.0,25,55.5,8,UK,700,265,Thurrock,United Kingdom,10.3,3,40,49,25.4,0,33,47,uk
444,UK540C1,Wycombe,small,dwellings/ha,6.43,6.82,8.24,5.4,6.93,7.49,1.09,6.0,2.94,5.17,1.55,4.74,5.08,UK,5.46,73,283,64.34,20.4,8.95,54,0.58,83.66,0.41,25.17,11.78,51.73,15.48,47.4,50.77,UK,wycombe uk,729,620,Wycombe,UK,0.655,0.627,52.6,16,45.9,25,50.4,9,UK,810,703,Wycombe,United Kingdom,9.0,0,32,43,20.4,0,24,39,uk
445,UK581C1,Rugby,small,dwellings/ha,5.9,6.79,8.35,6.0,7.21,6.93,3.26,5.68,2.17,3.39,3.29,5.36,5.12,UK,5.46,73,284,59.02,20.5,8.71,60,0.37,80.11,3.73,22.62,8.37,33.88,32.87,53.6,51.21,UK,rugby uk,669,652,Rugby,UK,0.69,0.608,46.4,12,61.5,25,51.7,6,UK,800,588,Rugby,United Kingdom,8.7,0,23,31,20.5,0,19,30,uk
446,NL517C1,Hengelo,small,dwellings/ha,5.64,5.45,6.49,9.0,6.73,8.67,6.08,5.87,3.41,2.47,2.21,3.17,5.18,NL,5.46,73,285,56.39,24.89,12.9,90,0.74,91.21,12.93,24.13,14.47,24.7,22.12,31.74,51.82,NL,hengelo nl,104,160,Hengelo,NL,0.568,0.576,63.3,19,35.1,25,73.4,8,NL,450,308,Hengelo,Netherlands,12.9,13,35,40,24.9,0,19,27,nl
451,ES035C1,Torrevieja,small,dwellings/ha,3.91,6.92,6.41,6.7,7.62,9.08,2.33,6.56,3.47,4.23,2.93,3.89,6.2,ES,5.46,73,290,39.14,20.08,13.08,67,0.05,93.8,1.9,30.15,14.85,42.34,29.31,38.91,61.95,ES,torrevieja es,827,99,Torrevieja,ES,0.182,0.185,57.3,5,21.8,25,77.1,10,ES,420,587,Torrevieja,Spain,13.1,16,41,48,20.1,0,15,25,es
452,PL043C1,Pabianice,small,dwellings/ha,6.89,6.21,4.28,9.3,7.14,7.86,2.28,8.14,3.01,4.28,3.05,4.13,3.75,PL,5.46,73,291,68.88,22.4,17.87,93,0.42,86.06,1.82,46.38,12.2,42.8,30.54,41.34,37.55,PL,pabianice pl,605,182,Pabianice,PL,0.552,0.523,58.7,8,41.7,25,58.9,6,PL,52,199,Pabianice,Poland,17.9,38,61,67,22.4,0,17,26,pl
453,PL048C1,Leszno,small,dwellings/ha,5.22,6.88,5.77,8.5,7.04,9.15,1.86,6.88,3.04,1.66,3.61,3.82,5.93,PL,5.46,73,292,52.17,20.2,14.52,85,0.5,94.22,1.22,33.17,12.36,16.64,36.14,38.2,59.32,PL,leszno pl,601,220,Leszno,PL,0.487,0.471,61.8,7,33.8,25,64.4,5,PL,175,406,Leszno,Poland,14.5,16,34,39,20.2,0,11,17,pl
454,NL524C1,Veenendaal,small,dwellings/ha,5.04,4.63,6.68,9.5,7.3,9.27,7.43,5.15,4.33,1.82,1.76,2.89,5.14,NL,5.45,74,294,50.4,27.56,12.47,95,0.3,95.04,19.32,18.58,21.49,18.21,17.65,28.89,51.4,NL,veenendaal nl,395,186,Veenendaal,NL,0.533,0.549,64.7,9,23.1,25,74.2,5,NL,578,242,Veenendaal,Netherlands,12.5,7,22,25,27.6,0,15,20,nl
455,CZ004C1,Plzen,small,dwellings/ha,5.37,6.5,5.67,7.0,6.92,8.19,4.7,7.65,3.57,2.98,3.0,5.28,4.64,CZ,5.45,74,295,53.72,21.46,14.74,70,0.6,88.13,7.74,40.93,15.53,29.82,30.03,52.78,46.44,CZ,plzen cz,388,552,Plzen,CZ,0.549,0.501,47.2,30,46.3,25,48.0,11,CZ,166,337,Plzen,Czech Republic,14.7,57,116,130,21.4,0,40,61,cz
456,DE520C1,Oldenburg,small,dwellings/ha,6.3,6.18,6.66,9.0,7.0,8.3,3.83,6.46,3.2,2.11,3.34,2.49,4.83,DE,5.45,74,296,62.96,22.5,12.53,90,0.53,88.82,5.13,29.2,13.22,21.11,33.4,24.93,48.29,DE,oldenburg de,284,109,Oldenburg,DE,0.604,0.618,75.1,32,28.2,25,77.6,19,DE,467,333,Oldenburg,Germany,12.5,27,78,92,22.5,0,38,57,de
457,UK583C1,Kettering,small,dwellings/ha,5.81,7.26,8.35,6.2,7.08,7.96,0.82,6.04,3.56,3.32,3.86,4.64,4.49,UK,5.44,75,298,58.11,18.97,8.71,62,0.47,86.67,0.23,25.56,15.44,33.18,38.58,46.36,44.9,UK,kettering uk,503,283,Kettering,UK,0.608,0.577,53.6,14,40.4,25,59.8,8,UK,776,602,Kettering,United Kingdom,8.7,0,22,29,19.0,0,15,26,uk
458,FR048C1,Annecy,small,dwellings/ha,7.14,5.86,6.75,7.8,6.38,8.43,2.34,5.87,2.85,2.53,3.73,3.64,4.82,FR,5.44,75,299,71.44,23.54,12.32,78,1.01,89.68,1.92,24.11,11.33,25.35,37.25,36.42,48.23,FR,annecy fr,264,436,Annecy,FR,0.568,0.509,63.6,23,46.7,25,62.3,9,FR,558,266,Annecy,France,12.3,17,51,60,23.5,0,27,40,fr
459,PL035C1,Inowroclaw,small,dwellings/ha,4.95,6.88,4.99,9.3,7.46,8.79,1.85,8.26,3.55,2.64,3.14,5.01,4.4,PL,5.44,75,300,49.49,20.2,16.27,93,0.18,91.94,1.2,47.76,15.41,26.36,31.42,50.1,43.97,PL,inowroclaw pl,735,548,Inowroclaw,PL,0.511,0.468,49.9,6,42.3,25,44.3,4,PL,109,375,Inowroclaw,Poland,16.3,28,49,54,20.2,0,13,21,pl
461,AT005C1,Innsbruck,small,dwellings/ha,6.92,5.33,6.28,8.9,0.0,8.03,3.55,6.81,4.38,3.35,4.75,3.74,6.08,AT,5.43,76,305,69.2,25.29,13.38,89,5.88,87.12,4.41,32.48,21.97,33.51,47.52,37.36,60.78,AT,innsbruck at,170,355,Innsbruck,AT,0.558,0.53,62.6,25,36.5,25,68.6,9,AT,451,363,Innsbruck,Austria,13.4,21,50,58,25.3,0,27,37,at
462,NL008C1,Enschede,small,dwellings/ha,5.83,5.21,6.4,7.9,6.67,8.31,5.04,6.5,3.7,2.78,2.33,3.75,5.17,NL,5.43,76,306,58.26,25.67,13.1,79,0.79,88.92,8.88,29.61,16.44,27.76,23.33,37.47,51.74,NL,enschede nl,204,273,Enschede,NL,0.589,0.555,62.5,32,44.7,25,64.9,14,NL,393,237,Enschede,Netherlands,13.1,29,75,86,25.7,0,42,58,nl
464,FR051C2,Troyes,small,dwellings/ha,7.17,6.61,6.49,8.5,6.87,9.13,3.66,6.37,2.76,2.12,4.08,2.59,3.6,FR,5.43,76,308,71.74,21.11,12.91,85,0.63,94.15,4.69,28.39,10.89,21.15,40.76,25.89,36.03,FR,troyes fr,166,64,Troyes,FR,0.51,0.507,74.1,28,32.3,25,79.0,15,FR,438,505,Troyes,France,12.9,21,57,67,21.1,0,23,37,fr
465,DE059C1,Bayreuth,small,dwellings/ha,6.27,5.09,6.9,8.6,6.58,8.68,0.71,7.76,3.2,3.49,4.13,4.05,4.24,DE,5.43,76,309,62.73,26.07,11.98,86,0.86,91.26,0.18,42.16,13.25,34.92,41.27,40.5,42.35,DE,bayreuth de,326,447,Bayreuth,DE,0.584,0.553,51.8,15,47.6,25,56.5,6,DE,544,164,Bayreuth,Germany,12.0,11,37,44,26.1,0,24,34,de
466,DE513C1,Kassel,small,dwellings/ha,5.95,5.81,6.78,8.2,7.07,7.96,1.55,7.44,4.01,1.92,3.76,3.74,5.07,DE,5.43,76,310,59.5,23.71,12.25,82,0.48,86.67,0.84,38.74,18.74,19.17,37.63,37.41,50.72,DE,kassel de,186,183,Kassel,DE,0.569,0.579,56.7,48,28.7,25,71.5,22,DE,500,294,Kassel,Germany,12.3,32,100,117,23.7,0,55,80,de
468,FR308C1,Evry,small,dwellings/ha,6.2,3.69,5.94,7.9,7.59,9.02,3.41,6.93,4.41,2.94,4.12,3.87,4.26,FR,5.42,77,314,61.95,30.64,14.13,79,0.08,93.44,4.06,33.57,22.3,29.38,41.18,38.67,42.59,FR,evry fr,727,737,Evry,FR,0.542,0.536,61.3,8,29.1,25,64.3,4,FR,498,198,Evry,France,14.1,14,31,36,30.6,0,20,26,fr
469,DE052C1,Flensburg,small,dwellings/ha,5.54,6.83,7.08,7.8,7.57,7.56,1.36,8.02,3.43,2.82,3.61,4.24,4.4,DE,5.42,77,315,55.38,20.36,11.58,78,0.1,84.12,0.65,44.99,14.63,28.17,36.08,42.41,43.98,DE,flensburg de,305,316,Flensburg,DE,0.603,0.601,51.1,17,31.4,25,64.5,8,DE,534,361,Flensburg,Germany,11.6,10,43,51,20.4,0,20,32,de
470,RO009C1,Sibiu,small,dwellings/ha,7.28,7.24,6.67,9.7,6.48,9.62,1.06,5.13,4.35,1.14,2.93,2.01,4.03,RO,5.42,77,316,72.8,19.02,12.5,97,0.93,97.22,0.4,18.42,21.68,11.44,29.27,20.09,40.25,RO,sibiu ro,94,38,Sibiu,RO,0.437,0.458,79.9,31,26.9,25,78.5,16,RO,434,545,Sibiu,Romania,12.5,19,56,66,19.0,0,20,34,ro
471,NL513C1,Deventer,small,dwellings/ha,5.17,5.1,6.49,8.0,6.96,7.45,5.55,5.8,3.72,3.9,2.44,4.67,4.94,NL,5.41,78,319,51.74,26.02,12.9,80,0.56,83.43,10.77,23.53,16.59,39.05,24.36,46.66,49.44,NL,deventer nl,320,647,Deventer,NL,0.622,0.588,53.3,17,47.0,25,55.0,5,NL,488,277,Deventer,Netherlands,12.9,16,42,49,26.0,0,25,34,nl
472,FR047C2,Annemasse,small,dwellings/ha,7.21,5.32,6.39,7.5,6.05,8.12,2.0,6.84,2.35,2.36,2.27,2.68,6.59,FR,5.41,78,320,72.09,25.3,13.13,75,1.26,87.68,1.4,32.8,9.08,23.55,22.73,26.83,65.93,FR,annemasse fr,128,295,Annemasse,FR,0.595,0.56,68.1,17,45.7,25,70.4,6,FR,531,402,Annemasse,France,13.1,11,28,33,25.3,0,15,22,fr
473,DE537C1,Reutlingen,small,dwellings/ha,6.6,5.97,6.69,7.5,7.19,8.12,2.03,5.97,3.73,2.56,3.69,3.91,4.52,DE,5.41,78,321,66.01,23.2,12.45,75,0.39,87.67,1.44,24.95,16.67,25.62,36.89,39.11,45.15,DE,reutlingen de,378,360,Reutlingen,DE,0.592,0.589,56.3,20,38.7,25,57.4,9,DE,582,425,Reutlingen,Germany,12.4,16,48,57,23.2,0,25,37,de
475,IT520C1,Grosseto,small,dwellings/ha,6.06,7.03,6.2,7.9,7.09,8.15,3.28,4.19,2.68,4.01,0.14,4.48,5.43,IT,5.4,79,324,60.58,19.72,13.54,79,0.47,87.92,3.76,12.31,10.5,40.09,1.44,44.76,54.26,IT,grosseto it,603,580,Grosseto,IT,0.485,0.415,52.4,13,70.3,25,53.4,6,IT,383,646,Grosseto,Italy,13.5,21,50,57,19.7,0,17,27,it
476,IT043C1,Varese,small,dwellings/ha,8.19,4.41,2.82,8.4,7.67,8.49,0.75,3.84,2.72,4.52,1.97,4.23,5.83,IT,5.4,79,325,81.91,28.3,21.17,84,0.02,90.07,0.2,10.3,10.69,45.18,19.66,42.3,58.31,IT,varese it,289,551,Varese,IT,0.615,0.559,57.7,18,43.8,25,59.3,6,IT,32,129,Varese,Italy,21.2,66,94,102,28.3,0,32,42,it
477,IT052C1,Savona,small,dwellings/ha,7.26,4.75,4.15,9.4,4.89,9.54,2.59,5.45,4.42,3.08,2.17,3.37,5.36,IT,5.4,79,326,72.56,27.17,18.16,94,2.15,96.75,2.35,20.81,22.38,30.77,21.69,33.73,53.57,IT,savona it,39,427,Savona,IT,0.501,0.418,59.4,26,51.6,25,65.9,6,IT,77,144,Savona,Italy,18.2,45,71,78,27.2,0,27,37,it
479,SI002C1,Maribor,small,dwellings/ha,6.95,7.56,3.97,8.0,6.28,7.75,4.11,5.76,2.6,3.38,2.91,4.11,4.74,SI,5.4,79,328,69.54,18.0,18.58,80,1.08,85.37,5.9,23.22,10.17,33.79,29.15,41.13,47.45,SI,maribor si,152,286,Maribor,SI,0.599,0.522,58.9,27,53.9,25,59.1,10,SI,56,555,Maribor,Slovenia,18.6,67,105,114,17.8,0,18,33,si
481,CZ012C1,Kladno,small,dwellings/ha,5.59,6.29,5.74,8.1,7.19,8.49,1.89,7.12,3.83,2.77,3.72,4.85,4.29,CZ,5.39,80,330,55.91,22.15,14.6,81,0.39,90.09,1.25,35.48,17.36,27.71,37.22,48.53,42.86,CZ,kladno cz,624,493,Kladno,CZ,0.56,0.521,47.8,8,37.4,25,55.1,4,CZ,163,264,Kladno,Czech Republic,14.6,21,43,48,22.1,0,16,24,cz
483,DE028C1,Regensburg,small,dwellings/ha,5.41,4.87,6.52,8.4,7.22,8.6,2.02,8.3,3.83,3.15,4.11,3.99,4.23,DE,5.39,80,332,54.14,26.77,12.83,84,0.36,90.75,1.43,48.27,17.41,31.54,41.11,39.92,42.32,DE,regensburg de,438,509,Regensburg,DE,0.517,0.503,53.9,24,34.1,25,64.6,10,DE,463,194,Regensburg,Germany,12.8,25,69,80,26.8,0,43,58,de
484,DE054C1,Konstanz,small,dwellings/ha,5.63,7.29,6.78,7.6,6.63,7.05,2.35,7.39,4.54,3.4,3.72,3.54,4.21,DE,5.39,80,333,56.28,18.86,12.25,76,0.81,80.87,1.93,38.18,23.58,34.01,37.22,35.45,42.12,DE,konstanz de,105,333,Konstanz,DE,0.597,0.619,64.6,22,33.6,25,60.1,7,DE,598,702,Konstanz,Germany,12.2,11,35,41,18.9,0,12,21,de
485,DE519C1,Leverkusen,small,dwellings/ha,6.17,2.95,6.1,8.0,7.23,7.96,2.83,7.09,3.65,3.12,3.31,4.96,5.16,DE,5.39,80,334,61.74,33.07,13.77,80,0.36,86.68,2.81,35.15,16.09,31.16,33.08,49.64,51.61,DE,leverkusen de,558,567,Leverkusen,DE,0.607,0.574,50.4,25,40.4,25,50.3,12,DE,266,18,Leverkusen,Germany,13.8,46,104,119,33.1,2,78,99,de
486,IT507C1,Ferrara,small,dwellings/ha,6.68,4.96,2.52,6.0,7.1,7.35,5.34,4.11,1.88,5.83,2.99,5.63,6.24,IT,5.39,80,335,66.77,26.49,21.84,60,0.45,82.79,9.97,11.85,7.33,58.28,29.86,56.31,62.39,IT,ferrara it,563,666,Ferrara,IT,0.543,0.461,43.7,24,69.7,25,45.1,10,IT,26,163,Ferrara,Italy,21.8,142,198,213,26.5,0,58,80,it
488,UK034C1,Thanet,small,dwellings/ha,4.56,6.39,7.8,8.5,7.51,7.98,2.72,5.54,3.57,3.08,4.87,2.6,4.98,UK,5.38,81,339,45.61,21.81,9.95,85,0.14,86.78,2.59,21.51,15.53,30.78,48.74,26.04,49.84,UK,thanet uk,107,22,Thanet,UK,0.511,0.518,74.0,41,28.5,25,77.8,23,UK,694,328,Thanet,United Kingdom,10.0,3,53,67,21.8,0,36,56,uk
490,FR304C1,Melun,small,dwellings/ha,7.02,5.16,6.44,8.7,6.76,8.61,2.71,5.6,3.08,3.34,3.61,2.78,4.21,FR,5.38,81,341,70.2,25.82,13.01,87,0.72,90.79,2.56,21.98,12.57,33.41,36.1,27.8,42.07,FR,melun fr,145,400,Melun,FR,0.595,0.581,72.2,19,36.8,25,64.9,6,FR,425,227,Melun,France,13.0,14,38,44,25.8,0,22,30,fr
492,PL516C1,Legnica,small,dwellings/ha,5.26,7.09,5.0,8.8,7.33,8.43,2.55,7.67,3.67,3.22,2.85,5.69,3.46,PL,5.38,81,343,52.63,19.52,16.27,88,0.28,89.66,2.28,41.15,16.2,32.15,28.49,56.93,34.57,PL,legnica pl,655,586,Legnica,PL,0.561,0.522,43.1,11,42.4,25,47.5,6,PL,108,418,Legnica,Poland,16.3,40,71,79,19.5,0,18,29,pl
495,CZ006C1,Olomouc,small,dwellings/ha,5.5,6.12,3.42,8.4,7.06,8.52,2.92,7.76,3.15,3.69,3.19,5.17,4.71,CZ,5.37,82,348,54.96,22.68,19.81,84,0.49,90.28,2.98,42.15,12.97,36.87,31.89,51.7,47.06,CZ,olomouc cz,639,479,Olomouc,CZ,0.539,0.481,48.3,12,42.6,25,54.6,7,CZ,51,312,Olomouc,Czech Republic,19.8,61,90,97,22.7,0,23,34,cz
498,DE069C1,Rosenheim,small,dwellings/ha,7.06,7.2,6.51,0.0,7.04,7.63,1.12,6.71,3.47,3.33,3.68,6.99,5.59,DE,5.37,82,351,70.56,19.17,12.86,0,0.5,84.58,0.44,31.5,14.88,33.25,36.81,69.9,55.93,DE,rosenheim de,709,711,Rosenheim,DE,0.581,0.497,30.1,6,45.1,25,47.1,3,DE,465,655,Rosenheim,Germany,12.9,10,28,33,19.2,0,10,16,de
499,DE545C1,Erlangen,small,dwellings/ha,6.22,5.33,6.54,5.9,7.09,8.36,1.71,7.85,3.65,3.24,3.79,4.33,4.7,DE,5.37,82,352,62.22,25.27,12.78,59,0.46,89.22,1.02,43.18,16.1,32.35,37.89,43.29,47.0,DE,erlangen de,394,613,Erlangen,DE,0.55,0.542,51.1,20,37.0,25,51.3,7,DE,443,179,Erlangen,Germany,12.8,20,55,64,25.3,0,31,44,de
500,IT017C1,Ancona,small,dwellings/ha,6.12,6.04,5.88,6.0,7.45,8.58,0.54,5.36,3.09,5.3,3.15,5.21,4.65,IT,5.37,82,353,61.17,22.95,14.28,60,0.19,90.64,0.1,20.13,12.61,52.96,31.45,52.11,46.49,IT,ancona it,583,749,Ancona,IT,0.511,0.42,45.2,16,61.9,25,50.8,6,IT,251,370,Ancona,Italy,14.3,33,69,79,22.9,0,28,42,it
501,IT026C1,Sassari,small,dwellings/ha,6.28,7.59,6.95,7.1,8.37,7.67,2.28,3.12,2.66,3.86,0.19,3.97,5.37,IT,5.37,82,354,62.84,17.88,11.86,71,-0.52,84.85,1.82,6.83,10.44,38.56,1.9,39.75,53.66,IT,sassari it,444,673,Sassari,IT,0.48,0.397,56.6,20,61.1,25,45.9,7,IT,643,767,Sassari,Italy,11.9,13,48,56,17.9,0,16,29,it
502,HR005C1,Split,small,dwellings/ha,3.71,8.04,7.29,9.2,5.74,9.34,0.59,6.72,4.42,4.01,3.35,3.16,4.73,HR,5.37,82,355,37.09,16.4,11.1,92,1.49,95.46,0.12,31.61,22.41,40.13,33.49,31.56,47.28,HR,split hr,277,124,Split,HR,0.441,0.412,68.4,33,37.7,25,59.0,19,HR,636,710,Split,Croatia,11.1,13,72,86,16.4,0,22,43,hr
504,IE004C1,Galway,small,dwellings/ha,5.39,9.62,9.1,0.0,7.34,8.11,1.05,6.44,2.52,3.5,3.54,6.4,5.26,IE,5.37,82,357,53.95,11.26,7.03,0,0.27,87.61,0.39,29.03,9.79,34.98,35.39,63.95,52.55,IE,galway ie,734,811,Galway,IE,0.611,0.573,36.0,5,43.0,25,51.2,2,IE,835,852,Galway,Ireland,7.0,0,7,11,11.3,0,2,8,ie
505,UK055C1,Eastbourne,small,dwellings/ha,4.93,6.83,7.27,9.7,7.47,8.69,2.74,4.72,4.1,2.43,4.54,2.22,4.26,UK,5.36,83,358,49.33,20.37,11.14,97,0.18,91.34,2.63,15.62,19.55,24.26,45.35,22.25,42.56,UK,eastbourne uk,27,14,Eastbourne,UK,0.545,0.578,77.8,43,22.3,25,83.0,20,UK,648,485,Eastbourne,United Kingdom,11.1,10,50,61,20.4,0,25,40,uk
506,DE525C1,Recklinghausen,small,dwellings/ha,6.5,2.96,6.04,8.3,7.12,8.31,1.11,6.93,3.3,3.0,3.23,4.81,5.33,DE,5.36,83,359,65.02,33.05,13.92,83,0.44,88.92,0.43,33.57,13.83,29.98,32.31,48.08,53.33,DE,recklinghausen de,597,498,Recklinghausen,DE,0.6,0.584,51.9,17,37.8,25,53.9,9,DE,203,39,Recklinghausen,Germany,13.9,36,82,93,33.0,0,60,76,de
507,DE533C1,Pforzheim,small,dwellings/ha,6.43,5.75,6.57,6.5,6.63,7.78,0.97,6.4,4.04,2.98,4.6,5.02,4.43,DE,5.36,83,360,64.31,23.9,12.72,65,0.81,85.52,0.33,28.67,19.04,29.78,46.01,50.22,44.29,DE,pforzheim de,386,560,Pforzheim,DE,0.611,0.578,45.6,23,43.4,25,49.3,9,DE,406,262,Pforzheim,Germany,12.7,23,65,76,23.9,0,34,49,de
508,DE535C1,Gera,small,dwellings/ha,5.9,6.16,6.54,6.8,6.53,6.87,2.15,6.82,2.68,4.02,2.67,5.56,5.13,DE,5.36,83,361,59.01,22.56,12.78,68,0.89,79.74,1.62,32.57,10.5,40.18,26.74,55.56,51.25,DE,gera de,500,593,Gera,DE,0.617,0.539,44.4,18,56.8,25,46.4,8,DE,332,269,Gera,Germany,12.8,24,66,77,22.6,0,31,46,de
509,IT029C1,Brescia,small,dwellings/ha,7.2,1.57,0.0,8.3,7.57,9.56,4.39,6.05,3.79,2.53,4.96,3.5,6.76,IT,5.36,83,362,71.99,37.6,27.51,83,0.1,96.89,6.75,25.62,17.06,25.34,49.57,35.0,67.59,IT,brescia it,221,245,Brescia,IT,0.477,0.465,65.0,44,33.8,25,65.0,20,IT,1,19,Brescia,Italy,27.5,232,293,309,37.6,2,107,131,it
511,BG006C1,Ruse,small,dwellings/ha,5.31,7.55,5.9,8.3,7.17,8.89,3.16,4.91,4.12,2.72,2.93,3.98,4.26,BG,5.36,83,364,53.07,18.01,14.23,83,0.4,92.63,3.5,16.85,19.65,27.17,29.29,39.76,42.58,BG,ruse bg,476,153,Ruse,BG,0.476,0.436,60.2,19,36.0,25,64.1,13,BG,178,529,Ruse,Bulgaria,14.2,38,82,93,17.9,0,21,37,bg
514,NL502C1,Zaanstad,small,dwellings/ha,5.29,3.73,6.63,8.6,7.08,7.31,5.47,6.29,3.97,4.07,2.57,4.23,4.59,NL,5.35,84,369,52.86,30.52,12.58,86,0.47,82.58,10.48,27.72,18.47,40.72,25.69,42.33,45.93,NL,zaanstad nl,243,364,Zaanstad,NL,0.542,0.525,57.7,27,33.2,25,61.4,11,NL,483,70,Zaanstad,Netherlands,12.6,22,63,74,30.5,0,49,63,nl
516,ES549C1,Valdemoro,small,dwellings/ha,3.79,5.23,6.81,9.9,8.58,8.43,1.46,6.03,5.53,2.08,4.15,4.84,4.06,ES,5.35,84,371,37.9,25.61,12.19,99,-0.67,89.66,0.74,25.47,35.72,20.84,41.46,48.39,40.57,ES,valdemoro es,864,799,Valdemoro,ES,0.257,0.254,39.9,1,32.4,25,60.3,2,ES,703,756,Valdemoro,Spain,12.2,3,11,13,25.6,0,7,10,es
517,IT013C1,Cremona,small,dwellings/ha,7.87,3.8,1.0,8.3,6.76,8.63,5.86,3.33,3.42,3.45,0.24,4.09,6.7,IT,5.35,84,372,78.66,30.29,25.26,83,0.72,90.96,12.03,7.74,14.58,34.54,2.45,40.92,66.96,IT,cremona it,309,476,Cremona,IT,0.495,0.458,55.4,14,47.8,25,57.0,5,IT,18,139,Cremona,Italy,25.3,66,86,92,30.3,0,26,34,it
520,NL519C1,Almelo,small,dwellings/ha,5.15,5.54,6.57,8.7,7.06,8.0,5.95,5.59,3.3,2.67,2.49,3.89,4.66,NL,5.34,85,376,51.48,24.61,12.72,87,0.48,86.96,12.4,21.86,13.81,26.71,24.88,38.92,46.59,NL,almelo nl,391,405,Almelo,NL,0.59,0.569,56.6,12,38.0,25,63.9,6,NL,430,267,Almelo,Netherlands,12.7,12,34,39,24.6,0,19,26,nl
521,ES031C1,Lugo,small,dwellings/ha,6.11,7.82,7.46,6.1,6.35,5.58,1.33,7.46,1.67,5.67,2.3,5.23,4.61,ES,5.34,85,377,61.13,17.13,10.72,61,1.03,71.52,0.62,39.01,6.66,56.75,23.0,52.29,46.06,ES,lugo es,296,612,Lugo,ES,0.644,0.517,42.6,22,70.8,25,47.7,7,ES,699,807,Lugo,Spain,10.7,5,35,43,17.1,0,13,24,es
522,UK022C1,Wrexham,small,dwellings/ha,5.68,7.83,8.04,3.8,7.51,7.06,2.35,5.2,2.98,3.81,1.2,5.64,5.4,UK,5.33,86,378,56.79,17.11,9.42,38,0.14,80.98,1.93,18.9,12.04,38.13,12.05,56.39,53.99,UK,wrexham uk,713,635,Wrexham,UK,0.633,0.589,43.6,14,47.3,25,42.1,8,UK,723,687,Wrexham,United Kingdom,9.4,0,40,52,17.1,0,19,35,uk
523,NL511C1,Zwolle,small,dwellings/ha,5.08,5.3,6.58,7.1,6.79,7.98,5.42,6.27,3.77,3.33,2.41,4.57,4.83,NL,5.33,86,379,50.84,25.39,12.71,71,0.69,86.84,10.27,27.5,16.94,33.26,24.14,45.73,48.31,NL,zwolle nl,625,699,Zwolle,NL,0.599,0.555,49.9,13,41.5,25,56.3,6,NL,526,316,Zwolle,Netherlands,12.7,16,46,54,25.4,0,27,37,nl
526,DE530C1,Remscheid,small,dwellings/ha,6.64,4.36,6.69,5.9,6.98,5.58,0.79,6.25,3.24,3.85,4.05,5.99,5.7,DE,5.33,86,382,66.43,28.44,12.45,59,0.55,71.55,0.22,27.36,13.49,38.49,40.45,59.89,57.03,DE,remscheid de,452,698,Remscheid,DE,0.628,0.568,40.1,21,47.5,25,41.6,7,DE,367,82,Remscheid,Germany,12.4,23,70,82,28.4,0,49,66,de
527,ES548C1,Torrelavega,small,dwellings/ha,7.3,5.72,5.99,0.0,7.31,8.87,3.39,6.27,3.69,5.09,0.93,5.14,5.55,ES,5.33,86,383,73.01,24.02,14.03,0,0.29,92.44,4.01,27.51,16.37,50.89,9.31,51.4,55.55,ES,torrelavega es,245,678,Torrelavega,ES,0.53,0.439,45.6,12,49.7,25,48.5,3,ES,246,282,Torrelavega,Spain,14.0,16,34,39,24.0,0,15,22,es
528,BE007C1,Namur,small,dwellings/ha,6.52,6.03,6.54,5.6,6.86,5.39,3.16,4.72,1.32,7.42,2.96,6.08,4.56,BE,5.33,86,384,65.21,23.01,12.79,56,0.64,70.31,3.5,15.56,5.61,74.15,29.57,60.79,45.65,BE,namur be,473,773,Namur,BE,0.658,0.61,39.2,17,51.2,25,38.4,5,BE,346,214,Namur,Belgium,12.8,22,59,69,23.0,0,29,43,be
530,UK020C1,Gravesham,small,dwellings/ha,5.4,5.62,7.7,7.9,6.85,7.9,2.34,4.7,2.94,3.06,3.55,3.65,5.52,UK,5.32,87,386,53.97,24.33,10.18,79,0.64,86.33,1.92,15.44,11.78,30.6,35.52,36.46,55.2,UK,gravesham uk,465,414,Gravesham,UK,0.621,0.528,63.5,14,51.0,25,67.7,7,UK,712,358,Gravesham,United Kingdom,10.2,1,27,34,24.3,0,22,31,uk
532,PT017C1,Paredes,small,dwellings/ha,8.39,6.85,6.6,0.0,7.57,8.29,0.62,2.05,0.7,8.04,0.62,8.52,4.43,PT,5.32,87,388,83.9,20.3,12.66,0,0.09,88.8,0.13,2.93,4.15,80.44,6.24,85.24,44.3,PT,paredes pt,865,866,Paredes,PT,0.548,0.472,14.8,1,63.8,25,4.4,0,PT,621,739,Paredes,Portugal,12.7,10,27,32,20.3,0,11,17,pt
537,DE534C1,Ingolstadt,small,dwellings/ha,5.55,6.16,6.36,7.4,6.86,8.16,2.05,6.97,3.4,3.15,3.75,4.77,4.19,DE,5.3,89,398,55.48,22.57,13.19,74,0.64,87.94,1.47,34.0,14.42,31.48,37.52,47.72,41.87,DE,ingolstadt de,490,458,Ingolstadt,DE,0.559,0.533,52.3,20,38.9,25,57.3,10,DE,416,442,Ingolstadt,Germany,13.2,25,63,72,22.6,0,28,42,de
538,DE511C1,Hagen,small,dwellings/ha,5.95,4.0,6.48,6.7,6.74,7.03,1.15,7.36,3.48,3.59,4.35,5.28,5.19,DE,5.3,89,399,59.5,29.62,12.93,67,0.73,80.79,0.47,37.95,14.97,35.94,43.5,52.77,51.87,DE,hagen de,436,637,Hagen,DE,0.613,0.571,47.2,36,46.0,25,47.9,13,DE,292,62,Hagen,Germany,12.9,47,126,146,29.6,0,89,118,de
539,ES525C1,Tarragona,small,dwellings/ha,4.87,4.95,5.43,6.2,7.33,9.14,2.51,6.53,4.81,4.34,4.77,4.21,4.42,ES,5.3,89,400,48.73,26.54,15.29,62,0.28,94.17,2.21,29.89,26.39,43.41,47.73,42.1,44.25,ES,tarragona es,481,760,Tarragona,ES,0.351,0.322,57.9,18,42.3,25,46.8,6,ES,230,314,Tarragona,Spain,15.3,34,65,73,26.5,0,30,42,es
540,IT031C1,Foggia,small,dwellings/ha,5.59,6.82,5.1,9.6,8.03,9.41,3.33,3.22,4.8,2.23,2.15,1.18,5.01,IT,5.3,89,401,55.86,20.4,16.02,96,-0.25,95.91,3.88,7.28,26.33,22.31,21.48,11.84,50.08,IT,foggia it,165,5,Foggia,IT,0.309,0.311,88.2,34,35.4,25,89.6,25,IT,177,608,Foggia,Italy,16.0,50,90,100,20.4,0,25,40,it
541,IT040C1,Como,small,dwellings/ha,7.75,3.0,1.77,9.0,7.54,8.56,1.0,4.26,3.73,3.57,3.09,4.09,5.91,IT,5.3,89,402,77.51,32.89,23.52,90,0.12,90.47,0.35,12.7,16.65,35.68,30.85,40.95,59.07,IT,como it,36,419,Como,IT,0.583,0.555,55.7,31,37.4,25,60.2,8,IT,17,45,Como,Italy,23.5,86,116,124,32.9,0,43,54,it
542,PL033C1,Lubin,small,dwellings/ha,4.34,6.82,5.46,9.4,6.87,8.67,2.79,8.62,4.38,2.51,2.51,5.64,3.23,PL,5.3,89,403,43.45,20.41,15.23,94,0.63,91.18,2.72,52.02,22.0,25.08,25.13,56.4,32.32,PL,lubin pl,833,797,Lubin,PL,0.534,0.475,43.6,4,45.4,25,38.3,3,PL,143,353,Lubin,Poland,15.2,26,49,55,20.4,0,15,24,pl
544,FI007C2,Lahti,small,dwellings/ha,4.27,9.33,9.65,4.7,7.38,2.89,9.36,5.51,1.96,4.54,3.9,4.75,4.0,FI,5.3,89,405,42.7,12.19,5.78,47,0.24,54.44,30.65,21.28,7.61,45.35,39.02,47.52,40.03,FI,lahti fi,474,828,Lahti,FI,0.529,0.501,52.5,20,43.6,25,32.4,4,FI,851,842,Lahti,Finland,5.8,0,7,16,12.2,0,6,20,fi
547,FR021C2,Poitiers,small,dwellings/ha,6.56,7.07,6.84,6.6,6.49,8.03,1.92,5.32,1.74,4.83,2.17,4.01,4.53,FR,5.29,90,409,65.65,19.57,12.11,66,0.92,87.11,1.3,19.84,6.88,48.3,21.72,40.05,45.29,FR,poitiers fr,703,633,Poitiers,FR,0.598,0.546,55.0,13,50.0,25,60.3,7,FR,670,794,Poitiers,France,12.1,12,40,47,19.6,0,16,26,fr
548,DK003C1,Odense,small,dwellings/ha,5.45,7.58,7.16,5.5,7.09,6.66,4.91,5.96,2.11,3.99,1.5,4.98,4.94,DK,5.29,90,410,54.48,17.91,11.39,55,0.46,78.4,8.42,24.86,8.15,39.9,15.03,49.76,49.38,DK,odense dk,505,591,Odense,DK,0.624,0.574,50.2,29,49.0,25,50.6,12,DK,634,674,Odense,Denmark,11.4,17,77,92,17.9,0,28,50,dk
549,DE025C1,Darmstadt,small,dwellings/ha,5.79,4.72,6.46,7.4,6.25,8.7,2.43,8.04,4.3,2.37,2.77,4.34,4.56,DE,5.29,90,411,57.92,27.28,12.97,74,1.1,91.39,2.06,45.24,21.25,23.75,27.71,43.41,45.58,DE,darmstadt de,379,460,Darmstadt,DE,0.53,0.52,50.7,27,34.6,25,56.3,11,DE,418,145,Darmstadt,Germany,13.0,29,76,88,27.3,0,47,64,de
551,IT033C1,Piacenza,small,dwellings/ha,7.24,4.38,1.72,8.5,6.72,9.0,4.7,4.83,3.62,2.47,1.27,2.91,6.54,IT,5.29,90,413,72.35,28.39,23.64,85,0.74,93.31,7.72,16.35,15.91,24.66,12.68,29.12,65.43,IT,piacenza it,361,107,Piacenza,IT,0.457,0.427,62.9,25,51.1,25,74.7,16,IT,25,172,Piacenza,Italy,23.6,115,155,165,28.4,0,46,61,it
552,PL508C1,Rybnik,small,dwellings/ha,6.51,6.54,1.94,5.7,6.93,5.5,1.3,7.31,1.63,6.32,1.93,6.64,6.41,PL,5.29,90,414,65.12,21.33,23.13,57,0.59,71.06,0.59,37.44,6.53,63.21,19.3,66.37,64.1,PL,rybnik pl,744,822,Rybnik,PL,0.613,0.563,33.6,12,47.3,25,27.7,4,PL,9,302,Rybnik,Poland,23.1,113,154,164,21.2,0,29,45,pl
553,NL516C1,Helmond,small,dwellings/ha,5.54,3.97,6.27,7.6,7.13,8.78,7.18,4.74,3.67,2.35,1.83,3.72,5.07,NL,5.28,91,419,55.42,29.74,13.39,76,0.43,91.9,18.06,15.71,16.2,23.46,18.31,37.2,50.68,NL,helmond nl,411,440,Helmond,NL,0.544,0.538,62.8,14,35.5,25,61.8,6,NL,426,178,Helmond,Netherlands,13.4,16,38,43,29.7,0,26,34,nl
554,EL006C2,Volos,small,dwellings/ha,7.16,7.13,4.5,8.2,7.51,9.65,2.76,2.44,3.98,3.15,3.36,2.9,3.44,EL,5.28,91,420,71.58,19.41,17.39,82,0.14,97.4,2.66,4.16,18.54,31.54,33.58,29.04,34.35,EL,volos el,66,89,Volos,EL,0.368,0.381,71.0,26,34.4,25,68.2,11,EL,110,563,Volos,Greece,17.4,42,69,76,19.4,0,16,26,el
555,FR037C1,Brest,small,dwellings/ha,6.51,7.4,7.28,6.8,6.76,7.5,1.8,5.77,2.52,2.51,3.4,3.25,4.76,FR,5.28,91,421,65.08,18.52,11.11,68,0.72,83.76,1.13,23.29,9.8,25.14,34.01,32.47,47.62,FR,brest fr,118,352,Brest,FR,0.588,0.569,67.5,49,41.4,25,67.9,16,FR,671,717,Brest,France,11.1,13,68,82,18.5,0,28,48,fr
556,DE539C1,Cottbus,small,dwellings/ha,5.51,6.99,6.05,6.7,7.23,8.46,1.69,8.52,2.85,2.49,2.89,3.49,4.92,DE,5.28,91,422,55.13,19.84,13.89,67,0.36,89.84,1.0,50.8,11.32,24.89,28.94,34.86,49.23,DE,cottbus de,196,199,Cottbus,DE,0.553,0.537,60.8,26,42.0,25,63.8,12,DE,207,441,Cottbus,Germany,13.9,32,72,83,19.8,0,23,38,de
557,DE543C1,Witten,small,dwellings/ha,6.44,3.8,6.26,6.8,7.15,7.02,0.66,7.45,2.87,3.69,2.65,5.37,5.47,DE,5.28,91,423,64.39,30.28,13.42,68,0.42,80.7,0.15,38.82,11.43,36.89,26.55,53.7,54.67,DE,witten de,343,483,Witten,DE,0.642,0.589,46.3,21,47.6,25,50.0,8,DE,242,75,Witten,Germany,13.4,28,69,79,30.3,0,47,62,de
558,ES059C1,Zamora,small,dwellings/ha,4.2,7.31,7.51,8.5,7.68,6.95,2.83,4.33,3.31,3.91,2.4,4.97,4.53,ES,5.28,91,424,42.05,18.79,10.6,85,0.02,80.23,2.8,13.11,13.88,39.1,24.0,49.69,45.32,ES,zamora es,763,748,Zamora,ES,0.374,0.312,47.7,7,60.3,25,43.0,4,ES,710,787,Zamora,Spain,10.6,3,23,28,18.8,0,10,18,es
559,IT035C1,Udine,small,dwellings/ha,4.8,5.23,3.17,7.5,7.18,9.45,3.57,5.36,3.0,3.27,4.79,3.76,6.31,IT,5.28,91,425,47.98,25.62,20.38,75,0.4,96.18,4.46,20.14,12.12,32.71,47.95,37.55,63.07,IT,udine it,424,197,Udine,IT,0.493,0.475,59.3,20,37.4,25,65.7,12,IT,58,253,Udine,Italy,20.4,74,108,117,25.6,0,32,46,it
560,DE057C1,Giessen,small,dwellings/ha,5.24,4.86,6.9,8.6,6.86,8.3,0.75,7.47,3.74,2.82,3.58,4.7,4.36,DE,5.27,92,427,52.44,26.83,11.98,86,0.64,88.87,0.2,39.06,16.71,28.21,35.81,46.97,43.58,DE,giessen de,519,544,Giessen,DE,0.566,0.549,53.0,12,37.4,25,57.4,5,DE,624,249,Giessen,Germany,12.0,9,31,36,26.8,0,21,29,de
562,IT037C1,Lecce,small,dwellings/ha,5.34,6.38,4.72,8.4,7.42,8.79,2.57,5.45,2.39,4.1,2.15,2.8,5.64,IT,5.27,92,429,53.41,21.86,16.89,84,0.21,91.99,2.32,20.78,9.25,41.03,21.46,28.03,56.45,IT,lecce it,216,257,Lecce,IT,0.402,0.354,67.0,22,60.1,25,61.8,10,IT,139,458,Lecce,Italy,16.9,44,75,83,21.9,0,22,34,it
563,NO005C1,Kristiansand,small,dwellings/ha,5.02,9.44,9.16,0.0,7.34,5.75,7.49,5.22,1.81,5.71,4.06,5.33,3.99,NO,5.27,92,430,50.16,11.82,6.9,0,0.28,72.62,19.64,19.06,7.09,57.1,40.6,53.33,39.85,NO,kristiansand no,635,802,Kristiansand,NO,0.585,0.544,42.1,8,44.8,25,46.9,3,NO,840,855,Kristiansand,Norway,6.9,0,7,11,11.8,0,2,8,no
565,NL520C1,Lelystad,small,dwellings/ha,3.94,5.58,6.13,8.5,7.04,7.9,6.22,6.53,3.2,4.1,1.84,3.81,4.88,NL,5.26,93,435,39.38,24.47,13.72,85,0.5,86.33,13.54,29.89,13.21,40.96,18.42,38.09,48.76,NL,lelystad nl,658,675,Lelystad,NL,0.568,0.552,61.9,6,43.2,25,68.7,3,NL,334,322,Lelystad,Netherlands,13.7,12,28,32,24.5,0,14,19,nl
566,DE540C1,Siegen,small,dwellings/ha,6.47,6.21,7.05,6.0,6.46,4.94,0.97,5.7,2.64,3.8,4.65,5.72,5.17,DE,5.26,93,436,64.7,22.39,11.64,60,0.94,67.46,0.33,22.76,10.32,38.03,46.47,57.16,51.69,DE,siegen de,532,660,Siegen,DE,0.626,0.57,42.8,15,48.3,25,44.9,6,DE,601,299,Siegen,Germany,11.6,12,47,56,22.4,0,25,38,de
567,HU010C1,Szombathely,small,dwellings/ha,5.79,7.78,4.59,8.3,6.92,8.93,4.64,5.32,3.06,3.21,3.37,1.92,4.16,HU,5.25,94,438,57.91,17.27,17.19,83,0.59,92.84,7.53,19.78,12.44,32.12,33.72,19.23,41.65,HU,szombathely hu,7,26,Szombathely,HU,0.545,0.584,80.8,32,34.6,25,66.8,12,HU,79,568,Szombathely,Hungary,17.2,42,70,78,17.3,0,12,23,hu
568,DE041C1,Potsdam,small,dwellings/ha,5.54,7.0,6.14,7.2,7.09,6.44,1.37,8.32,3.53,3.39,2.84,4.16,4.54,DE,5.25,94,439,55.4,19.8,13.7,72,0.47,76.99,0.65,48.45,15.26,33.88,28.37,41.6,45.43,DE,potsdam de,288,662,Potsdam,DE,0.591,0.565,58.4,35,43.0,25,49.1,10,DE,320,582,Potsdam,Germany,13.7,41,96,109,19.8,0,31,52,de
569,DE532C1,Ulm,small,dwellings/ha,5.51,6.16,6.79,5.6,6.79,7.9,1.74,8.66,3.75,2.92,3.24,5.35,4.05,DE,5.25,94,440,55.09,22.56,12.24,56,0.69,86.3,1.06,52.5,16.81,29.18,32.39,53.54,40.47,DE,ulm de,229,685,Ulm,DE,0.587,0.569,46.5,25,46.2,25,44.1,7,DE,547,290,Ulm,Germany,12.2,17,54,64,22.6,0,27,41,de
570,DE542C1,Hildesheim,small,dwellings/ha,5.38,6.24,6.49,7.5,6.89,6.74,4.25,6.92,3.73,2.12,3.25,4.7,4.34,DE,5.25,94,441,53.79,22.31,12.9,75,0.62,78.92,6.31,33.54,16.68,21.21,32.48,46.97,43.36,DE,hildesheim de,231,482,Hildesheim,DE,0.582,0.571,49.1,24,40.5,25,53.2,8,DE,357,315,Hildesheim,Germany,12.9,23,62,71,22.3,0,28,42,de
571,ES046C1,Gandia,small,dwellings/ha,2.17,6.54,6.24,9.6,7.58,9.29,4.51,5.16,4.59,3.66,0.76,4.16,5.28,ES,5.25,94,442,21.7,21.32,13.47,96,0.09,95.14,7.13,18.63,24.06,36.56,7.58,41.59,52.81,ES,gandia es,705,616,Gandia,ES,0.333,0.25,50.8,7,50.9,25,58.1,4,ES,435,595,Gandia,Spain,13.5,13,32,36,21.3,0,12,19,es
572,IT503C1,Parma,small,dwellings/ha,6.28,4.36,2.28,7.7,7.27,8.67,5.94,4.59,2.62,4.07,1.19,4.67,5.72,IT,5.25,94,443,62.78,28.45,22.38,77,0.32,91.22,12.34,14.77,10.26,40.74,11.94,46.68,57.22,IT,parma it,546,571,Parma,IT,0.535,0.459,53.3,29,61.7,25,58.3,13,IT,38,208,Parma,Italy,22.4,144,198,212,28.5,0,62,84,it
574,IT519C1,Arezzo,small,dwellings/ha,5.96,6.17,5.92,5.7,5.78,7.57,3.45,4.61,2.01,6.42,0.79,6.82,4.59,IT,5.24,95,446,59.57,22.54,14.19,57,1.46,84.2,4.18,14.91,7.76,64.24,7.87,68.16,45.93,IT,arezzo it,811,840,Arezzo,IT,0.569,0.45,28.1,8,70.9,25,35.3,3,IT,322,490,Arezzo,Italy,14.2,29,63,72,22.5,0,25,38,it
575,IT521C1,Brindisi,small,dwellings/ha,6.31,6.37,5.14,7.7,8.1,9.16,1.62,4.65,3.89,4.86,4.14,2.6,2.99,IT,5.24,95,447,63.08,21.89,15.94,77,-0.31,94.3,0.91,15.1,17.84,48.64,41.36,26.01,29.9,IT,brindisi it,251,392,Brindisi,IT,0.38,0.37,74.0,18,52.0,25,62.8,7,IT,184,524,Brindisi,Italy,15.9,31,56,63,21.9,0,18,27,it
577,SE503C1,Helsingborg,small,dwellings/ha,4.59,6.71,8.23,7.0,7.08,5.25,4.97,7.53,2.31,3.69,2.17,5.5,4.33,SE,5.24,95,449,45.92,20.75,8.98,70,0.47,69.45,8.63,39.73,8.92,36.92,21.72,55.01,43.34,SE,helsingborg se,462,708,Helsingborg,SE,0.621,0.545,45.0,21,58.1,25,53.9,7,SE,784,584,Helsingborg,Sweden,9.0,0,30,40,20.8,0,24,37,se
579,NL014C1,Apeldoorn,small,dwellings/ha,5.33,5.17,6.5,7.7,6.31,7.34,6.13,5.7,2.78,3.64,1.8,3.78,5.1,NL,5.23,96,456,53.26,25.8,12.89,77,1.06,82.75,13.16,22.72,10.98,36.41,18.0,37.81,50.96,NL,apeldoorn nl,380,321,Apeldoorn,NL,0.621,0.576,62.2,26,47.4,25,64.9,13,NL,397,209,Apeldoorn,Netherlands,12.9,28,75,87,25.8,0,43,60,nl
581,DE544C1,Zwickau,small,dwellings/ha,5.98,6.76,6.61,5.8,6.67,6.9,2.72,6.69,2.55,3.48,2.72,4.78,4.76,DE,5.22,97,462,59.77,20.6,12.62,58,0.78,79.96,2.58,31.35,9.92,34.85,27.25,47.8,47.63,DE,zwickau de,334,576,Zwickau,DE,0.579,0.539,52.2,22,44.3,25,53.2,8,DE,348,366,Zwickau,Germany,12.6,23,66,76,20.6,0,26,42,de
582,ES044C1,Pontevedra,small,dwellings/ha,7.11,6.95,7.42,0.0,6.93,6.85,1.77,4.58,1.52,7.8,0.4,6.76,5.03,ES,5.22,97,463,71.06,19.97,10.81,0,0.58,79.61,1.1,14.72,6.2,77.97,3.97,67.64,50.31,ES,pontevedra es,480,832,Pontevedra,ES,0.637,0.56,28.5,12,58.3,25,30.9,2,ES,695,719,Pontevedra,Spain,10.8,4,24,29,20.0,0,12,19,es
583,ES028C1,Reus,small,dwellings/ha,4.15,5.22,6.08,8.8,7.63,8.82,3.36,5.13,4.95,3.26,3.04,3.93,4.18,ES,5.22,97,464,41.48,25.65,13.82,88,0.05,92.16,3.96,18.4,27.94,32.55,30.43,39.31,41.8,ES,reus es,668,523,Reus,ES,0.321,0.277,60.7,12,46.6,25,57.4,7,ES,330,292,Reus,Spain,13.8,24,55,63,25.6,0,28,39,es
584,IT039C1,Pesaro,small,dwellings/ha,6.1,6.26,5.36,7.5,7.46,8.49,3.56,4.22,3.05,4.47,0.62,4.74,3.99,IT,5.22,97,465,60.97,22.25,15.44,75,0.18,90.08,4.44,12.47,12.37,44.7,6.18,47.36,39.93,IT,pesaro it,400,581,Pesaro,IT,0.527,0.442,52.6,19,56.8,25,55.4,7,IT,201,503,Pesaro,Italy,15.4,35,65,73,22.3,0,22,34,it
585,DE044C1,Kaiserslautern,small,dwellings/ha,5.03,5.85,7.0,6.7,6.23,7.57,2.71,6.84,3.34,3.83,4.06,5.47,3.89,DE,5.21,98,468,50.35,23.58,11.76,67,1.12,84.17,2.58,32.79,14.07,38.33,40.61,54.69,38.91,DE,kaiserslautern de,389,572,Kaiserslautern,DE,0.58,0.53,45.3,19,45.3,25,42.9,7,DE,565,260,Kaiserslautern,Germany,11.8,13,49,58,23.6,0,28,41,de
586,PT003C1,Braga,small,dwellings/ha,6.82,5.79,7.09,6.0,6.35,8.76,1.32,4.59,1.68,4.4,1.6,5.26,4.44,PT,5.21,98,469,68.24,23.77,11.55,60,1.03,91.76,0.61,14.74,6.69,44.01,15.98,52.61,44.45,PT,braga pt,641,792,Braga,PT,0.54,0.438,47.4,18,56.2,25,45.8,6,PT,669,508,Braga,Portugal,11.5,13,51,61,23.8,0,31,45,pt
587,DE031C1,Schwerin,small,dwellings/ha,4.78,7.87,6.98,5.9,7.46,6.18,2.85,8.36,3.28,3.53,3.01,4.21,4.16,DE,5.2,99,473,47.78,16.96,11.81,59,0.18,75.39,2.85,48.96,13.7,35.29,30.1,42.06,41.62,DE,schwerin de,198,477,Schwerin,DE,0.588,0.566,54.9,23,38.5,25,49.4,8,DE,542,676,Schwerin,Germany,11.8,13,49,58,17.0,0,15,28,de
590,NL015C1,Leeuwarden,small,dwellings/ha,4.32,6.22,6.82,7.4,6.6,8.66,5.99,7.22,3.64,2.38,2.7,2.92,4.38,NL,5.19,100,477,43.23,22.38,12.16,74,0.84,91.13,12.56,36.44,16.0,23.75,27.02,29.24,43.78,NL,leeuwarden nl,84,247,Leeuwarden,NL,0.587,0.567,70.8,27,38.7,25,70.0,9,NL,599,454,Leeuwarden,Netherlands,12.2,13,41,48,22.4,0,21,31,nl
591,ES528C1,Lleida,small,dwellings/ha,4.47,6.24,5.24,7.9,6.7,7.71,4.62,5.03,3.95,5.22,2.45,5.43,3.63,ES,5.19,100,478,44.74,22.32,15.72,79,0.76,85.08,7.46,17.73,18.28,52.18,24.54,54.3,36.33,ES,lleida es,819,813,Lleida,ES,0.403,0.282,45.7,9,64.0,25,39.0,5,ES,232,597,Lleida,Spain,15.7,42,77,86,22.3,0,26,39,es
594,FR211C1,Versailles,small,dwellings/ha,5.91,2.85,5.92,8.0,7.32,8.62,2.75,6.85,4.32,2.79,4.42,3.42,4.03,FR,5.18,101,485,59.11,33.4,14.19,80,0.28,90.89,2.65,32.8,21.45,27.86,44.23,34.21,40.32,FR,versailles fr,322,492,Versailles,FR,0.598,0.573,65.8,26,38.5,25,60.7,10,FR,384,49,Versailles,France,14.2,31,67,76,33.4,1,49,61,fr
597,BG013C1,Yambol,small,dwellings/ha,4.84,7.49,6.56,9.5,7.34,9.1,0.0,3.68,5.05,2.57,3.82,3.2,3.49,BG,5.18,101,488,48.4,18.22,12.75,95,0.27,93.96,0.0,9.46,29.17,25.71,38.22,31.97,34.91,BG,yambol bg,455,112,Yambol,BG,0.431,0.432,68.0,12,29.3,25,62.4,9,BG,321,513,Yambol,Bulgaria,12.7,16,43,50,18.2,0,13,24,bg
598,SK004C1,Nitra,small,dwellings/ha,6.13,7.49,4.58,8.4,7.22,8.68,1.49,6.55,2.21,3.12,3.21,5.16,2.97,SK,5.18,101,489,61.28,18.2,17.21,84,0.37,91.27,0.78,30.0,8.5,31.21,32.1,51.55,29.68,SK,nitra sk,750,645,Nitra,SK,0.518,0.49,48.4,6,37.8,25,50.1,4,SK,101,585,Nitra,Slovakia,17.2,33,55,61,18.2,0,11,20,sk
600,DE528C1,Bottrop,small,dwellings/ha,5.76,3.44,6.06,7.3,6.71,7.4,1.13,6.58,3.01,3.85,3.07,5.21,5.32,DE,5.17,102,492,57.65,31.48,13.88,73,0.75,83.1,0.45,30.32,12.2,38.51,30.68,52.13,53.18,DE,bottrop de,764,694,Bottrop,DE,0.602,0.564,47.9,12,46.4,25,47.4,7,DE,204,55,Bottrop,Germany,13.9,37,84,96,31.5,0,58,75,de
601,IT030C1,Modena,small,dwellings/ha,6.18,2.29,2.75,8.0,6.87,8.79,4.86,5.18,3.07,3.48,3.58,4.42,5.66,IT,5.17,102,493,61.83,35.22,21.33,80,0.63,91.94,8.25,18.81,12.52,34.84,35.81,44.15,56.6,IT,modena it,574,501,Modena,IT,0.541,0.456,55.8,28,54.6,25,58.8,15,IT,50,79,Modena,Italy,21.3,139,197,211,35.2,0,89,110,it
602,IT508C1,Rimini,small,dwellings/ha,5.78,5.61,4.96,7.2,7.82,8.97,3.96,3.74,2.63,3.87,1.81,4.04,4.69,IT,5.17,102,494,57.75,24.36,16.35,72,-0.1,93.13,5.48,9.77,10.27,38.67,18.08,40.36,46.85,IT,rimini it,483,390,Rimini,IT,0.471,0.409,56.3,25,52.4,25,63.9,13,IT,161,354,Rimini,Italy,16.4,61,107,118,24.4,0,39,57,it
603,DE023C1,Moers,small,dwellings/ha,6.11,3.29,5.97,8.1,7.26,8.37,1.38,6.59,3.19,2.96,2.29,4.98,4.56,DE,5.16,103,496,61.09,31.96,14.08,81,0.33,89.3,0.66,30.4,13.17,29.57,22.88,49.85,45.56,DE,moers de,706,661,Moers,DE,0.598,0.571,50.2,12,42.4,25,53.6,7,DE,237,58,Moers,Germany,14.1,31,67,77,32.0,0,47,60,de
604,DE527C1,Bremerhaven,small,dwellings/ha,5.11,6.41,6.53,9.2,7.17,8.64,1.41,6.11,3.76,1.59,3.11,4.42,3.61,DE,5.16,103,497,51.05,21.76,12.81,92,0.4,90.98,0.69,26.11,16.83,15.87,31.09,44.21,36.11,DE,bremerhaven de,56,133,Bremerhaven,DE,0.557,0.558,55.8,36,28.9,25,69.3,13,DE,273,233,Bremerhaven,Germany,12.8,26,70,82,21.8,0,31,47,de
606,NO003C1,Trondheim,small,dwellings/ha,4.1,9.28,9.54,4.3,6.41,3.61,7.03,6.33,3.2,4.44,3.73,5.51,3.18,NO,5.16,103,499,41.03,12.37,6.03,43,0.99,59.01,17.31,28.07,13.26,44.43,37.35,55.1,31.76,NO,trondheim no,790,672,Trondheim,NO,0.517,0.498,44.9,13,41.1,25,57.8,9,NO,852,849,Trondheim,Norway,6.0,0,9,20,12.4,0,6,22,no
607,NL020C1,Roosendaal,small,dwellings/ha,5.06,3.52,6.32,7.5,6.85,7.51,6.5,5.63,2.75,4.58,1.69,3.81,4.96,NL,5.15,104,501,50.59,31.2,13.28,75,0.64,83.8,14.78,22.18,10.84,45.81,16.88,38.05,49.58,NL,roosendaal nl,545,382,Roosendaal,NL,0.567,0.549,61.9,10,48.9,25,66.7,6,NL,341,42,Roosendaal,Netherlands,13.3,16,39,45,31.2,0,29,37,nl
610,IT502C1,Prato,small,dwellings/ha,3.8,3.65,4.95,7.5,7.46,9.57,4.78,4.45,3.85,3.94,4.92,4.62,4.68,IT,5.14,105,508,37.96,30.79,16.36,75,0.18,96.95,8.01,13.87,17.5,39.39,49.24,46.22,46.84,IT,prato it,408,617,Prato,IT,0.458,0.428,53.8,35,44.0,25,51.8,13,IT,172,156,Prato,Italy,16.4,75,132,146,30.8,0,70,91,it
611,UK053C1,Hartlepool,small,dwellings/ha,5.29,7.26,8.47,8.3,7.41,8.48,2.64,3.97,3.49,1.65,1.12,3.81,3.61,UK,5.13,106,513,52.87,18.96,8.45,83,0.22,90.0,2.43,11.04,14.98,16.52,11.22,38.15,36.13,UK,hartlepool uk,203,161,Hartlepool,UK,0.54,0.528,61.9,19,32.0,25,66.0,10,UK,747,435,Hartlepool,United Kingdom,8.5,0,23,31,19.0,0,17,29,uk
612,FR014C2,Amiens,small,dwellings/ha,5.63,5.7,6.47,7.9,6.59,8.22,1.81,5.32,3.03,4.36,1.43,4.32,4.09,FR,5.13,106,514,56.34,24.07,12.95,79,0.84,88.36,1.15,19.83,12.28,43.58,14.29,43.24,40.94,FR,amiens fr,459,655,Amiens,FR,0.582,0.53,56.8,24,46.8,25,54.9,9,FR,503,414,Amiens,France,12.9,25,65,76,24.1,0,33,48,fr
614,UK544C1,Chelmsford,small,dwellings/ha,6.8,6.38,7.9,0.0,6.96,6.96,3.6,5.74,2.04,4.21,2.82,4.99,5.23,UK,5.12,107,518,68.0,21.84,9.72,0,0.56,80.34,4.55,23.02,7.9,42.05,28.18,49.91,52.28,UK,chelmsford uk,722,684,Chelmsford,UK,0.662,0.581,50.1,17,61.4,25,50.4,9,UK,759,550,Chelmsford,United Kingdom,9.7,0,44,56,21.8,0,32,49,uk
616,ES537C1,Alcoy,small,dwellings/ha,3.76,7.5,7.75,8.3,6.2,7.82,3.06,4.63,4.0,5.35,2.34,4.06,3.28,ES,5.12,107,520,37.55,18.19,10.05,83,1.14,85.82,3.27,14.98,18.73,53.45,23.36,40.64,32.82,ES,alcoy es,773,818,Alcoy,ES,0.35,0.297,51.5,6,58.1,25,42.9,2,ES,691,581,Alcoy,Spain,10.1,2,22,28,18.2,0,10,18,es
620,PL016C1,Opole,small,dwellings/ha,5.27,5.9,3.3,7.4,7.22,7.84,1.64,6.39,2.74,5.07,3.22,5.66,4.28,PL,5.12,107,524,52.69,23.41,20.08,74,0.37,85.9,0.94,28.56,10.79,50.67,32.24,56.6,42.8,PL,opole pl,714,712,Opole,PL,0.539,0.509,43.4,12,43.5,25,42.0,6,PL,36,240,Opole,Poland,20.1,78,114,124,23.1,0,30,44,pl
622,UK045C1,Worthing,small,dwellings/ha,4.15,6.56,7.64,9.7,7.09,9.56,2.13,4.15,4.0,1.39,5.27,1.33,4.11,UK,5.11,108,528,41.49,21.25,10.32,97,0.46,96.84,1.59,12.05,18.67,13.86,52.71,13.33,41.11,UK,worthing uk,38,2,Worthing,UK,0.528,0.573,86.7,42,13.8,25,90.3,26,UK,693,431,Worthing,United Kingdom,10.3,3,46,57,21.2,0,28,44,uk
624,FR305C1,Meaux,small,dwellings/ha,6.09,5.67,6.35,7.4,6.59,7.75,3.22,4.86,2.68,4.52,2.99,4.45,3.28,FR,5.11,108,530,60.93,24.16,13.21,74,0.85,85.36,3.63,16.53,10.53,45.21,29.93,44.48,32.77,FR,meaux fr,540,632,Meaux,FR,0.581,0.54,55.5,8,47.9,25,53.1,3,FR,540,432,Meaux,France,13.2,10,24,28,24.2,0,12,18,fr
625,DE062C1,Bamberg,small,dwellings/ha,5.94,5.41,6.63,9.2,6.25,9.1,0.5,7.1,3.49,2.57,4.42,2.56,3.24,DE,5.11,108,531,59.36,25.02,12.58,92,1.1,93.93,0.09,35.24,15.04,25.74,44.21,25.6,32.42,DE,bamberg de,23,113,Bamberg,DE,0.513,0.517,67.0,28,31.2,25,72.7,9,DE,403,204,Bamberg,Germany,12.6,14,42,48,25.0,0,24,34,de
626,IT032C1,Salerno,small,dwellings/ha,5.97,5.13,4.7,8.9,7.22,9.74,1.43,3.75,4.23,2.88,0.4,3.64,4.75,IT,5.11,108,532,59.69,25.92,16.94,89,0.36,98.03,0.72,9.84,20.6,28.77,4.04,36.4,47.49,IT,salerno it,42,300,Salerno,IT,0.534,0.416,63.6,44,51.5,25,64.9,13,IT,88,131,Salerno,Italy,16.9,71,121,133,25.9,0,47,66,it
627,IT516C1,Novara,small,dwellings/ha,6.53,3.3,1.69,8.9,6.23,8.85,3.5,4.39,4.4,2.28,4.46,3.85,5.36,IT,5.11,108,533,65.29,31.91,23.71,89,1.12,92.36,4.29,13.49,22.22,22.84,44.61,38.51,53.63,IT,novara it,466,258,Novara,IT,0.419,0.423,58.2,20,38.7,25,63.3,11,IT,22,96,Novara,Italy,23.7,105,141,150,31.9,0,49,63,it
628,FR065C2,Bourges,small,dwellings/ha,6.27,7.73,6.71,5.5,7.08,7.25,2.65,4.79,1.44,3.22,2.57,5.37,3.92,FR,5.1,109,538,62.7,17.43,12.41,55,0.47,82.15,2.46,16.08,5.97,32.2,25.67,53.65,39.17,FR,bourges fr,731,745,Bourges,FR,0.569,0.529,46.3,10,54.3,25,42.9,5,FR,469,695,Bourges,France,12.4,16,48,56,17.4,0,14,26,fr
629,DE042C1,Koblenz,small,dwellings/ha,5.33,4.73,6.71,7.5,6.61,7.44,1.26,7.17,3.44,3.3,3.98,4.19,4.3,DE,5.1,109,539,53.29,27.26,12.41,75,0.83,83.36,0.56,35.99,14.67,32.97,39.8,41.89,43.02,DE,koblenz de,171,423,Koblenz,DE,0.548,0.548,52.7,30,34.8,25,62.3,10,DE,504,110,Koblenz,Germany,12.4,20,60,70,27.3,0,40,55,de
634,DE043C1,Rostock,small,dwellings/ha,4.5,7.52,6.87,4.0,6.88,7.67,2.02,9.24,4.11,2.23,2.41,5.23,4.32,DE,5.09,110,550,44.97,18.12,12.05,40,0.63,84.85,1.43,59.76,19.61,22.34,24.06,52.27,43.19,DE,rostock de,396,603,Rostock,DE,0.583,0.556,47.7,37,41.2,25,48.0,13,DE,537,641,Rostock,Germany,12.0,29,98,116,18.1,0,33,59,de
636,IT021C1,Caserta,small,dwellings/ha,6.65,3.93,4.11,8.4,6.17,9.74,1.99,3.89,3.82,4.19,0.4,4.48,4.45,IT,5.09,110,552,66.49,29.88,18.26,84,1.17,98.02,1.39,10.61,17.29,41.91,4.02,44.8,44.53,IT,caserta it,461,471,Caserta,IT,0.482,0.415,55.2,11,44.0,25,54.7,5,IT,66,83,Caserta,Italy,18.3,41,65,71,29.9,0,28,37,it
639,DE521C1,Neuss,small,dwellings/ha,5.15,3.5,6.12,6.7,7.24,8.28,1.44,8.05,3.77,3.08,3.02,5.08,4.36,DE,5.08,111,557,51.46,31.26,13.74,67,0.35,88.71,0.73,45.31,16.93,30.81,30.17,50.82,43.56,DE,neuss de,614,693,Neuss,DE,0.576,0.568,49.2,21,42.0,25,44.4,9,DE,291,87,Neuss,Germany,13.7,39,89,102,31.3,0,62,80,de
644,NL012C1,Breda,small,dwellings/ha,4.71,3.42,6.38,6.6,6.8,7.9,5.98,5.23,3.28,3.65,1.87,3.98,5.4,NL,5.07,112,564,47.07,31.54,13.14,66,0.69,86.27,12.53,19.16,13.69,36.54,18.69,39.76,54.0,NL,breda nl,422,315,Breda,NL,0.565,0.547,60.2,28,40.2,25,65.0,15,NL,389,88,Breda,Netherlands,13.1,33,84,97,31.5,0,63,82,nl
647,IT514C1,Vicenza,small,dwellings/ha,6.71,4.27,0.43,7.8,7.05,8.58,3.12,4.57,2.74,4.52,2.46,4.68,5.39,IT,5.07,112,567,67.05,28.75,26.54,78,0.49,90.64,3.4,14.62,10.79,45.18,24.6,46.75,53.89,IT,vicenza it,693,367,Vicenza,IT,0.498,0.439,53.2,13,50.8,25,57.6,10,IT,4,137,Vicenza,Italy,26.5,124,159,167,28.7,0,41,55,it
651,DE072C1,Friedrichshafen,small,dwellings/ha,6.09,7.05,6.29,0.0,6.86,6.62,3.87,7.12,3.12,4.33,3.71,5.54,4.53,DE,5.06,113,573,60.9,19.65,13.36,0,0.64,78.14,5.25,35.5,12.78,43.26,37.09,55.45,45.28,DE,friedrichshafen de,552,726,Friedrichshafen,DE,0.605,0.548,44.6,8,51.2,25,43.0,3,DE,407,654,Friedrichshafen,Germany,13.4,12,29,34,19.6,0,10,16,de
652,ES071C1,Granollers,small,dwellings/ha,3.79,3.04,5.41,8.7,7.69,9.34,2.56,5.44,5.33,2.48,3.89,3.97,4.7,ES,5.06,113,574,37.86,32.79,15.34,87,0.0,95.47,2.29,20.71,32.89,24.82,38.94,39.73,47.04,ES,granollers es,797,718,Granollers,ES,0.309,0.275,52.6,4,36.9,25,61.9,3,ES,252,151,Granollers,Spain,15.3,16,30,33,32.8,0,19,24,es
655,IT513C1,Latina,small,dwellings/ha,4.52,7.09,5.05,6.3,7.3,7.6,2.0,4.41,1.07,4.87,0.34,4.82,6.57,IT,5.05,114,578,45.22,19.52,16.14,63,0.3,84.42,1.4,13.59,4.98,48.67,3.36,48.16,65.65,IT,latina it,647,725,Latina,IT,0.523,0.434,51.8,14,65.1,25,46.8,6,IT,181,689,Latina,Italy,16.1,40,71,79,19.5,0,18,30,it
656,IT061C1,Altamura,small,dwellings/ha,6.67,6.77,5.99,9.4,8.07,9.77,0.65,1.5,3.85,2.65,1.42,3.54,2.5,IT,5.05,114,579,66.74,20.58,14.03,94,-0.28,98.17,0.15,1.58,17.54,26.5,14.19,35.43,25.0,IT,altamura it,690,598,Altamura,IT,0.373,0.284,55.2,7,69.3,25,59.2,4,IT,491,754,Altamura,Italy,14.0,12,27,31,20.6,0,9,15,it
657,CZ016C1,Most,small,dwellings/ha,3.47,5.7,5.52,9.1,7.33,7.97,3.47,7.7,4.44,3.01,3.35,5.54,2.66,CZ,5.04,115,581,34.72,24.06,15.08,91,0.28,86.74,4.22,41.54,22.56,30.09,33.51,55.43,26.65,CZ,most cz,803,747,Most,CZ,0.579,0.513,44.6,4,45.8,25,41.9,3,CZ,137,153,Most,Czech Republic,15.1,22,43,49,24.1,0,18,26,cz
658,DE523C1,Paderborn,small,dwellings/ha,4.96,6.68,6.57,5.1,7.13,7.51,1.18,8.2,3.15,2.85,3.52,3.9,4.6,DE,5.04,115,582,49.62,20.88,12.71,51,0.43,83.81,0.49,47.12,12.95,28.51,35.23,39.03,45.96,DE,paderborn de,525,391,Paderborn,DE,0.586,0.576,61.0,20,38.9,25,59.8,11,DE,512,551,Paderborn,Germany,12.7,22,62,72,20.9,0,25,40,de
659,IT046C1,Pavia,small,dwellings/ha,7.9,4.62,1.85,0.0,6.67,8.24,4.67,4.83,3.29,4.05,4.02,5.13,5.95,IT,5.04,115,583,79.01,27.6,23.35,0,0.79,88.44,7.62,16.34,13.77,40.53,40.17,51.31,59.5,IT,pavia it,526,594,Pavia,IT,0.507,0.464,48.7,12,53.8,25,50.6,5,IT,21,150,Pavia,Italy,23.3,70,94,101,27.6,0,27,37,it
660,IT016C1,Perugia,small,dwellings/ha,6.3,6.57,5.83,0.0,7.59,8.31,1.17,4.03,2.17,6.54,2.94,6.75,4.39,IT,5.04,115,584,63.01,21.22,14.39,0,0.08,88.9,0.48,11.37,8.36,65.45,29.42,67.47,43.88,IT,perugia it,845,849,Perugia,IT,0.54,0.459,30.7,10,63.7,25,27.3,5,IT,285,553,Perugia,Italy,14.4,52,109,123,21.2,0,38,59,it
664,ES542C1,Cuenca,small,dwellings/ha,5.72,7.71,8.74,0.0,3.6,7.68,2.13,7.19,4.43,3.46,1.1,5.48,5.47,ES,5.03,116,592,57.25,17.49,7.83,0,3.13,84.91,1.59,36.21,22.46,34.59,10.97,54.83,54.68,ES,cuenca es,857,853,Cuenca,ES,0.309,0.249,35.3,2,62.0,25,36.3,1,ES,826,798,Cuenca,Spain,7.8,0,10,14,17.5,0,7,13,es
665,PL027C1,Kalisz,small,dwellings/ha,4.84,6.37,5.06,8.3,7.29,8.28,3.97,5.65,2.83,3.52,3.37,5.05,2.67,PL,5.03,116,593,48.37,21.87,16.11,83,0.31,88.72,5.51,22.31,11.23,35.21,33.72,50.48,26.7,PL,kalisz pl,637,592,Kalisz,PL,0.517,0.478,49.5,12,49.3,25,43.9,6,PL,107,259,Kalisz,Poland,16.1,42,75,83,21.9,0,23,36,pl
666,AT006C1,Klagenfurt,small,dwellings/ha,5.68,5.3,6.26,7.1,6.6,7.83,3.75,6.12,2.36,2.52,3.11,3.5,4.39,AT,5.02,117,596,56.79,25.37,13.42,71,0.84,85.85,4.92,26.26,9.12,25.15,31.06,35.04,43.86,AT,klagenfurt at,265,192,Klagenfurt,AT,0.581,0.537,65.0,20,48.4,25,65.2,10,AT,361,270,Klagenfurt,Austria,13.4,21,51,59,25.4,0,27,38,at
667,FR034C2,Valenciennes,small,dwellings/ha,5.9,5.51,6.15,5.8,6.91,7.73,2.1,4.39,2.15,5.26,2.5,4.97,3.98,FR,5.02,117,597,58.98,24.69,13.68,58,0.6,85.19,1.54,13.46,8.29,52.65,24.98,49.65,39.81,FR,valenciennes fr,512,437,Valenciennes,FR,0.602,0.558,50.3,24,47.3,25,50.7,12,FR,262,219,Valenciennes,France,13.7,39,91,104,24.7,0,45,64,fr
668,DE522C1,Heidelberg,small,dwellings/ha,4.84,4.72,6.4,6.3,8.15,7.48,1.76,7.55,4.57,3.19,4.06,2.95,3.98,DE,5.02,117,598,48.38,27.29,13.1,63,-0.35,83.64,1.09,39.94,23.89,31.9,40.61,29.53,39.78,DE,heidelberg de,352,456,Heidelberg,DE,0.578,0.546,70.5,26,40.0,25,58.4,11,DE,520,224,Heidelberg,Germany,13.1,25,63,73,27.3,0,39,53,de
674,ES017C1,Badajoz,small,dwellings/ha,4.59,7.8,7.13,4.7,8.74,6.66,2.39,6.24,3.27,4.17,0.82,3.12,4.49,ES,5.0,119,609,45.86,17.2,11.47,47,-0.8,78.4,1.99,27.28,13.62,41.7,8.15,31.16,44.89,ES,badajoz es,427,765,Badajoz,ES,0.364,0.338,68.8,21,56.3,25,50.1,6,ES,676,808,Badajoz,Spain,11.5,10,43,51,17.2,0,14,26,es
675,IT069C1,Gela,small,dwellings/ha,4.04,7.58,4.9,9.7,7.67,9.37,0.0,3.66,4.13,2.56,0.37,1.67,5.83,IT,5.0,119,610,40.37,17.91,16.48,97,0.02,95.63,0.0,9.36,19.75,25.62,3.67,16.74,58.27,IT,gela it,153,180,Gela,IT,0.299,0.283,76.3,19,59.6,25,82.6,8,IT,179,783,Gela,Italy,16.5,27,48,53,17.9,0,10,17,it
676,RO019C1,Slatina,small,dwellings/ha,5.56,7.39,5.12,9.1,7.41,8.98,0.0,4.01,3.67,3.76,1.3,3.78,3.09,RO,5.0,119,611,55.6,18.55,15.99,91,0.21,93.17,0.0,11.27,16.25,37.57,12.97,37.81,30.87,RO,slatina ro,467,461,Slatina,RO,0.512,0.503,62.2,8,39.2,25,59.5,4,RO,301,811,Slatina,Romania,16.0,14,24,27,18.5,0,6,10,ro
679,DE030C1,Weimar,small,dwellings/ha,5.72,7.29,6.66,0.0,7.06,7.9,0.49,7.22,3.41,3.42,3.6,6.02,4.54,DE,4.99,120,614,57.21,18.86,12.51,0,0.49,86.28,0.08,36.5,14.48,34.16,36.02,60.2,45.38,DE,weimar de,640,656,Weimar,DE,0.599,0.517,39.8,9,51.2,25,40.8,4,DE,364,480,Weimar,Germany,12.5,13,39,46,18.9,0,13,23,de
680,DE529C1,Heilbronn,small,dwellings/ha,5.22,5.4,6.32,5.4,7.16,8.38,1.14,7.25,4.05,3.0,3.58,4.13,3.79,DE,4.99,120,615,52.23,25.06,13.29,54,0.41,89.38,0.45,36.77,19.1,30.03,35.8,41.3,37.9,DE,heilbronn de,233,430,Heilbronn,DE,0.539,0.548,58.7,26,37.2,25,53.5,10,DE,335,232,Heilbronn,Germany,13.3,27,67,77,25.1,0,35,50,de
681,HR004C1,Osijek,small,dwellings/ha,3.96,8.02,4.41,7.3,7.73,7.94,3.7,6.61,2.45,4.48,2.18,4.74,3.27,HR,4.99,120,616,39.58,16.49,17.57,73,-0.02,86.59,4.79,30.62,9.51,44.82,21.75,47.37,32.72,HR,osijek hr,405,233,Osijek,HR,0.515,0.484,52.6,19,44.1,25,50.7,11,HR,55,569,Osijek,Croatia,17.6,65,107,117,16.4,0,16,32,hr
683,FR068C2,Vannes,small,dwellings/ha,6.11,8.85,7.01,3.7,7.18,5.31,2.39,5.36,0.88,5.06,1.62,5.53,3.86,FR,4.98,121,620,61.06,13.75,11.72,37,0.39,69.83,1.99,20.08,4.54,50.6,16.22,55.32,38.56,FR,vannes fr,681,753,Vannes,FR,0.644,0.582,44.6,15,62.7,25,41.9,7,FR,645,838,Vannes,France,11.7,14,53,63,13.7,0,10,23,fr
685,FR506C1,Colmar,small,dwellings/ha,5.92,6.3,6.42,7.9,6.24,8.9,4.14,3.36,2.8,2.93,2.75,3.51,2.95,FR,4.97,122,624,59.17,22.09,13.06,79,1.12,92.68,6.01,7.9,11.11,29.25,27.52,35.14,29.49,FR,colmar fr,496,144,Colmar,FR,0.499,0.491,64.9,14,36.2,25,66.0,10,FR,386,410,Colmar,France,13.1,17,45,52,22.1,0,20,30,fr
686,FR049C2,Lorient,small,dwellings/ha,5.76,8.42,7.02,3.2,7.0,6.21,2.46,5.54,1.22,4.04,3.01,4.48,4.57,FR,4.97,122,625,57.57,15.18,11.7,32,0.53,75.52,2.12,21.51,5.36,40.44,30.06,44.83,45.7,FR,lorient fr,201,381,Lorient,FR,0.63,0.571,55.0,41,61.7,25,55.5,15,FR,615,804,Lorient,France,11.7,20,77,91,15.2,0,19,39,fr
687,PL037C1,Gniezno,small,dwellings/ha,5.88,6.94,5.25,0.0,7.28,8.06,1.37,7.99,2.77,3.78,3.34,5.33,4.98,PL,4.97,122,626,58.8,20.03,15.7,0,0.32,87.32,0.66,44.67,10.95,37.76,33.43,53.29,49.85,PL,gniezno pl,701,722,Gniezno,PL,0.528,0.486,46.7,6,44.0,25,45.0,3,PL,131,405,Gniezno,Poland,15.7,24,44,49,19.9,0,12,20,pl
688,BE009C1,Mons,small,dwellings/ha,5.77,5.45,6.25,0.0,7.16,6.52,3.72,4.98,1.56,6.7,2.57,6.16,5.35,BE,4.97,122,627,57.67,24.88,13.44,0,0.41,77.52,4.85,17.35,6.31,66.98,25.66,61.56,53.46,BE,mons be,607,771,Mons,BE,0.633,0.599,38.4,12,47.0,25,36.3,4,BE,271,158,Mons,Belgium,13.4,22,54,62,24.9,0,27,39,be
691,ES533C1,Marbella,small,dwellings/ha,5.65,6.77,6.62,0.0,7.9,9.17,1.76,4.51,2.34,6.88,1.59,4.54,4.33,ES,4.96,123,632,56.54,20.57,12.61,0,-0.16,94.35,1.08,14.26,9.04,68.81,15.91,45.38,43.27,ES,marbella es,620,772,Marbella,ES,0.43,0.418,54.6,13,41.1,25,49.0,5,ES,616,708,Marbella,Spain,12.6,14,40,47,20.6,0,16,26,es
693,IT515C1,Terni,small,dwellings/ha,5.97,6.39,5.62,6.3,4.07,9.01,1.64,3.06,2.7,6.05,0.25,5.45,4.33,IT,4.96,123,634,59.67,21.81,14.86,63,2.77,93.36,0.94,6.57,10.63,60.49,2.52,54.55,43.26,IT,terni it,623,743,Terni,IT,0.528,0.434,43.1,18,64.0,25,43.6,7,IT,210,471,Terni,Italy,14.9,43,86,96,21.8,0,30,46,it
694,BG005C1,Pleven,small,dwellings/ha,4.86,7.79,6.25,9.6,6.77,9.13,1.47,3.17,4.44,2.92,2.7,3.13,2.38,BG,4.96,123,635,48.64,17.23,13.44,96,0.71,94.11,0.76,7.02,22.56,29.16,27.01,31.32,23.81,BG,pleven bg,174,44,Pleven,BG,0.505,0.512,68.7,18,29.3,25,73.7,11,BG,295,692,Pleven,Bulgaria,13.4,19,45,51,17.2,0,11,21,bg
695,NL515C1,Venlo,small,dwellings/ha,5.07,4.47,6.27,5.1,6.94,7.4,5.66,5.15,2.47,3.61,1.57,4.98,4.74,NL,4.94,124,637,50.72,28.11,13.41,51,0.58,83.15,11.22,18.6,9.59,36.12,15.7,49.76,47.38,NL,venlo nl,604,530,Venlo,NL,0.552,0.521,46.8,12,42.5,25,51.4,7,NL,324,134,Venlo,Netherlands,13.4,21,51,59,28.1,0,32,43,nl
696,EL011C1,Xanthi,small,dwellings/ha,5.8,8.13,4.73,9.9,6.64,9.1,0.0,1.84,4.92,2.93,0.25,3.85,2.95,EL,4.94,124,638,57.98,16.1,16.87,99,0.81,93.97,0.0,2.36,27.58,29.3,2.52,38.52,29.54,EL,xanthi el,206,230,Xanthi,EL,0.375,0.38,50.4,10,34.4,25,52.0,5,EL,112,747,Xanthi,Greece,16.9,22,37,41,16.1,0,6,12,el
697,IT023C1,Potenza,small,dwellings/ha,6.16,8.32,7.29,0.0,7.01,7.58,0.0,2.95,1.85,8.47,2.16,6.13,3.37,IT,4.94,124,639,61.61,15.51,11.09,0,0.52,84.29,0.0,6.09,7.23,84.7,21.61,61.26,33.71,IT,potenza it,846,838,Potenza,IT,0.549,0.452,38.7,4,67.8,25,36.3,2,IT,675,814,Potenza,Italy,11.1,5,26,31,15.5,0,7,15,it
698,EL008C2,Kavala,small,dwellings/ha,6.9,7.55,4.73,0.0,7.37,8.95,0.0,3.25,4.28,3.8,5.6,3.8,4.41,EL,4.93,125,644,69.03,18.03,16.86,0,0.25,93.0,0.0,7.38,21.11,37.95,55.97,38.03,44.11,EL,kavala el,63,318,Kavala,EL,0.426,0.404,54.9,20,36.7,25,58.5,6,EL,111,609,Kavala,Greece,16.9,31,53,59,18.0,0,11,19,el
699,CZ010C1,Pardubice,small,dwellings/ha,5.19,6.45,5.16,0.0,7.25,8.02,3.94,7.85,3.36,3.31,3.23,6.39,4.37,CZ,4.93,125,645,51.88,21.61,15.89,0,0.34,87.04,5.44,43.11,14.19,33.09,32.28,63.92,43.71,CZ,pardubice cz,652,618,Pardubice,CZ,0.568,0.512,36.1,11,43.2,25,48.6,6,CZ,129,324,Pardubice,Czech Republic,15.9,38,68,76,21.5,0,21,33,cz
701,DE526C1,Wolfsburg,small,dwellings/ha,5.15,7.18,6.7,0.0,6.93,6.81,3.25,7.27,2.91,3.42,2.92,6.12,4.85,DE,4.93,125,647,51.47,19.24,12.42,0,0.58,79.37,3.69,36.95,11.63,34.23,29.2,61.24,48.55,DE,wolfsburg de,687,789,Wolfsburg,DE,0.58,0.541,38.8,16,43.6,25,40.4,6,DE,448,539,Wolfsburg,Germany,12.4,23,69,80,19.2,0,25,42,de
704,IT072C1,Anzio,small,dwellings/ha,7.55,8.09,5.58,0.0,7.34,8.75,1.54,2.16,2.06,4.96,0.14,5.4,4.5,IT,4.92,126,651,75.53,16.26,14.95,0,0.27,91.73,0.83,3.26,7.94,49.62,1.39,54.01,45.01,IT,anzio it,818,716,Anzio,IT,0.448,0.409,40.3,4,37.7,25,49.3,3,IT,253,806,Anzio,Italy,15.0,16,31,35,16.3,0,6,11,it
705,PL026C1,Plock,small,dwellings/ha,3.94,6.17,4.72,5.3,7.42,7.43,4.11,8.11,3.21,3.58,3.44,5.46,3.65,PL,4.92,126,652,39.4,22.53,16.89,53,0.21,83.33,5.91,45.99,13.27,35.82,34.39,54.61,36.55,PL,plock pl,659,732,Plock,PL,0.522,0.462,45.4,13,49.6,25,46.0,6,PL,87,228,Plock,Poland,16.9,55,93,103,22.5,0,29,43,pl
707,DE514C1,Hamm,small,dwellings/ha,5.42,5.2,6.28,3.9,7.02,7.19,1.72,6.98,2.64,3.54,3.34,5.36,4.35,DE,4.91,127,656,54.2,25.71,13.37,39,0.52,81.78,1.04,34.08,10.34,35.39,33.43,53.61,43.45,DE,hamm de,588,583,Hamm,DE,0.632,0.594,46.4,26,49.2,25,48.5,13,DE,275,173,Hamm,Germany,13.4,46,113,129,25.7,0,61,85,de
708,FR067C2,Quimper,small,dwellings/ha,6.32,8.48,7.4,0.0,6.83,5.32,1.7,5.49,1.0,4.51,2.72,4.69,5.54,FR,4.9,128,658,63.22,14.98,10.85,0,0.66,69.86,1.01,21.13,4.81,45.05,27.24,46.89,55.38,FR,quimper fr,570,453,Quimper,FR,0.653,0.606,53.1,12,62.9,25,54.3,6,FR,673,809,Quimper,France,10.9,5,31,38,15.0,0,8,18,fr
709,DE047C1,Hanau,small,dwellings/ha,5.4,3.66,6.42,6.7,6.44,8.41,1.36,6.38,3.81,2.27,4.2,4.59,3.79,DE,4.9,128,659,53.99,30.74,13.06,67,0.96,89.53,0.65,28.51,17.24,22.66,42.04,45.94,37.95,DE,hanau de,430,455,Hanau,DE,0.528,0.509,54.1,15,33.4,25,60.1,7,DE,388,95,Hanau,Germany,13.1,18,47,54,30.7,0,34,45,de
714,FI008C3,Kuopio,small,dwellings/ha,3.18,9.42,9.52,0.0,7.24,4.09,8.29,7.25,3.04,5.07,3.88,4.62,3.05,FI,4.89,129,665,31.81,11.91,6.09,0,0.35,62.06,24.03,36.84,12.34,50.73,38.77,46.25,30.51,FI,kuopio fi,315,808,Kuopio,FI,0.542,0.504,49.9,22,54.8,25,43.1,4,FI,847,845,Kuopio,Finland,6.1,0,8,17,11.9,0,6,17,fi
715,ES057C1,Ponferrada,small,dwellings/ha,6.21,8.34,8.06,0.0,3.84,6.77,1.85,4.19,1.86,6.86,2.06,6.73,4.0,ES,4.88,130,668,62.09,15.42,9.36,0,2.95,79.1,1.2,12.3,7.24,68.58,20.61,67.32,40.02,ES,ponferrada es,783,837,Ponferrada,ES,0.534,0.415,29.0,7,59.5,25,31.8,2,ES,782,829,Ponferrada,Spain,9.4,0,18,23,15.4,0,7,14,es
716,IT504C1,Livorno,small,dwellings/ha,3.31,5.66,4.91,8.3,6.06,6.86,2.96,5.31,4.26,2.61,3.79,1.6,6.68,IT,4.88,130,669,33.13,24.21,16.46,83,1.25,79.66,3.07,19.72,20.88,26.07,37.85,15.95,66.79,IT,livorno it,15,101,Livorno,IT,0.472,0.423,84.0,73,41.2,25,76.7,23,IT,138,289,Livorno,Italy,16.5,82,143,158,24.2,0,52,75,it
721,EL010C2,Chania,small,dwellings/ha,7.12,7.72,5.72,0.0,7.89,9.61,0.0,2.39,3.97,3.38,4.11,3.57,3.72,EL,4.85,133,682,71.16,17.45,14.63,0,-0.15,97.15,0.0,4.0,18.49,33.78,41.11,35.72,37.21,EL,chania el,377,157,Chania,EL,0.327,0.307,59.3,10,30.9,25,71.2,6,EL,211,722,Chania,Greece,14.6,16,33,38,17.5,0,8,14,el
722,FR077C1,Roanne,small,dwellings/ha,6.3,6.72,6.47,7.5,6.85,8.55,1.83,4.45,2.23,2.01,2.18,2.77,3.28,FR,4.85,133,683,63.01,20.73,12.94,75,0.65,90.42,1.18,13.85,8.58,20.1,21.83,27.66,32.77,FR,roanne fr,33,61,Roanne,FR,0.5,0.489,67.1,23,35.3,25,74.0,9,FR,366,439,Roanne,France,12.9,14,37,43,20.7,0,15,23,fr
723,IT511C1,Bergamo,small,dwellings/ha,3.51,2.78,0.61,8.7,7.22,9.52,4.75,5.31,4.15,1.79,4.66,3.24,6.54,IT,4.85,133,684,35.15,33.61,26.13,87,0.37,96.6,7.89,19.71,19.95,17.95,46.56,32.43,65.44,IT,bergamo it,79,195,Bergamo,IT,0.506,0.486,67.6,35,35.2,25,67.8,13,IT,2,40,Bergamo,Italy,26.1,137,176,186,33.6,0,59,74,it
725,HU002C1,Miskolc,small,dwellings/ha,5.31,7.4,4.8,8.4,6.11,8.43,1.85,4.04,3.39,3.58,3.09,3.96,2.56,HU,4.84,134,689,53.11,18.52,16.71,84,1.21,89.65,1.2,11.44,14.4,35.82,30.87,39.56,25.61,HU,miskolc hu,157,65,Miskolc,HU,0.584,0.541,60.4,41,44.9,25,64.1,21,HU,48,291,Miskolc,Hungary,16.7,101,173,192,18.5,0,37,65,hu
726,FR060C2,Chartres,small,dwellings/ha,4.98,7.17,6.69,7.0,6.73,6.68,2.91,4.92,1.73,4.5,1.93,4.44,3.18,FR,4.84,134,690,49.83,19.26,12.44,70,0.73,78.54,2.97,16.97,6.84,45.01,19.31,44.43,31.78,FR,chartres fr,491,378,Chartres,FR,0.621,0.56,55.6,16,53.7,25,54.0,8,FR,519,621,Chartres,France,12.4,15,46,54,19.3,0,17,28,fr
727,DE063C1,Plauen,small,dwellings/ha,6.62,6.03,6.59,0.0,6.78,6.97,2.57,6.11,2.67,2.54,2.36,4.35,5.62,DE,4.84,134,691,66.22,23.0,12.68,0,0.7,80.39,2.31,26.1,10.46,25.39,23.64,43.52,56.21,DE,plauen de,253,369,Plauen,DE,0.606,0.561,56.5,17,53.4,25,54.2,7,DE,336,231,Plauen,Germany,12.7,16,46,54,23.0,0,23,33,de
728,PT005C1,Coimbra,small,dwellings/ha,6.0,6.8,6.95,0.0,7.09,7.83,1.69,3.9,0.92,7.2,3.0,7.53,2.83,PT,4.84,134,692,59.98,20.46,11.86,0,0.46,85.84,1.0,10.66,4.63,72.04,29.98,75.27,28.35,PT,coimbra pt,836,846,Coimbra,PT,0.532,0.394,24.7,9,64.1,25,24.3,4,PT,627,603,Coimbra,Portugal,11.9,18,62,74,20.5,0,28,44,pt
729,FR214C1,Valence,small,dwellings/ha,6.07,5.41,6.2,6.5,6.83,8.21,2.6,4.82,2.39,2.62,2.97,4.04,3.16,FR,4.83,135,696,60.73,25.01,13.56,65,0.66,88.3,2.37,16.25,9.25,26.16,29.68,40.45,31.55,FR,valence fr,566,348,Valence,FR,0.478,0.445,59.6,16,46.1,25,62.0,10,FR,354,247,Valence,France,13.6,25,59,68,25.0,0,30,43,fr
730,DE053C1,Marburg,small,dwellings/ha,5.55,6.06,6.87,0.0,7.01,5.53,1.82,6.73,3.15,4.09,4.16,6.46,4.44,DE,4.83,135,697,55.54,22.9,12.04,0,0.52,71.24,1.15,31.7,12.95,40.92,41.63,64.56,44.36,DE,marburg de,768,833,Marburg,DE,0.635,0.581,31.9,6,52.8,25,34.7,2,DE,633,507,Marburg,Germany,12.0,8,28,33,22.9,0,15,22,de
732,ES519C1,Albacete,small,dwellings/ha,3.61,7.57,7.11,7.4,7.39,5.58,5.38,4.46,3.57,4.23,1.62,3.48,3.24,ES,4.83,135,699,36.15,17.96,11.51,74,0.23,71.53,10.15,13.9,15.53,42.27,16.18,34.82,32.41,ES,albacete es,602,669,Albacete,ES,0.316,0.278,60.5,20,61.5,25,54.7,9,ES,681,801,Albacete,Spain,11.5,12,51,61,18.0,0,18,33,es
737,EL013C1,Serres,small,dwellings/ha,4.87,7.66,3.55,9.5,6.97,9.83,1.88,3.16,4.98,3.03,0.61,3.28,2.51,EL,4.81,137,706,48.73,17.65,19.51,95,0.56,98.56,1.24,6.97,28.38,30.34,6.06,32.78,25.08,EL,serres el,62,3,Serres,EL,0.398,0.411,63.0,25,26.2,25,74.0,16,EL,30,512,Serres,Greece,19.5,61,92,100,17.6,0,14,27,el
740,DE029C1,Frankfurt,small,dwellings/ha,5.67,7.88,6.09,0.0,7.05,5.93,0.37,7.72,2.36,4.25,2.52,6.18,4.58,DE,4.81,137,709,56.73,16.95,13.81,0,0.49,73.77,0.05,41.76,9.13,42.46,25.25,61.79,45.81,DE,frankfurt de,338,470,Frankfurt,DE,0.518,0.516,56.2,116,31.8,25,58.4,47,DE,445,25,Frankfurt,Germany,13.0,115,303,350,34.4,6,262,329,de
742,DE061C1,Aschaffenburg,small,dwellings/ha,5.56,5.7,6.91,0.0,6.84,8.38,2.51,6.92,3.72,2.14,4.68,4.3,4.35,DE,4.8,138,713,55.62,24.07,11.95,0,0.65,89.36,2.2,33.48,16.58,21.39,46.79,42.97,43.49,DE,aschaffenburg de,330,302,Aschaffenburg,DE,0.543,0.519,48.3,14,36.2,25,66.0,7,DE,573,268,Aschaffenburg,Germany,11.9,9,33,39,24.1,0,19,28,de
749,DE064C1,Neubrandenburg,small,dwellings/ha,4.7,8.59,6.51,0.0,7.25,7.16,0.56,8.82,3.61,2.49,3.28,5.09,4.22,DE,4.78,140,721,47.01,14.62,12.85,0,0.34,81.62,0.11,54.4,15.82,24.85,32.79,50.87,42.24,DE,neubrandenburg de,531,683,Neubrandenburg,DE,0.543,0.506,49.1,10,38.3,25,44.6,4,DE,385,802,Neubrandenburg,Germany,12.8,13,36,41,14.6,0,7,15,de
752,FR201C1,Aubagne,small,dwellings/ha,7.24,7.24,6.8,0.0,6.69,8.33,0.69,3.1,1.19,6.53,1.18,4.39,3.89,FR,4.77,141,724,72.42,19.04,12.21,0,0.77,89.03,0.17,6.75,5.28,65.32,11.8,43.93,38.87,FR,aubagne fr,610,790,Aubagne,FR,0.519,0.498,56.1,13,48.0,25,43.3,4,FR,586,636,Aubagne,France,12.2,14,44,51,19.0,0,16,27,fr
758,EL014C1,Trikala,small,dwellings/ha,4.82,7.87,4.06,8.6,7.31,9.29,1.3,2.96,3.17,3.92,0.17,4.49,2.64,EL,4.75,143,733,48.18,16.98,18.38,86,0.29,95.13,0.59,6.14,13.09,39.19,1.69,44.87,26.37,EL,trikala el,312,198,Trikala,EL,0.467,0.444,52.1,16,42.0,25,53.9,8,EL,75,707,Trikala,Greece,18.4,46,72,79,17.0,0,11,21,el
759,ES060C1,Fuengirola,small,dwellings/ha,0.0,5.85,6.33,9.9,7.84,9.44,2.3,4.74,5.39,3.06,4.96,3.25,3.63,ES,4.74,144,735,0.0,23.57,13.25,99,-0.11,96.11,1.85,15.73,33.63,30.61,49.62,32.48,36.33,ES,fuengirola es,304,196,Fuengirola,ES,0.272,0.291,63.1,11,25.2,25,78.2,6,ES,477,464,Fuengirola,Spain,13.3,10,25,29,23.6,0,12,18,es
762,NL508C1,Haarlemmermeer,small,dwellings/ha,3.9,4.62,6.58,3.2,7.47,6.32,6.44,6.08,3.14,4.94,1.71,5.08,3.82,NL,4.73,145,742,39.0,27.6,12.69,32,0.17,76.22,14.5,25.87,12.87,49.39,17.06,50.84,38.25,NL,haarlemmermeer nl,824,751,Haarlemmermeer,NL,0.542,0.508,49.2,7,40.9,25,49.8,5,NL,618,321,Haarlemmermeer,Netherlands,12.7,15,43,50,27.6,0,28,38,nl
763,DE071C1,Stralsund,small,dwellings/ha,5.01,8.13,6.93,0.0,7.63,7.88,2.84,8.41,3.67,2.71,3.02,3.48,3.15,DE,4.73,145,743,50.06,16.12,11.91,0,0.05,86.19,2.82,49.53,16.23,27.13,30.23,34.82,31.53,DE,stralsund de,247,297,Stralsund,DE,0.566,0.572,65.2,12,32.0,25,64.5,5,DE,479,701,Stralsund,Germany,11.9,8,30,35,16.1,0,8,16,de
765,RO006C1,Oradea,small,dwellings/ha,3.0,7.55,5.38,9.1,7.44,9.21,3.3,4.39,3.68,2.97,0.8,3.11,3.08,RO,4.73,145,745,30.03,18.01,15.4,91,0.2,94.62,3.81,13.5,16.31,29.73,8.05,31.07,30.84,RO,oradea ro,225,156,Oradea,RO,0.507,0.468,68.9,33,38.1,25,69.8,17,RO,160,640,Oradea,Romania,15.4,56,107,119,17.9,0,24,43,ro
768,FR062C1,Calais,small,dwellings/ha,4.79,4.25,6.52,8.9,6.94,8.29,2.39,3.92,3.06,3.36,3.67,3.56,2.52,FR,4.72,146,752,47.88,28.81,12.84,89,0.58,88.8,2.01,10.74,12.44,33.61,36.67,35.58,25.19,FR,calais fr,60,97,Calais,FR,0.495,0.478,64.4,24,35.4,25,70.4,10,FR,360,107,Calais,France,12.8,16,43,50,28.8,0,30,40,fr
769,DE079C1,Wetzlar,small,dwellings/ha,5.67,5.75,6.82,0.0,6.67,7.98,0.27,6.11,2.85,3.32,3.61,6.13,4.28,DE,4.72,146,753,56.71,23.89,12.16,0,0.78,86.81,0.03,26.12,11.36,33.16,36.13,61.28,42.82,DE,wetzlar de,628,810,Wetzlar,DE,0.595,0.56,36.0,7,43.4,25,38.5,2,DE,427,141,Wetzlar,Germany,12.2,9,30,36,23.9,0,17,25,de
770,DE065C1,Fulda,small,dwellings/ha,6.11,6.37,6.82,0.0,6.58,7.49,1.26,6.39,2.46,3.57,3.6,5.04,3.98,DE,4.71,147,754,61.05,21.89,12.15,0,0.85,83.7,0.55,28.57,9.54,35.69,36.03,50.4,39.83,DE,fulda de,232,534,Fulda,DE,0.575,0.539,45.8,15,50.0,25,53.9,5,DE,555,422,Fulda,Germany,12.1,10,32,38,21.9,0,15,24,de
772,IT058C1,Pordenone,small,dwellings/ha,6.84,5.53,1.66,0.0,6.9,9.2,5.42,4.54,2.64,4.63,3.4,4.03,4.35,IT,4.7,148,761,68.44,24.63,23.78,0,0.61,94.55,10.29,14.41,10.33,46.27,33.96,40.31,43.46,IT,pordenone it,650,387,Pordenone,IT,0.5,0.474,56.4,7,43.0,25,62.4,5,IT,24,310,Pordenone,Italy,23.8,50,67,71,24.6,0,16,22,it
773,DE077C1,Schweinfurt,small,dwellings/ha,4.96,5.97,6.43,0.0,7.65,9.0,1.61,8.25,3.86,2.2,4.78,4.32,3.29,DE,4.69,149,763,49.56,23.2,13.03,0,0.04,93.32,0.9,47.61,17.65,21.98,47.83,43.18,32.85,DE,schweinfurt de,164,189,Schweinfurt,DE,0.55,0.547,47.9,15,32.3,25,64.7,7,DE,278,218,Schweinfurt,Germany,13.0,14,37,43,23.2,0,18,26,de
774,DE060C1,Celle,small,dwellings/ha,5.85,7.0,6.6,0.0,6.77,7.44,1.82,6.94,2.26,2.59,2.43,4.67,4.56,DE,4.69,149,764,58.48,19.81,12.65,0,0.71,83.39,1.16,33.75,8.72,25.93,24.27,46.7,45.56,DE,celle de,571,350,Celle,DE,0.604,0.574,53.3,11,43.2,25,55.0,7,DE,315,374,Celle,Germany,12.6,16,45,52,19.8,0,17,27,de
777,SK007C1,Trnava,small,dwellings/ha,2.49,6.61,4.49,8.8,7.19,8.79,3.31,8.08,3.29,1.95,3.1,3.36,3.25,SK,4.69,149,767,24.91,21.08,17.4,88,0.38,91.95,3.84,45.67,13.75,19.46,30.96,33.56,32.54,SK,trnava sk,484,219,Trnava,SK,0.486,0.469,61.1,8,34.9,25,69.2,5,SK,93,372,Trnava,Slovakia,17.4,27,45,50,21.1,0,12,19,sk
778,ES043C1,Ferrol,small,dwellings/ha,5.32,6.85,6.51,0.0,5.18,6.08,1.95,5.22,2.32,6.66,1.81,5.38,4.95,ES,4.68,150,770,53.17,20.3,12.85,0,1.92,74.73,1.33,19.06,8.95,66.63,18.12,53.79,49.52,ES,ferrol es,48,653,Ferrol,ES,0.636,0.538,43.9,23,55.7,25,46.6,4,ES,353,437,Ferrol,Spain,12.9,15,40,47,20.3,0,15,25,es
782,ES016C1,Toledo,small,dwellings/ha,4.63,7.05,6.96,0.0,8.24,6.74,1.37,5.95,3.33,4.58,3.17,3.82,4.21,ES,4.67,151,776,46.33,19.66,11.84,0,-0.41,78.91,0.66,24.81,14.02,45.81,31.74,38.23,42.06,ES,toledo es,825,834,Toledo,ES,0.327,0.291,57.6,5,50.2,25,43.5,2,ES,666,766,Toledo,Spain,11.8,7,26,31,19.7,0,11,18,es
785,RO008C1,Arad,small,dwellings/ha,4.87,7.15,4.91,9.3,7.39,9.1,3.42,3.59,3.31,2.53,0.95,2.26,2.18,RO,4.67,151,779,48.74,19.32,16.45,93,0.23,93.96,4.09,9.01,13.87,25.27,9.52,22.59,21.84,RO,arad ro,101,19,Arad,RO,0.467,0.482,77.4,38,26.1,25,78.0,22,RO,102,440,Arad,Romania,16.4,66,115,128,19.2,0,28,46,ro
788,IT038C1,Barletta,small,dwellings/ha,0.38,6.77,5.53,9.9,8.14,9.98,3.53,2.97,6.0,1.85,3.27,0.34,4.74,IT,4.66,152,784,3.78,20.56,15.05,99,-0.34,99.51,4.36,6.16,43.42,18.48,32.69,3.41,47.41,IT,barletta it,59,15,Barletta,IT,0.289,0.298,81.4,25,52.6,25,97.7,13,IT,244,624,Barletta,Italy,15.1,24,47,52,20.6,0,14,23,it
789,ES544C1,Linares,small,dwellings/ha,5.0,7.51,7.43,0.0,7.92,7.15,1.01,4.11,3.89,3.74,0.29,4.84,4.47,ES,4.65,153,786,50.02,18.14,10.79,0,-0.17,81.55,0.36,11.82,17.82,37.38,2.93,48.39,44.69,ES,linares es,817,636,Linares,ES,0.278,0.232,47.4,4,51.4,25,50.9,3,ES,684,736,Linares,Spain,10.8,3,19,24,18.1,0,8,14,es
791,ES546C1,Merida,small,dwellings/ha,4.02,7.88,7.41,0.0,8.51,6.89,1.4,5.67,3.03,4.82,1.95,3.7,4.3,ES,4.64,154,789,40.21,16.95,10.82,0,-0.63,79.91,0.69,22.47,12.28,48.19,19.51,37.05,42.96,ES,merida es,829,803,Merida,ES,0.308,0.272,52.8,3,57.2,25,49.9,2,ES,698,812,Merida,Spain,10.8,2,15,19,17.0,0,5,10,es
792,IT024C1,Catanzaro,small,dwellings/ha,4.53,8.34,5.17,0.0,8.58,8.92,1.98,2.86,3.2,6.08,0.28,7.79,2.14,IT,4.63,155,792,45.29,15.44,15.87,0,-0.67,92.8,1.37,5.73,13.22,60.76,2.8,77.94,21.38,IT,catanzaro it,856,862,Catanzaro,IT,0.5,0.404,22.1,3,59.2,25,15.1,1,IT,192,822,Catanzaro,Italy,15.9,29,53,59,15.4,0,8,17,it
793,RO505C1,Ploiesti,small,dwellings/ha,4.45,6.56,4.93,9.4,7.08,9.43,0.0,4.19,4.93,1.9,2.54,2.33,2.37,RO,4.62,156,793,44.5,21.27,16.41,94,0.47,96.03,0.0,12.29,27.78,18.97,25.4,23.26,23.73,RO,ploiesti ro,55,6,Ploiesti,RO,0.436,0.471,76.7,58,19.9,25,82.7,33,RO,120,368,Ploiesti,Romania,16.4,85,149,166,21.3,0,43,68,ro
795,HU018C1,Zalaegerszeg,small,dwellings/ha,6.02,8.18,4.77,0.0,6.87,8.05,4.07,4.49,2.4,4.67,2.97,2.69,3.56,HU,4.61,157,796,60.23,15.94,16.76,0,0.63,87.25,5.8,14.14,9.28,46.67,29.68,26.95,35.59,HU,zalaegerszeg hu,173,127,Zalaegerszeg,HU,0.593,0.574,73.1,14,50.2,25,65.9,7,HU,95,693,Zalaegerszeg,Hungary,16.8,29,50,55,15.9,0,8,16,hu
798,DE073C1,Offenburg,small,dwellings/ha,5.38,6.13,6.37,0.0,7.02,7.75,3.52,6.11,3.1,4.22,3.32,4.97,2.78,DE,4.61,157,799,53.79,22.68,13.17,0,0.52,85.33,4.34,26.11,12.68,42.18,33.16,49.73,27.82,DE,offenburg de,529,622,Offenburg,DE,0.57,0.555,50.3,10,45.7,25,40.1,4,DE,365,364,Offenburg,Germany,13.2,13,34,39,22.7,0,15,23,de
799,IT054C1,Matera,small,dwellings/ha,2.99,7.62,5.78,0.0,7.79,9.6,0.96,3.5,3.82,4.08,2.39,4.18,5.53,IT,4.61,157,800,29.9,17.79,14.5,0,-0.07,97.14,0.32,8.57,17.34,40.85,23.9,41.78,55.26,IT,matera it,766,531,Matera,IT,0.372,0.335,54.0,6,56.8,25,61.3,4,IT,318,784,Matera,Italy,14.5,15,32,36,17.8,0,8,14,it
800,HU016C1,Eger,small,dwellings/ha,6.27,7.8,4.96,0.0,6.57,9.0,3.82,3.92,3.23,2.38,3.21,3.46,3.56,HU,4.6,158,802,62.66,17.21,16.36,0,0.86,93.27,5.1,10.76,13.42,23.75,32.08,34.57,35.62,HU,eger hu,349,128,Eger,HU,0.525,0.513,60.8,11,46.9,25,68.4,7,HU,114,629,Eger,Hungary,16.4,26,46,51,17.2,0,9,16,hu
801,FR061C2,Niort,small,dwellings/ha,6.16,7.63,6.76,0.0,7.12,6.55,1.73,4.39,0.86,4.47,2.1,5.42,3.88,FR,4.6,158,803,61.58,17.76,12.3,0,0.44,77.74,1.05,13.48,4.5,44.72,21.04,54.19,38.78,FR,niort fr,730,689,Niort,FR,0.6,0.542,45.8,10,57.1,25,44.1,6,FR,608,778,Niort,France,12.3,13,42,49,17.8,0,13,24,fr
803,UK038C1,Waveney,small,dwellings/ha,3.65,7.59,8.16,0.0,7.43,7.66,2.93,5.99,3.08,4.21,4.4,3.41,3.22,UK,4.58,160,808,36.51,17.88,9.14,0,0.2,84.76,3.0,25.1,12.55,42.11,44.04,34.12,32.18,UK,waveney uk,120,45,Waveney,UK,0.568,0.57,65.9,35,31.7,25,71.2,18,UK,724,578,Waveney,United Kingdom,9.1,0,40,53,17.9,0,22,40,uk
805,FI004C3,Oulu,small,dwellings/ha,2.89,9.44,9.63,3.6,6.98,0.0,9.04,5.85,2.42,3.53,3.22,5.07,2.76,FI,4.57,161,810,28.85,11.82,5.84,36,0.54,36.05,28.62,23.92,9.35,35.3,32.2,50.67,27.64,FI,oulu fi,591,848,Oulu,FI,0.537,0.491,49.3,20,56.9,25,35.4,4,FI,855,856,Oulu,Finland,5.8,0,7,16,11.8,0,6,18,fi
807,IT506C1,Ravenna,small,dwellings/ha,4.48,5.67,3.64,5.3,7.27,6.67,4.49,4.0,1.86,5.02,0.34,5.56,4.02,IT,4.56,162,813,44.83,24.17,19.32,53,0.32,78.45,7.06,11.2,7.24,50.19,3.44,55.57,40.25,IT,ravenna it,689,646,Ravenna,IT,0.528,0.443,44.4,22,67.6,25,42.9,12,IT,89,371,Ravenna,Italy,19.3,108,163,177,24.2,0,48,69,it
808,NL521C1,Oss,small,dwellings/ha,4.9,5.02,6.46,0.0,6.63,6.77,5.56,4.82,2.31,4.7,1.3,4.94,4.66,NL,4.55,163,815,48.98,26.31,12.97,0,0.81,79.12,10.84,16.25,8.9,46.99,13.04,49.42,46.64,NL,oss nl,638,627,Oss,NL,0.589,0.55,47.0,10,49.2,25,51.4,5,NL,455,261,Oss,Netherlands,13.0,14,37,43,26.3,0,22,30,nl
809,DE048C1,Wilhelmshaven,small,dwellings/ha,4.35,6.7,6.86,0.0,7.01,7.43,4.63,6.52,2.82,3.78,2.7,4.2,3.46,DE,4.55,163,816,43.53,20.81,12.08,0,0.53,83.29,7.49,29.73,11.22,37.76,27.05,42.05,34.61,DE,wilhelmshaven de,110,184,Wilhelmshaven,DE,0.64,0.619,58.0,24,40.7,25,63.0,9,DE,409,320,Wilhelmshaven,Germany,12.1,14,48,57,20.8,0,21,34,de
810,DE080C1,Speyer,small,dwellings/ha,4.75,5.04,6.25,0.0,6.77,8.4,2.48,7.67,3.93,2.37,3.94,3.73,4.08,DE,4.54,164,818,47.51,26.24,13.43,0,0.71,89.48,2.15,41.2,18.18,23.74,39.37,37.32,40.83,DE,speyer de,594,240,Speyer,DE,0.486,0.483,58.7,7,28.6,25,66.8,5,DE,297,142,Speyer,Germany,13.4,13,31,36,26.2,0,17,24,de
813,FR082C2,Beauvais,small,dwellings/ha,5.66,7.04,6.62,0.0,6.74,6.16,2.88,4.1,1.44,5.28,1.75,4.67,4.13,FR,4.53,165,822,56.56,19.7,12.61,0,0.73,75.23,2.91,11.79,5.96,52.78,17.46,46.71,41.35,FR,beauvais fr,592,457,Beauvais,FR,0.663,0.584,53.3,8,59.7,25,52.5,5,FR,437,532,Beauvais,France,12.6,11,31,36,19.7,0,11,19,fr
817,RO013C1,Giurgiu,small,dwellings/ha,3.67,7.53,5.73,9.5,7.24,9.44,0.0,2.97,4.16,2.53,0.05,3.84,1.92,RO,4.51,167,829,36.69,18.07,14.61,95,0.35,96.1,0.0,6.18,19.99,25.33,0.5,38.41,19.19,RO,giurgiu ro,392,393,Giurgiu,RO,0.46,0.444,61.6,11,32.9,25,62.7,5,RO,206,680,Giurgiu,Romania,14.6,19,39,44,18.1,0,10,17,ro
818,BG004C1,Burgas,small,dwellings/ha,3.07,8.27,6.55,4.2,7.75,8.12,4.63,3.69,4.7,2.46,1.91,3.33,2.26,BG,4.49,168,830,30.67,15.66,12.76,42,-0.04,87.7,7.5,9.51,25.23,24.6,19.11,33.3,22.58,BG,burgas bg,122,170,Burgas,BG,0.478,0.467,66.7,43,42.3,25,64.6,18,BG,310,711,Burgas,Bulgaria,12.8,35,97,112,15.7,0,21,44,bg
819,BG011C1,Shumen,small,dwellings/ha,4.57,8.48,6.57,0.0,8.02,8.74,0.0,2.95,3.52,2.66,3.0,3.99,3.86,BG,4.49,168,831,45.74,14.98,12.72,0,-0.25,91.64,0.0,6.09,15.19,26.62,30.0,39.86,38.61,BG,shumen bg,446,239,Shumen,BG,0.503,0.472,60.1,9,38.7,25,53.7,5,BG,288,731,Shumen,Bulgaria,12.7,11,31,36,15.0,0,6,13,bg
820,RO005C1,Braila,small,dwellings/ha,4.26,7.3,5.8,9.8,7.39,9.5,0.88,3.11,5.05,0.91,1.9,2.11,1.23,RO,4.48,169,833,42.63,18.83,14.45,98,0.24,96.5,0.27,6.77,29.22,9.15,18.95,21.07,12.28,RO,braila ro,97,16,Braila,RO,0.381,0.415,78.9,45,17.3,25,83.6,26,RO,182,514,Braila,Romania,14.4,52,109,124,18.8,0,30,51,ro
821,PL022C1,Konin,small,dwellings/ha,4.54,7.03,4.75,0.0,7.39,8.39,1.34,7.81,2.62,4.24,3.16,6.31,2.31,PL,4.47,170,836,45.41,19.71,16.81,0,0.23,89.4,0.63,42.75,10.24,42.36,31.59,63.14,23.11,PL,konin pl,821,843,Konin,PL,0.509,0.46,36.9,4,50.3,25,30.6,2,PL,97,421,Konin,Poland,16.8,31,53,58,19.5,0,13,21,pl
824,DE536C1,Salzgitter,small,dwellings/ha,4.23,7.27,6.51,0.0,7.43,5.28,2.61,7.34,2.63,3.59,2.25,6.01,3.53,DE,4.46,171,840,42.27,18.95,12.87,0,0.2,69.66,2.38,37.71,10.3,35.87,22.54,60.14,35.32,DE,salzgitter de,799,755,Salzgitter,DE,0.633,0.591,39.9,9,47.3,25,36.6,6,DE,286,444,Salzgitter,Germany,12.9,24,66,77,18.9,0,22,37,de
828,FR027C1,Ajaccio,small,dwellings/ha,4.51,9.01,7.52,0.0,6.89,6.67,3.31,3.58,2.13,6.37,1.44,5.69,1.66,FR,4.44,173,844,45.07,13.25,10.58,0,0.62,78.45,3.84,9.0,8.22,63.68,14.42,56.92,16.62,FR,ajaccio fr,666,826,Ajaccio,FR,0.572,0.463,37.4,9,63.0,25,32.5,3,FR,707,844,Ajaccio,France,10.6,3,23,29,13.3,0,5,12,fr
829,BG012C1,Pernik,small,dwellings/ha,5.8,8.16,5.41,0.0,7.49,7.94,1.26,3.72,3.21,3.37,0.45,4.44,3.45,BG,4.44,173,845,58.02,16.02,15.33,0,0.16,86.58,0.56,9.71,13.3,33.69,4.45,44.37,34.5,BG,pernik bg,463,173,Pernik,BG,0.517,0.487,53.1,13,41.9,25,59.5,8,BG,133,661,Pernik,Bulgaria,15.3,32,61,69,16.0,0,11,22,bg
831,IT524C1,Andria,small,dwellings/ha,1.08,6.75,5.34,9.8,6.72,9.77,2.73,2.79,4.67,2.22,0.27,3.14,3.81,IT,4.43,174,847,10.75,20.62,15.49,98,0.75,98.2,2.61,5.44,24.86,22.2,2.72,31.37,38.06,IT,andria it,672,261,Andria,IT,0.327,0.231,57.9,10,68.3,25,67.6,8,IT,233,669,Andria,Italy,15.5,26,49,55,20.6,0,15,23,it
834,FR324C1,Martigues,small,dwellings/ha,5.32,5.58,6.67,0.0,7.4,8.68,1.49,4.11,2.24,3.68,3.49,5.2,2.74,FR,4.4,177,851,53.16,24.47,12.5,0,0.23,91.24,0.77,11.8,8.63,36.83,34.95,52.01,27.37,FR,martigues fr,777,756,Martigues,FR,0.437,0.38,47.7,6,47.2,25,49.9,3,FR,557,326,Martigues,France,12.5,9,27,32,24.5,0,15,22,fr
835,IT048C1,Cosenza,small,dwellings/ha,0.53,6.28,6.1,9.0,5.83,9.18,3.06,2.73,4.13,3.35,0.25,3.35,4.62,IT,4.4,177,852,5.3,22.18,13.77,90,1.43,94.45,3.28,5.21,19.8,33.54,2.49,33.54,46.23,IT,cosenza it,53,132,Cosenza,IT,0.51,0.402,61.8,22,59.0,25,67.7,8,IT,256,347,Cosenza,Italy,13.8,19,43,49,22.2,0,17,26,it
836,RO017C1,Tulcea,small,dwellings/ha,3.51,7.73,6.98,8.6,7.67,8.93,1.17,3.59,3.97,1.72,0.18,2.99,1.34,RO,4.4,177,853,35.14,17.44,11.79,86,0.02,92.86,0.48,9.04,18.46,17.24,1.79,29.87,13.37,RO,tulcea ro,523,49,Tulcea,RO,0.383,0.374,70.1,8,32.4,25,77.4,7,RO,609,730,Tulcea,Romania,11.8,7,24,29,17.3,0,8,14,ro
837,PT008C1,Aveiro,small,dwellings/ha,2.67,7.3,6.89,0.0,6.82,8.47,1.35,3.55,1.03,6.65,2.49,7.55,3.23,PT,4.39,178,854,26.73,18.85,12.0,0,0.67,89.95,0.64,8.81,4.89,66.48,24.88,75.55,32.31,PT,aveiro pt,771,855,Aveiro,PT,0.498,0.405,24.5,7,54.6,25,20.4,1,PT,612,683,Aveiro,Portugal,12.0,9,32,38,18.8,0,12,20,pt
838,IT045C1,Asti,small,dwellings/ha,4.41,4.26,2.33,7.8,6.29,8.39,2.98,3.88,1.92,3.28,2.02,3.34,4.45,IT,4.38,179,856,44.07,28.79,22.27,78,1.07,89.4,3.12,10.55,7.46,32.82,20.17,33.39,44.53,IT,asti it,127,210,Asti,IT,0.589,0.469,59.3,23,66.9,25,67.5,9,IT,35,183,Asti,Italy,22.3,67,93,99,28.8,0,30,40,it
840,FR096C2,Albi,small,dwellings/ha,6.78,8.62,6.91,0.0,7.02,6.9,1.88,3.78,0.8,4.41,1.83,4.17,1.92,FR,4.37,180,858,67.8,14.5,11.96,0,0.52,79.92,1.24,10.02,4.36,44.12,18.28,41.68,19.23,FR,albi fr,631,545,Albi,FR,0.573,0.542,58.3,11,57.1,25,55.2,6,FR,625,828,Albi,France,12.0,10,36,43,14.5,0,7,17,fr
844,PL023C1,Zory,small,dwellings/ha,6.38,6.11,2.07,0.0,7.09,5.76,1.26,5.25,1.79,6.79,1.76,7.52,2.83,PL,4.36,181,862,63.77,22.73,22.84,0,0.46,72.69,0.56,19.32,7.04,67.91,17.62,75.17,28.26,PL,zory pl,854,856,Zory,PL,0.593,0.53,24.8,2,54.2,25,22.9,1,PL,12,200,Zory,Poland,22.8,49,67,71,22.7,0,14,21,pl
845,HU011C1,Szolnok,small,dwellings/ha,5.33,7.9,4.29,0.0,7.56,8.57,4.36,3.11,2.96,3.48,2.46,4.21,2.34,HU,4.35,182,863,53.3,16.89,17.84,0,0.11,90.58,6.66,6.77,11.93,34.82,24.57,42.12,23.4,HU,szolnok hu,219,85,Szolnok,HU,0.529,0.523,53.2,15,31.6,25,68.2,9,HU,62,575,Szolnok,Hungary,17.8,42,68,75,16.9,0,11,21,hu
846,IT047C1,Massa,small,dwellings/ha,5.98,6.44,5.91,0.0,3.11,8.87,3.73,3.8,2.49,4.98,0.92,1.52,4.97,IT,4.35,182,864,59.79,21.64,14.21,0,3.5,92.46,4.86,10.13,9.67,49.76,9.22,15.21,49.72,IT,massa it,13,105,Massa,IT,0.54,0.593,75.0,33,28.2,25,74.5,10,IT,272,476,Massa,Italy,14.2,22,48,55,21.6,0,18,27,it
847,IT056C1,Acireale,small,dwellings/ha,6.87,5.85,5.19,0.0,7.76,9.81,1.28,3.16,2.56,4.89,0.28,5.57,1.2,IT,4.35,182,865,68.67,23.6,15.82,0,-0.05,98.43,0.57,6.99,9.98,48.93,2.82,55.75,11.95,IT,acireale it,581,817,Acireale,IT,0.506,0.391,37.1,7,55.2,25,39.3,2,IT,146,287,Acireale,Italy,15.8,21,38,43,23.6,0,14,21,it
848,PT009C1,Faro,small,dwellings/ha,4.15,7.85,6.76,0.0,7.27,7.89,1.62,4.91,1.94,3.16,1.03,4.84,3.86,PT,4.34,183,866,41.46,17.02,12.29,0,0.32,86.21,0.92,16.86,7.53,31.63,10.34,48.41,38.6,PT,faro pt,789,473,Faro,PT,0.343,0.229,51.5,6,64.1,25,56.3,5,PT,527,745,Faro,Portugal,12.3,10,31,36,17.0,0,9,17,pt
849,RO512C1,Suceava,small,dwellings/ha,5.91,8.18,6.43,0.0,7.24,8.57,0.0,2.92,3.53,3.88,0.12,4.5,2.27,RO,4.34,183,867,59.14,15.96,13.03,0,0.35,90.55,0.0,5.98,15.29,38.79,1.18,44.97,22.67,RO,suceava ro,632,563,Suceava,RO,0.491,0.471,55.0,8,42.0,25,54.6,4,RO,543,820,Suceava,Romania,13.0,11,29,34,16.0,0,6,13,ro
850,FR039C2,Avignon,small,dwellings/ha,2.95,6.13,6.53,4.6,7.31,8.77,1.67,4.44,2.21,4.09,2.4,4.29,2.53,FR,4.33,184,868,29.45,22.65,12.8,46,0.3,91.86,0.98,13.82,8.52,40.9,24.02,42.87,25.31,FR,avignon fr,493,336,Avignon,FR,0.479,0.446,57.1,27,40.5,25,59.1,15,FR,470,389,Avignon,France,12.8,29,80,93,22.7,0,38,56,fr
852,IT525C1,Trani,small,dwellings/ha,0.0,6.92,5.29,9.7,8.75,9.56,1.89,1.41,4.54,3.38,0.24,3.17,3.19,IT,4.29,186,872,0.0,20.07,15.6,97,-0.8,96.84,1.25,1.4,23.57,33.84,2.37,31.69,31.92,IT,trani it,510,398,Trani,IT,0.332,0.294,57.6,7,51.0,25,74.1,4,IT,229,705,Trani,Italy,15.6,14,26,29,20.1,0,7,12,it
853,IT066C1,Carpi,small,dwellings/ha,0.93,3.12,1.87,8.0,7.12,8.52,6.38,2.94,2.55,3.76,0.31,4.76,5.95,IT,4.28,187,875,9.28,32.52,23.31,80,0.44,90.23,14.26,6.04,9.92,37.57,3.05,47.6,59.51,IT,carpi it,667,623,Carpi,IT,0.552,0.456,46.3,9,64.0,25,56.5,5,IT,33,126,Carpi,Italy,23.3,61,82,88,32.5,0,30,38,it
855,IT067C1,Cerignola,small,dwellings/ha,0.01,7.15,5.3,9.3,7.15,9.4,2.36,2.79,3.86,3.52,1.0,3.45,3.27,IT,4.27,188,878,0.12,19.33,15.58,93,0.42,95.85,1.95,5.43,17.61,35.23,10.0,34.55,32.75,IT,cerignola it,579,539,Cerignola,IT,0.361,0.277,60.4,7,73.8,25,58.7,4,IT,215,724,Cerignola,Italy,15.6,17,31,35,19.3,0,8,14,it
856,ES532C1,Algeciras,small,dwellings/ha,2.93,4.1,5.87,9.0,5.74,8.9,3.22,5.21,4.14,2.9,0.85,1.98,2.49,ES,4.26,189,879,29.27,29.32,14.29,90,1.5,92.65,3.63,18.98,19.86,29.01,8.45,19.79,24.95,ES,algeciras es,156,103,Algeciras,ES,0.37,0.351,80.2,20,33.5,25,80.7,10,ES,268,138,Algeciras,Spain,14.3,22,47,54,29.3,0,28,38,es
857,IT518C1,Alessandria,small,dwellings/ha,3.41,4.09,2.55,7.0,7.16,8.35,3.52,3.39,2.24,3.09,1.09,4.31,3.95,IT,4.2,190,884,34.14,29.35,21.76,70,0.41,89.15,4.34,8.07,8.65,30.86,10.92,43.09,39.51,IT,alessandria it,271,330,Alessandria,IT,0.505,0.424,53.9,23,65.9,25,60.0,10,IT,37,149,Alessandria,Italy,21.8,84,118,126,29.3,0,40,53,it
858,EL012C1,Katerini,small,dwellings/ha,0.0,7.71,3.76,9.3,7.21,9.68,1.11,3.04,3.98,3.09,3.27,2.74,3.02,EL,4.17,191,886,0.0,17.5,19.04,93,0.37,97.61,0.43,6.47,18.53,30.88,32.65,27.35,30.25,EL,katerini el,195,40,Katerini,EL,0.391,0.409,57.8,14,28.9,25,71.1,9,EL,78,727,Katerini,Greece,19.0,36,55,60,17.5,0,9,16,el
859,BG014C1,Haskovo,small,dwellings/ha,5.44,7.62,5.77,0.0,7.37,9.21,0.61,4.25,3.26,2.75,0.96,2.4,2.6,BG,4.17,191,887,54.41,17.8,14.52,0,0.25,94.64,0.13,12.63,13.61,27.48,9.61,24.01,25.97,BG,haskovo bg,116,75,Haskovo,BG,0.491,0.479,76.0,16,41.6,25,73.3,7,BG,183,600,Haskovo,Bulgaria,14.5,20,40,46,17.8,0,10,18,bg
861,IT062C1,Bitonto,small,dwellings/ha,0.02,6.41,5.59,9.1,7.2,9.52,0.0,2.5,5.3,2.59,0.65,3.82,3.21,IT,4.15,193,891,0.18,21.75,14.93,91,0.38,96.58,0.0,4.38,32.45,25.91,6.45,38.17,32.08,IT,bitonto it,704,554,Bitonto,IT,0.316,0.271,52.9,6,63.4,25,55.1,3,IT,313,645,Bitonto,Italy,14.9,13,26,30,21.7,0,9,14,it
863,EL004C2,Irakleio,small,dwellings/ha,0.0,7.43,5.21,8.9,7.68,9.04,0.76,2.42,4.05,4.34,3.57,3.43,1.6,EL,4.13,195,893,0.0,18.41,15.78,89,0.01,93.58,0.2,4.1,19.08,43.42,35.73,34.31,15.98,EL,irakleio el,235,125,Irakleio,EL,0.318,0.302,65.7,29,38.5,25,70.7,16,EL,180,715,Irakleio,Greece,15.8,49,90,100,18.4,0,21,36,el
864,IT522C1,Trapani,small,dwellings/ha,1.42,7.24,5.95,8.0,8.33,8.41,0.0,2.28,2.67,4.11,0.58,3.92,1.94,IT,4.09,196,896,14.16,19.05,14.12,80,-0.48,89.54,0.0,3.65,10.46,41.12,5.75,39.24,19.43,IT,trapani it,160,137,Trapani,IT,0.347,0.29,54.0,17,63.0,25,68.7,8,IT,249,594,Trapani,Italy,14.1,20,43,49,19.0,0,12,21,it
865,IT022C1,Taranto,small,dwellings/ha,0.2,7.55,4.79,5.7,8.49,9.24,2.79,2.98,4.59,3.55,0.63,2.44,2.61,IT,4.02,197,897,1.97,18.01,16.73,57,-0.6,94.81,2.72,6.2,24.09,35.52,6.34,24.39,26.13,IT,taranto it,65,267,Taranto,IT,0.345,0.343,74.7,57,39.6,25,65.7,18,IT,148,737,Taranto,Italy,16.7,78,134,149,18.0,0,27,49,it
866,IT065C1,Bisceglie,small,dwellings/ha,0.0,7.03,5.35,9.5,8.55,9.91,0.54,3.04,3.83,2.87,0.0,1.6,2.34,IT,3.98,198,900,0.0,19.71,15.46,95,-0.65,99.12,0.1,6.45,17.37,28.66,0.0,16.02,23.43,IT,bisceglie it,138,76,Bisceglie,IT,0.336,0.302,70.8,13,51.4,25,83.4,6,IT,168,543,Bisceglie,Italy,15.5,18,34,38,19.7,0,9,15,it
869,IT042C1,Treviso,small,dwellings/ha,1.52,3.2,1.46,8.0,7.27,9.28,4.3,3.31,2.34,5.19,0.77,2.58,3.49,IT,3.92,201,905,15.17,32.26,24.23,80,0.33,95.08,6.47,7.68,9.03,51.89,7.68,25.82,34.88,IT,treviso it,249,115,Treviso,IT,0.503,0.506,74.2,19,42.9,25,69.6,10,IT,14,65,Treviso,Italy,24.2,85,113,120,32.3,0,39,50,it
871,ES547C1,Sagunto,small,dwellings/ha,1.96,6.14,6.24,0.0,7.77,7.57,2.71,4.93,2.83,5.57,0.14,4.35,2.39,ES,3.88,203,907,19.59,22.64,13.46,0,-0.06,84.23,2.57,16.99,11.27,55.72,1.38,43.51,23.85,ES,sagunto es,428,787,Sagunto,ES,0.359,0.278,53.0,11,58.4,25,41.3,3,ES,314,346,Sagunto,Spain,13.5,14,34,39,22.6,0,15,22,es
874,ES545C1,Lorca,small,dwellings/ha,1.7,8.7,6.8,0.0,6.56,2.99,2.65,2.94,0.91,8.08,0.29,7.77,1.25,ES,3.69,205,913,16.95,14.25,12.21,0,0.87,55.07,2.45,6.05,4.62,80.82,2.95,77.71,12.48,ES,lorca es,862,860,Lorca,ES,0.245,0.192,20.7,2,69.1,25,11.8,1,ES,613,835,Lorca,Spain,12.2,10,31,37,14.2,0,5,14,es
875,EL009C2,Kalamata,small,dwellings/ha,0.63,8.26,4.69,0.0,7.49,9.58,1.93,4.18,2.95,5.74,0.78,3.72,1.0,EL,3.59,206,914,6.35,15.69,16.94,0,0.16,96.99,1.3,12.25,11.85,57.44,7.81,37.24,10.01,EL,kalamata el,246,441,Kalamata,EL,0.444,0.416,62.8,14,44.8,25,56.5,5,EL,113,774,Kalamata,Greece,16.9,31,53,58,15.7,0,8,16,el
876,BG009C1,Sliven,small,dwellings/ha,2.95,8.01,6.75,0.0,5.8,9.17,0.0,3.21,2.93,2.43,0.96,2.96,1.34,BG,3.53,207,915,29.48,16.52,12.32,0,1.45,94.39,0.0,7.22,11.75,24.34,9.58,29.64,13.42,BG,sliven bg,71,59,Sliven,BG,0.497,0.472,70.4,16,44.6,25,67.1,7,BG,309,542,Sliven,Bulgaria,12.3,11,34,40,16.5,0,9,17,bg
878,IT071C1,Bagheria,small,dwellings/ha,0.0,7.08,5.76,0.0,7.25,9.79,0.0,2.12,4.08,2.57,0.05,2.88,0.0,IT,2.92,209,917,0.0,19.55,14.56,0,0.34,98.3,0.0,3.14,19.35,25.7,0.51,28.82,0.0,IT,bagheria it,321,313,Bagheria,IT,0.379,0.309,59.8,9,54.7,25,67.0,4,IT,279,679,Bagheria,Italy,14.6,13,27,31,19.6,0,8,13,it
879,IT020C1,Campobasso,small towns,dwellings/ha,8.86,6.76,6.69,0.0,8.89,7.96,0.0,4.17,2.99,6.55,2.78,5.41,8.33,IT,6.02,1,45,88.55,18.25,12.32,0,0.18,93.42,0.0,12.15,6.77,65.46,27.84,54.13,83.29,IT,campobasso it,769,824,Campobasso,IT,0.527,0.422,39.7,5,57.7,25,45.4,2,IT,610,761,Campobasso,Italy,12.3,7,23,27,18.3,0,7,13,it
881,PL040C1,Przemysl,small towns,dwellings/ha,7.99,7.33,5.46,0.0,8.94,4.0,1.76,8.19,0.5,4.99,3.1,6.24,6.38,PL,5.35,3,374,79.94,16.8,15.04,0,0.16,84.26,1.08,46.92,1.68,49.85,30.95,62.35,63.8,PL,przemysl pl,677,761,Przemysl,PL,0.595,0.513,30.2,1,55.6,25,39.0,0,PL,150,665,Przemysl,Poland,15.0,4,7,8,16.7,0,1,3,pl
884,IE003C1,Limerick,small towns,dwellings/ha,6.71,8.21,9.01,0.0,9.04,5.39,0.9,4.93,4.04,2.51,1.47,2.88,6.02,IE,5.1,6,543,67.14,14.56,7.19,0,0.13,87.48,0.28,17.02,11.2,25.13,14.73,28.79,60.23,IE,limerick ie,130,379,Limerick,IE,0.576,0.605,65.4,8,23.7,25,71.6,3,IE,833,825,Limerick,Ireland,7.2,0,4,7,14.6,0,3,6,ie
886,PL041C1,Zamosc,small towns,dwellings/ha,6.85,6.36,5.69,0.0,8.48,6.42,1.31,9.0,2.02,3.73,3.09,4.15,5.52,PL,5.04,8,586,68.45,19.27,14.53,0,0.31,89.88,0.6,56.76,4.13,37.26,30.9,41.47,55.15,PL,zamosc pl,753,368,Zamosc,PL,0.532,0.5,53.2,2,40.8,25,55.7,2,PL,165,443,Zamosc,Poland,14.5,7,15,17,19.3,0,4,7,pl
888,DE081C1,Passau,small towns,dwellings/ha,6.55,5.03,6.53,0.0,7.9,0.0,2.76,5.12,3.23,6.1,3.24,6.41,6.05,DE,4.84,10,693,65.46,22.65,12.67,0,0.49,75.0,2.67,18.36,7.61,61.04,32.44,64.08,60.45,DE,passau de,559,815,Passau,DE,0.606,0.54,31.6,8,49.4,25,32.8,2,DE,412,319,Passau,Germany,12.7,11,30,35,22.6,0,14,21,de
890,PL517C1,Grudziadz,small towns,dwellings/ha,5.14,6.87,5.64,0.0,8.82,7.39,2.61,8.69,1.05,3.02,0.83,6.59,4.81,PL,4.81,12,711,51.4,17.97,14.65,0,0.2,92.1,2.39,52.84,2.39,30.17,8.27,65.9,48.07,PL,grudziadz pl,770,829,Grudziadz,PL,0.506,0.457,27.6,1,45.3,25,33.6,0,PL,159,526,Grudziadz,Poland,14.6,5,10,11,17.9,0,2,4,pl
893,IT073C1,Sassuolo,small towns,dwellings/ha,7.69,1.93,2.78,0.0,7.3,8.66,5.28,4.67,4.51,2.53,3.1,3.83,5.35,IT,4.74,14,739,76.9,30.52,20.98,0,0.68,95.05,9.75,15.29,13.87,25.31,31.03,38.3,53.45,IT,sassuolo it,294,346,Sassuolo,IT,0.506,0.463,50.1,9,46.3,25,68.7,4,IT,60,148,Sassuolo,Italy,21.0,28,40,44,30.5,0,15,20,it
897,CZ014C1,Jihlava,small towns,dwellings/ha,5.91,6.65,5.7,0.0,6.98,3.0,3.51,7.81,3.95,4.12,3.14,5.83,3.91,CZ,4.68,17,773,59.06,18.52,14.51,0,0.78,81.94,4.3,42.73,10.7,41.24,31.43,58.3,39.13,CZ,jihlava cz,785,786,Jihlava,CZ,0.555,0.483,38.4,4,51.7,25,44.9,2,CZ,209,637,Jihlava,Czech Republic,14.5,14,28,32,18.5,0,7,13,cz
898,BG010C1,Dobrich,small towns,dwellings/ha,6.21,6.68,6.83,0.0,8.21,7.85,1.13,3.93,4.14,2.3,2.35,2.39,4.65,BG,4.65,18,787,62.12,18.44,12.01,0,0.39,93.17,0.45,10.81,11.71,23.02,23.51,23.88,46.47,BG,dobrich bg,14,53,Dobrich,BG,0.479,0.498,76.1,17,34.4,25,66.8,6,BG,401,447,Dobrich,Bulgaria,12.0,7,24,28,18.4,0,8,15,bg
903,PL031C1,Siedlce,small towns,dwellings/ha,6.32,6.27,4.63,0.0,8.28,7.68,2.38,8.16,1.55,2.86,1.53,3.79,3.54,PL,4.49,22,832,63.25,19.49,16.87,0,0.37,92.78,1.98,46.56,3.21,28.56,15.31,37.94,35.37,PL,siedlce pl,403,174,Siedlce,PL,0.513,0.499,56.0,3,36.8,25,65.4,2,PL,99,445,Siedlce,Poland,16.9,8,14,15,19.5,0,3,5,pl
904,IT068C1,Gallarate,small towns,dwellings/ha,8.32,0.17,1.75,0.0,7.2,10.0,2.93,3.19,4.65,1.26,2.69,2.24,6.43,IT,4.48,23,834,83.25,35.01,23.26,0,0.71,98.16,3.01,7.11,14.81,12.59,26.94,22.41,64.31,IT,gallarate it,117,117,Gallarate,IT,0.468,0.497,63.0,14,22.2,25,82.2,6,IT,29,53,Gallarate,Italy,23.3,42,57,60,35.0,0,23,28,it
905,PL029C1,Slupsk,small towns,dwellings/ha,5.11,6.78,7.76,0.0,7.73,6.97,2.15,7.75,1.81,2.05,5.06,3.79,2.5,PL,4.43,24,848,51.1,18.18,9.96,0,0.55,91.15,1.62,42.03,3.69,20.48,50.59,37.85,24.96,PL,slupsk pl,207,204,Slupsk,PL,0.512,0.508,50.4,3,32.3,25,67.6,1,PL,701,562,Slupsk,Poland,10.0,0,5,6,18.2,0,2,4,pl
906,RO021C1,Roman,small towns,dwellings/ha,6.24,7.77,6.03,0.0,8.44,8.06,0.0,2.52,4.81,2.76,0.12,3.07,2.66,RO,4.32,25,871,62.4,15.67,13.77,0,0.32,93.66,0.0,4.46,15.94,27.58,1.18,30.68,26.63,RO,roman ro,471,218,Roman,RO,0.443,0.457,69.3,6,30.2,25,69.2,4,RO,338,803,Roman,Romania,13.8,9,21,24,15.7,0,4,8,ro
907,BG015C1,Pazardzhik,small towns,dwellings/ha,5.97,7.39,6.12,0.0,7.97,9.73,0.0,3.57,5.34,0.97,0.08,2.36,2.88,BG,4.29,26,873,59.66,16.64,13.58,0,0.47,97.53,0.0,8.9,20.19,9.68,0.75,23.63,28.81,BG,pazardzhik bg,365,8,Pazardzhik,BG,0.392,0.409,76.4,7,21.6,25,79.1,7,BG,218,650,Pazardzhik,Bulgaria,13.6,10,25,28,16.6,0,6,11,bg
908,PL047C1,Lomza,small towns,dwellings/ha,3.36,6.56,5.65,0.0,9.19,1.53,3.77,8.15,2.29,4.38,3.29,6.37,2.89,PL,4.19,27,885,33.55,18.76,14.63,0,0.08,78.55,4.96,46.49,4.76,43.8,32.89,63.74,28.91,PL,lomza pl,843,793,Lomza,PL,0.495,0.462,29.4,1,39.0,25,33.6,1,PL,164,491,Lomza,Poland,14.6,7,14,16,18.8,0,4,6,pl
909,IT064C1,Battipaglia,small towns,dwellings/ha,4.07,5.12,5.03,0.0,8.6,9.28,0.51,2.84,3.98,2.67,0.42,3.21,4.83,IT,4.16,28,890,40.74,22.42,16.0,0,0.27,96.5,0.09,5.64,10.87,26.75,4.19,32.1,48.28,IT,battipaglia it,217,411,Battipaglia,IT,0.41,0.371,62.2,11,40.6,25,61.1,4,IT,151,397,Battipaglia,Italy,16.0,19,35,39,22.4,0,12,17,it
910,DE070C1,Frankenthal,small towns,dwellings/ha,3.45,3.29,6.19,0.0,8.44,4.18,1.84,7.01,4.97,3.84,3.3,4.68,3.61,DE,4.13,29,894,34.48,27.08,13.43,0,0.32,84.68,1.18,34.43,17.14,38.39,33.04,46.82,36.09,DE,frankenthal de,724,619,Frankenthal,DE,0.461,0.461,49.3,6,39.8,25,39.2,3,DE,303,165,Frankenthal,Germany,13.4,13,31,35,27.1,0,18,25,de
911,BG007C1,Vidin,small towns,dwellings/ha,5.53,7.33,5.34,0.0,9.73,5.63,0.0,3.38,4.02,2.67,0.26,2.99,2.39,BG,4.0,30,898,55.29,16.8,15.31,0,-0.08,88.03,0.0,8.01,11.08,26.66,2.56,29.92,23.92,BG,vidin bg,317,342,Vidin,BG,0.496,0.488,62.7,7,35.1,25,68.4,3,BG,176,748,Vidin,Bulgaria,15.3,13,25,28,16.8,0,5,9,bg
912,PL513C1,Wloclawek,small towns,dwellings/ha,4.34,6.89,4.72,0.0,8.01,4.15,3.68,7.43,0.25,2.76,3.79,3.61,3.14,PL,3.95,31,903,43.42,17.93,16.68,0,0.46,84.6,4.74,38.67,1.41,27.57,37.94,36.13,31.39,PL,wloclawek pl,236,176,Wloclawek,PL,0.479,0.452,46.4,2,42.6,25,59.6,1,PL,84,497,Wloclawek,Poland,16.7,4,8,8,17.7,0,2,3,pl
913,IE005C1,Waterford,small towns,dwellings/ha,3.57,9.29,8.82,0.0,8.56,0.63,0.67,3.27,3.84,3.17,1.43,4.51,2.87,IE,3.95,31,904,35.68,11.81,7.61,0,0.28,76.45,0.16,7.46,10.19,31.71,14.29,45.07,28.73,IE,waterford ie,441,467,Waterford,IE,0.578,0.58,50.9,6,36.2,25,66.0,2,IE,824,848,Waterford,Ireland,7.6,0,5,8,11.8,0,1,5,ie
914,IT070C1,Saronno,small towns,dwellings/ha,3.99,0.95,0.0,0.0,8.79,9.95,4.56,3.38,5.51,1.86,3.99,2.85,3.91,IT,3.83,32,908,39.92,33.03,27.12,0,0.21,98.05,7.29,7.99,21.79,18.62,39.86,28.54,39.06,IT,saronno it,553,131,Saronno,IT,0.436,0.456,58.0,6,23.3,25,75.4,5,IT,8,98,Saronno,Italy,27.1,46,58,61,33.0,0,18,23,it
915,BG018C1,Vratsa,small towns,dwellings/ha,3.23,8.12,6.41,0.0,7.99,5.85,0.0,3.66,4.6,1.89,1.34,2.95,2.88,BG,3.81,33,909,32.28,14.78,12.95,0,0.46,88.55,0.0,9.4,14.48,18.91,13.4,29.55,28.79,BG,vratsa bg,167,98,Vratsa,BG,0.564,0.498,66.3,11,57.0,25,66.6,5,BG,294,770,Vratsa,Bulgaria,13.0,10,27,31,14.8,0,5,11,bg
916,IT060C1,Lecco,small towns,dwellings/ha,7.37,2.05,2.86,0.0,0.0,6.73,1.13,5.55,5.2,2.17,2.13,2.9,5.08,IT,3.76,34,912,73.72,30.23,20.78,0,2.98,90.59,0.45,21.58,18.97,21.67,21.26,28.96,50.84,IT,lecco it,32,39,Lecco,IT,0.486,0.481,62.5,17,34.2,25,77.3,7,IT,41,114,Lecco,Italy,20.8,36,51,55,30.2,0,19,25,it
