,urau_code,urau_name,cluster,measure,Access to large green spaces_rescaled,Air quality (NO2)_rescaled,Air quality (PM2.5)_rescaled,Compactness_rescaled,Lower urban heat islands_rescaled,Mid-rise development_rescaled,Opportunity to cycle_rescaled,Opportunity to walk_rescaled,Optimal dwelling density_rescaled,Permeability_rescaled,Public transport stops_rescaled,Surrounding greenness_rescaled,Universal access to green spaces_rescaled,country,HUDI,rank,rank_tot,Access to large green spaces_val,Air quality (NO2)_val,Air quality (PM2.5)_val,Compactness_val,Lower urban heat islands_val,Mid-rise development_val,Opportunity to cycle_val,Opportunity to walk_val,Optimal dwelling density_val,Permeability_val,Public transport stops_val,Surrounding greenness_val,Universal access to green spaces_val
0,ES001C1,Madrid,large metropolitan,dwellings/ha,6.72,0.29,5.64,9.7,10,7.91,2.74,7.17,10,1.8,5.92,3.99,5.6,ES,6.04,1,38,67.19,42.98,12.95,97,-0.67,95.93,2.63,36.02,63.98,17.98,59.2,39.92,55.99
1,ES002C1,Barcelona,large metropolitan,dwellings/ha,5.81,0.81,3.28,10,5.34,10,3.99,9.55,10,1.41,7.87,1.54,5.58,ES,5.67,2,148,58.13,41.23,17.27,100,0.08,99.3,5.56,63.86,92.68,14.09,78.73,15.42,55.78
2,AT001C1,Wien,large metropolitan,dwellings/ha,5.68,4.15,4.73,9.7,4.58,7.76,3.88,7.7,4.42,1.99,4.58,3.86,5.39,AT,5.29,3,406,56.8,29.86,14.61,97,0.2,95.69,5.27,41.51,34.83,19.94,45.8,38.61,53.9
3,UK001K2,London,large metropolitan,dwellings/ha,7.27,4.02,7.11,9.8,3.96,7.78,3.09,5.86,3.32,1.8,4.74,2.33,5.05,UK,5.28,4,415,72.69,30.31,10.28,98,0.3,95.73,3.33,24.02,29.8,18.04,47.39,23.33,50.47
4,IT001C1,Roma,large metropolitan,dwellings/ha,7.87,4.47,3.79,8.1,3.82,7.39,2.04,4.89,1.82,2.82,4.22,3.15,6.26,IT,5.08,5,555,78.68,28.78,16.32,81,0.32,95.1,1.45,16.76,24.02,28.2,42.21,31.51,62.61
5,FR001C1,Paris,large metropolitan,dwellings/ha,5.86,0,4.42,9.9,1.18,9.54,4.41,6.9,10,0.44,7.64,1.13,4.56,FR,5.01,6,601,58.63,43.98,15.18,99,0.74,98.56,6.79,33.28,121.6,4.37,76.39,11.33,45.62
6,HU001C1,Budapest,large metropolitan,dwellings/ha,6.9,5.43,2.9,9.6,4.59,8.32,2.63,6.08,1.92,1.68,4.14,2.34,4.64,HU,4.89,7,662,69,25.52,17.95,96,0.2,96.59,2.42,25.87,24.39,16.84,41.36,23.44,46.42
7,DE001C1,Berlin,large metropolitan,dwellings/ha,6.14,5.5,5.03,9.3,0,7.13,1.81,8.04,3.56,1.35,3.52,3.48,4.8,DE,4.72,8,748,61.4,25.3,14.07,93,0.93,94.68,1.14,45.29,30.83,13.51,35.22,34.76,48.01
8,RO001C1,Bucuresti,large metropolitan,dwellings/ha,6.79,5.06,3.36,9.8,3.11,9.11,0.98,4.76,6,1.19,3.68,2.15,2.95,RO,4.68,9,768,67.94,26.79,17.1,98,0.43,97.86,0.33,15.85,43.55,11.88,36.81,21.54,29.46
9,PL001C1,Warszawa,large metropolitan,dwellings/ha,5.86,3.3,0,8.6,3.43,5.83,3.36,9.18,0,2.44,3.78,3.74,5.24,PL,4.32,10,869,58.55,32.76,23.24,86,0.38,92.58,3.94,59.03,18.48,24.42,37.77,37.38,52.41
10,DE002C1,Hamburg,large metropolitan,dwellings/ha,5.03,5.59,5.91,8.1,3.86,0,1.22,7.93,0.88,2.21,3.24,4.3,4.17,DE,4.11,11,895,50.3,24.99,12.46,81,0.31,83.18,0.52,43.99,21.01,22.05,32.37,43.03,41.67
11,PT001C1,Lisboa,metropolitan,dwellings/ha,8.46,2.98,6.74,9.6,6.13,8.73,3.31,5.94,4.95,1.72,7.13,2.49,7.04,PT,6.09,1,26,84.64,32.61,12.55,96,0.42,97.66,3.84,24.72,33.1,17.19,71.32,24.86,70.38
12,SE001C1,Stockholm,metropolitan,dwellings/ha,5.26,7,9.29,9.5,6.98,4.92,6.96,7.19,4.91,4.13,4.56,3.59,5.11,SE,5.96,2,54,52.58,19.66,6.66,95,0.18,91.19,16.94,36.21,32.79,41.27,45.59,35.87,51.07
13,EL001C2,Athina,metropolitan,dwellings/ha,7.6,1.35,4.24,9.9,8.03,10,0.66,4.96,10,1.18,6.87,1.53,6.17,EL,5.86,3,88,76.02,37.84,18.35,99,-0.13,99.81,0.15,17.22,74.65,11.83,68.67,15.27,61.69
14,UK004C1,Glasgow,metropolitan,dwellings/ha,6.5,5.31,8.85,9.7,6.95,7.98,2.76,5.41,2.72,1.97,5.87,4.04,5.58,UK,5.79,4,111,65.02,25.08,7.66,97,0.18,96.39,2.67,20.48,19.85,19.73,58.75,40.39,55.84
15,ES004C1,Sevilla,metropolitan,dwellings/ha,7.1,4.98,6.18,9.4,6.12,8.07,5.11,5.07,10,1.56,2.54,2.55,4.53,ES,5.76,5,121,71,26.16,13.85,94,0.43,96.55,9.14,17.99,48.54,15.57,25.39,25.48,45.35
16,UK002C1,Birmingham,metropolitan,dwellings/ha,7.1,4.69,8.01,9.6,6.55,8.12,2.84,5.29,2.94,2.11,5.17,3.16,5.5,UK,5.66,6,152,71.02,27.08,9.61,96,0.3,96.62,2.82,19.61,20.88,21.07,51.74,31.6,54.98
17,DK001C1,Kobenhavn,metropolitan,dwellings/ha,6.18,3.57,7.06,9.9,6.77,7.19,3.43,6.75,10,0.92,4.55,2.33,4.53,DK,5.64,7,159,61.84,30.69,11.83,99,0.24,95.05,4.12,31.9,45.79,9.23,45.54,23.28,45.28
18,UK008C1,Manchester,metropolitan,dwellings/ha,6.58,4.1,7.87,9.8,6.96,8.06,3.27,5.31,3.77,2.33,6,2.89,5.17,UK,5.64,7,160,65.76,28.98,9.94,98,0.18,96.52,3.74,19.75,25.31,23.34,60.04,28.87,51.73
19,IE001C1,Dublin,metropolitan,dwellings/ha,6.38,6.52,8.57,9.8,6.7,8.09,2.13,6.5,2.88,1.5,5.32,2.2,5.15,IE,5.62,8,169,63.78,21.21,8.31,98,0.26,96.57,1.59,29.59,20.59,14.98,53.18,22.05,51.47
20,UK010C1,Sheffield,metropolitan,dwellings/ha,6.89,5.66,7.96,8.6,5.07,5.24,1.96,6.6,2.13,4.05,5.65,4.76,5.92,UK,5.61,9,174,68.89,23.97,9.73,86,0.74,91.75,1.35,30.47,17.3,40.46,56.49,47.6,59.22
21,DE003C1,Munchen,metropolitan,dwellings/ha,6.89,4.62,6.66,9.7,6.44,6.53,2.25,8.6,5.06,1.74,3.35,3.21,5.46,DE,5.58,10,196,68.93,27.32,12.74,97,0.34,93.93,1.78,51.77,33.98,17.44,33.55,32.08,54.57
22,IT002C1,Milano,metropolitan,dwellings/ha,7.8,0,0,9.7,5.49,9.01,2.95,8.74,9.99,1.3,6.29,1.91,6.52,IT,5.57,11,202,77.96,42.19,28.19,97,0.61,98.14,3.04,53.45,44.7,12.99,62.94,19.11,65.2
23,IT004C1,Torino,metropolitan,dwellings/ha,8,0.43,2.37,9.6,5.29,9.21,4.21,4.63,9.99,1.32,6.29,0.78,6.45,IT,5.57,11,203,79.97,40.8,22.69,96,0.67,98.47,6.22,15.03,44.69,13.24,62.86,7.78,64.49
24,NL001C2,Greater_sGravenhage,metropolitan,dwellings/ha,6.25,2.25,6.36,9.8,6.02,5.43,6.48,6.56,4.73,2.9,3.26,3.37,5.82,NL,5.42,12,312,62.52,34.94,13.44,98,0.46,92.07,14.7,30.11,31.51,28.97,32.57,33.66,58.25
25,UK003C1,Leeds,metropolitan,dwellings/ha,6.62,5.49,8.2,7.2,6.52,4.27,2.92,6.15,1.25,3.26,4.83,4.89,5.82,UK,5.37,13,345,66.2,24.53,9.18,72,0.31,90.09,2.99,26.48,14.05,32.65,48.31,48.89,58.22
26,FI001C2,Helsinki,metropolitan,dwellings/ha,4.79,6.97,8.8,7.9,6.92,0,7.4,8.72,4.01,1.78,5.48,4.59,4.72,FI,5.31,14,390,47.89,19.74,7.78,79,0.19,82.86,19.19,53.21,26.75,17.8,54.84,45.91,47.18
27,CZ001C1,Praha,metropolitan,dwellings/ha,6.12,4.19,5.6,8.1,6.43,4.65,2.28,8.65,3.26,2.68,3.72,5.59,5.88,CZ,5.3,15,395,61.22,28.7,15.2,81,0.34,90.75,1.81,52.38,22.47,26.78,37.21,55.87,58.77
28,IT003C1,Napoli,metropolitan,dwellings/ha,6.73,2.7,4.48,9.4,6.23,9.47,1.31,4.17,10,2.01,3.02,1.58,4.43,IT,5.28,16,416,67.31,33.51,17.8,94,0.4,98.92,0.6,12.2,47.05,20.1,30.17,15.84,44.29
29,BG001C1,Sofia,metropolitan,dwellings/ha,6.66,6.69,4.81,9.1,6.9,7.29,1.73,6.27,4.42,1.69,3.93,2.63,4.55,BG,5.28,16,417,66.65,20.67,17.04,91,0.2,95.21,1.05,27.49,29.34,16.92,39.33,26.34,45.49
30,BE001C1,Bruxelles,metropolitan,dwellings/ha,6.78,1.52,6.09,9.7,4.86,7.04,3.34,6.98,6,1.88,4.94,2.15,5.12,BE,5.23,17,451,67.75,37.31,14.06,97,0.8,94.8,3.91,34.1,42.02,18.8,49.44,21.53,51.16
31,IT006C1,Genova,metropolitan,dwellings/ha,7.47,3.44,4.81,8.7,2.8,6.44,1.35,6.48,4.45,3.05,6.39,4.03,5.45,IT,5.22,18,458,74.72,31.13,17.02,87,1.41,93.77,0.64,29.4,29.54,30.53,63.93,40.3,54.54
32,NO001C1,Oslo,metropolitan,dwellings/ha,5.28,6.1,8.45,9.4,3.27,2.01,4.87,8.56,3.35,3.79,3.66,4.46,4.6,NO,5.14,19,503,52.76,22.54,8.59,94,1.27,86.26,8.3,51.24,22.96,37.93,36.6,44.6,46
33,ES006C1,Malaga,metropolitan,dwellings/ha,3.9,4.96,6.38,7.9,8.45,7.25,2.77,6.07,4.8,3.22,4.38,3.77,4.07,ES,5.11,20,525,38.99,26.22,13.39,79,-0.26,95.15,2.69,25.8,32.01,32.18,43.79,37.68,40.69
34,ES003C1,Valencia,metropolitan,dwellings/ha,3.61,2.62,5.79,8.9,2.69,6.85,5.06,5.57,10,3.57,5.35,3.52,4.73,ES,5.09,21,544,36.1,33.77,14.76,89,1.44,94.47,8.95,21.74,51.8,35.71,53.46,35.18,47.26
35,DE007C1,Stuttgart,metropolitan,dwellings/ha,6.23,4,6.51,7.7,5.39,5.58,0.79,7.69,4.01,2.59,2.95,5.22,4.66,DE,5.03,22,587,62.3,29.33,13.09,77,0.64,92.32,0.22,41.39,26.74,25.94,29.46,52.2,46.56
36,DE008C1,Leipzig,metropolitan,dwellings/ha,5.76,5.49,6.32,8.2,6.14,5.54,1.93,7.78,2.7,1.71,2.99,4.73,4.71,DE,5.02,23,594,57.57,24.51,13.52,82,0.42,92.25,1.3,42.35,19.74,17.05,29.87,47.28,47.09
37,DE006C1,Essen,metropolitan,dwellings/ha,6.34,2.5,6.15,8.1,5.81,5.11,1.5,7.77,2.82,2.54,3.09,4.14,5.94,DE,5,24,605,63.37,34.13,13.93,81,0.52,91.52,0.78,42.27,20.29,25.43,30.92,41.38,59.38
38,UK005C1,Bradford,metropolitan,dwellings/ha,6.65,6.1,8.68,6.7,5.94,2.12,2.17,4.99,1.64,3.19,4.85,4.81,4.63,UK,4.98,25,618,66.55,22.56,8.05,67,0.48,86.45,1.65,17.4,15.43,31.88,48.46,48.09,46.31
39,ES005C1,Zaragoza,metropolitan,dwellings/ha,4.58,3.9,5.48,8.2,10,4.42,4.26,7.32,4.64,2.51,3.48,3.74,3.81,ES,4.98,25,619,45.82,29.63,15.49,82,-0.71,90.35,6.36,37.53,30.83,25.13,34.81,37.42,38.08
40,HR001C1,Zagreb,metropolitan,dwellings/ha,6.86,7.33,4.78,7.7,5.38,2.88,0.53,6.49,0.65,4.51,2.91,4.73,5.54,HR,4.95,26,636,68.57,18.6,17.12,77,0.65,87.73,0.1,29.51,12.2,45.1,29.07,47.34,55.36
41,DE013C1,Hannover,metropolitan,dwellings/ha,5.27,5.24,6.78,8.6,6.15,5.53,2.63,7.78,3.63,1.61,2.91,4.39,3.82,DE,4.93,27,640,52.72,25.34,12.47,86,0.42,92.23,2.41,42.37,24.49,16.09,29.07,43.89,38.23
42,NL002C2,Greater_Amsterdam,metropolitan,dwellings/ha,5.08,1.94,6.59,9.6,5.75,3.53,7.01,6.72,4.94,3.2,3.2,3.01,4.43,NL,4.92,28,649,50.78,35.94,12.91,96,0.54,88.85,17.19,31.61,33.04,32.01,31.96,30.09,44.27
43,PL005C1,Poznan,metropolitan,dwellings/ha,5.69,5.56,5,8,6.1,5.58,1.98,8.43,1.55,2.76,3.24,4.47,4.43,PL,4.88,29,666,56.94,24.3,16.6,80,0.43,92.32,1.38,49.8,15.09,27.62,32.37,44.69,44.29
44,SE002C1,Goteborg,metropolitan,dwellings/ha,4.67,6.48,8.48,7.8,6.58,0.38,1.41,8.91,1.71,4.4,2.39,5.56,4.5,SE,4.87,30,670,46.68,21.32,8.53,78,0.29,83.51,0.7,55.51,15.68,43.97,23.93,55.62,45.04
45,FR004C2,Toulouse,metropolitan,dwellings/ha,5.78,6.8,6.82,7.5,5.48,7.05,4.26,5.62,0.54,2.42,3.16,2.35,4.38,FR,4.86,31,675,57.82,20.29,12.37,75,0.62,94.82,6.36,22.1,11.89,24.16,31.63,23.47,43.83
46,FR007C1,Bordeaux,metropolitan,dwellings/ha,6.39,6.68,6.67,8.1,3.08,8.48,3.89,5.27,0.84,1.49,4.03,2.18,4.4,FR,4.85,32,678,63.92,20.68,12.73,81,1.32,97.24,5.3,19.4,12.76,14.9,40.34,21.82,44.03
47,DE011C1,Dusseldorf,metropolitan,dwellings/ha,5.83,2.09,6.28,8.6,5.2,6.26,1.04,7.46,4.06,2.03,3.64,3.98,4.79,DE,4.85,32,679,58.34,35.47,13.63,86,0.7,93.48,0.38,38.94,27.05,20.32,36.4,39.83,47.9
48,PL002C1,Lodz,metropolitan,dwellings/ha,5.9,4.75,4.13,8.6,6.04,3.4,2.61,8.78,1.34,4.02,3.12,3.88,5.1,PL,4.85,32,680,59.01,26.92,18.6,86,0.45,88.62,2.38,53.91,14.38,40.21,31.18,38.85,50.95
49,FR003C2,Lyon,metropolitan,dwellings/ha,6.2,3.1,6.07,8.4,6.21,7.79,3.14,5.85,2.42,1.85,3.65,2.08,4.19,FR,4.79,33,714,61.96,32.22,14.11,84,0.4,96.06,3.46,23.97,18.52,18.48,36.54,20.8,41.9
50,DE009C1,Dresden,metropolitan,dwellings/ha,6.25,5.4,6.14,7.9,4.03,3.19,1.87,7.77,2.18,1.97,3.39,4.43,4.99,DE,4.74,34,734,62.49,24.8,13.95,79,1.04,88.27,1.22,42.25,17.49,19.7,33.93,44.33,49.92
51,DE004C1,Koln,metropolitan,dwellings/ha,5.34,2.64,6.25,8.2,5.92,5.12,1.72,7.64,4.11,2.55,2.75,4.43,4.14,DE,4.73,35,740,53.36,33.71,13.69,82,0.49,91.54,1.03,40.84,27.33,25.47,27.5,44.27,41.44
52,FR205C2,Nice,metropolitan,dwellings/ha,7.24,5.33,6.6,7.9,0,5.34,2.22,4.1,0.82,4.45,3.89,4.17,5.09,FR,4.72,36,749,72.4,25.02,12.89,79,2.23,91.92,1.72,11.79,12.69,44.55,38.92,41.66,50.93
53,DE010C1,Dortmund,metropolitan,dwellings/ha,5.55,3.1,6.28,6.4,6.7,3.27,2.59,8.39,2.14,3.33,3.61,5.28,4.41,DE,4.72,36,750,55.48,32.21,13.63,64,0.26,88.4,2.34,49.22,17.34,33.31,36.14,52.75,44.07
54,FR203C1,Marseille,metropolitan,dwellings/ha,5.73,4.53,6.74,8.5,4.09,9.06,1.98,5.13,2.41,2.21,3.68,2.79,3.42,FR,4.7,37,757,57.26,27.62,12.55,85,1.03,98.22,1.38,18.45,18.46,22.11,36.8,27.92,34.25
55,IT005C1,Palermo,metropolitan,dwellings/ha,4.98,5.69,6.15,9,5.68,9.18,2.2,2.49,4.67,2.59,3.69,2.27,2.54,IT,4.7,37,758,49.83,23.89,13.92,90,0.56,98.43,1.69,4.34,31.07,25.92,36.94,22.67,25.41
56,NL003C2,Greater_Rotterdam,metropolitan,dwellings/ha,4.44,2.13,6.37,8.9,5.75,4.15,6.61,6.22,3.67,3.36,2.93,3.08,4.38,NL,4.68,38,769,44.44,35.33,13.42,89,0.54,89.89,15.3,27.12,24.7,33.58,29.27,30.79,43.75
57,DE005C1,Frankfurt_am_Main,metropolitan,dwellings/ha,4.69,2.42,6.56,8,6.15,5,1.97,8.14,4.87,2.14,4.12,4.38,3.49,DE,4.67,39,774,46.89,34.4,12.99,80,0.42,91.34,1.36,46.41,32.49,21.41,41.19,43.77,34.93
58,PL003C1,Krakow,metropolitan,dwellings/ha,5.43,5.15,2.55,8.6,6.05,3.81,1.24,8.5,1.28,3.51,3.03,4.95,4.94,PL,4.65,40,785,54.34,25.62,22.28,86,0.45,89.32,0.54,50.54,14.17,35.13,30.31,49.48,49.44
59,FR008C1,Nantes,metropolitan,dwellings/ha,6.42,6.64,6.82,6.8,4.92,4.74,2.83,5.69,0,2.17,2.93,3.13,4.57,FR,4.63,41,791,64.2,20.81,12.37,68,0.78,90.89,2.81,22.63,10.43,21.67,29.32,31.31,45.66
60,PL004C1,Wroclaw,metropolitan,dwellings/ha,4.55,5.53,3.92,6.4,5.68,4.09,2.81,9.61,2.14,2.43,3.64,4.37,4.61,PL,4.54,42,817,45.52,24.39,19.11,64,0.56,89.79,2.77,64.7,17.34,24.33,36.37,43.7,46.09
61,DE012C1,Bremen,metropolitan,dwellings/ha,4.76,5.34,6.76,6.6,6.2,3.64,3.24,7.37,2.7,2.2,2.64,3.25,4.06,DE,4.51,43,827,47.58,25,12.52,66,0.4,89.04,3.68,38,19.74,22.04,26.39,32.49,40.63
62,FR009C1,Lille,metropolitan,dwellings/ha,5.34,3.43,6.1,7.8,5.05,6.21,2.79,5.17,1.59,2.56,3.1,2.48,4.04,FR,4.38,44,855,53.38,31.17,14.04,78,0.74,93.38,2.73,18.69,15.23,25.63,31.05,24.76,40.35
63,BE002C1,Antwerpen,metropolitan,dwellings/ha,3.81,0.78,6.19,7.1,5.78,6.52,5.94,4.9,4.25,2.5,4.09,3.11,2.77,BE,4.24,45,880,38.06,39.69,13.83,71,0.53,93.91,12.37,16.81,28.21,25.05,40.94,31.1,27.65
64,ES019C1,Bilbao,medium,dwellings/ha,7.77,3.2,5.97,9.3,3.27,9.23,3.79,7.37,10,1.9,7.45,3.66,7.21,ES,6.35,1,10,77.75,31.83,13.42,93,1.13,95.7,5.02,38,68.66,18.95,74.51,36.56,72.12
65,ES026C1,A_Coruna,medium,dwellings/ha,5.84,6.22,6.36,9.2,9.02,8.72,2.76,7.5,6,4.04,5.49,3.34,5.47,ES,6.14,2,21,58.41,22.13,12.61,92,-0.38,92.89,2.66,39.33,38.32,40.38,54.92,33.4,54.68
66,UK007C1,Edinburgh,medium,dwellings/ha,6.53,7.13,8.77,9.3,6.86,8.55,3.09,6.37,3.91,2.56,5.31,3.83,5.81,UK,6.1,3,23,65.31,19.22,7.57,93,0.18,91.94,3.33,28.42,19.35,25.6,53.12,38.28,58.07
67,UK520C1,Southampton,medium,dwellings/ha,7.19,5.77,7.67,9.9,6.54,9.16,3.36,6.27,4.57,2.66,5.42,2.7,6.01,UK,6.1,3,24,71.92,23.56,9.87,99,0.27,95.32,3.95,27.49,24.07,26.58,54.17,27.01,60.06
68,ES504C1,Mostoles,medium,dwellings/ha,6.67,4,6.31,8,9.57,8.48,2.33,5.62,9.99,1.58,4.75,3.51,5.93,ES,6.08,4,29,66.68,29.27,12.7,80,-0.53,91.56,1.91,22.11,54.53,15.79,47.46,35.14,59.31
69,ES501C1,Granada,medium,dwellings/ha,5.89,5.18,8.09,9.5,7.44,9.46,2.24,9.16,5.74,1.55,6.08,2.21,6.09,ES,6.06,5,32,58.88,25.46,8.98,95,0.03,96.99,1.75,58.75,35.25,15.53,60.8,22.13,60.93
70,PT002C1,Porto,medium,dwellings/ha,8.25,2.62,5.55,9.8,8.99,9.79,2,6,4.65,1.6,6.68,1.65,6.48,PT,5.99,6,49,82.47,33.68,14.28,98,-0.37,98.84,1.4,25.24,24.71,16.04,66.78,16.54,64.79
71,UK525C1,Milton_Keynes,medium,dwellings/ha,6.55,6.57,8.05,6.5,5.67,7.92,6.62,6.11,2.96,5.57,3.32,4.54,6.05,UK,5.98,7,52,65.48,21.02,9.08,65,0.5,88.48,15.32,26.11,14.09,55.74,33.2,45.39,60.53
72,UK516C1,Plymouth,medium,dwellings/ha,7.09,7.32,8.3,7,6.52,8.51,2.95,6.08,3.78,2.91,5.61,3.83,5.67,UK,5.96,8,55,70.86,18.61,8.55,70,0.27,91.7,3.04,25.9,18.52,29.1,56.07,38.33,56.67
73,UK504C1,Dudley,medium,dwellings/ha,7.28,5.87,7.98,9,6.93,9.36,2.78,4.33,3.3,2.43,5.03,3.41,6.29,UK,5.96,8,56,72.78,23.25,9.21,90,0.17,96.42,2.71,13.11,15.79,24.27,50.3,34.13,62.87
74,UK528C1,Northampton,medium,dwellings/ha,7.04,6.34,8.5,9.4,6.81,8.89,3.85,5.17,3.53,3.05,2.16,4.25,5.43,UK,5.94,9,65,70.36,21.75,8.13,94,0.2,93.86,5.19,18.68,17.08,30.46,21.58,42.52,54.29
75,IT007C1,Firenze,medium,dwellings/ha,8.01,4.35,5.19,9.1,5.98,9.61,3.25,8.91,4.45,3.62,5.23,2.37,5.46,IT,5.94,9,66,80.1,28.12,15.03,91,0.42,97.81,3.71,55.52,23.16,36.15,52.32,23.72,54.61
76,UK523C1,Tameside,medium,dwellings/ha,7.02,4.58,8.1,8.2,6.53,8.44,2.86,5.15,3.22,3.69,5.44,4.69,6.3,UK,5.93,10,67,70.21,27.38,8.97,82,0.27,91.35,2.87,18.58,15.36,36.85,54.37,46.92,62.98
77,UK013C1,Newcastle_upon_Tyne,medium,dwellings/ha,6.7,6.53,8.78,9.3,6.24,8.55,2.68,5.32,3.8,2.36,5.53,3.61,5.53,UK,5.9,11,76,67.02,21.15,7.54,93,0.35,91.93,2.51,19.81,18.66,23.61,55.33,36.15,55.33
78,UK011C1,Bristol,medium,dwellings/ha,7.29,5.32,7.4,9.4,6.31,9.26,3.02,5.82,4.27,2.25,5.04,2.99,5.59,UK,5.87,12,84,72.88,25.02,10.43,94,0.33,95.87,3.18,23.69,21.78,22.48,50.36,29.95,55.91
79,UK511C1,Bolton,medium,dwellings/ha,6.72,5.48,7.94,7.5,6.71,7.84,2.3,6.25,3.23,3.84,5.14,4.67,6.24,UK,5.87,12,85,67.16,24.52,9.31,75,0.22,88.03,1.86,27.39,15.41,38.42,51.42,46.66,62.4
80,IT009C1,Bologna,medium,dwellings/ha,8.31,2.6,3.31,8.8,6.87,9.61,5.42,5.67,4.64,3.11,4.93,2.5,6.73,IT,5.87,12,86,83.06,33.75,18.95,88,0.18,97.83,10.26,22.5,24.61,31.11,49.35,24.95,67.3
81,UK029C1,Nottingham,medium,dwellings/ha,7.17,5.2,7.62,8.7,7.09,9.5,2.4,6.49,4.37,1.69,6.33,3.21,5.1,UK,5.86,13,89,71.74,25.41,9.96,87,0.12,97.24,2.01,29.51,22.51,16.92,63.31,32.13,51.04
82,ES022C1,Vigo,medium,dwellings/ha,7.58,6.46,6.49,8.4,5.68,8.61,1.45,7.04,3.02,5.01,4.34,4.63,4.78,ES,5.83,14,98,75.76,21.37,12.32,84,0.49,92.3,0.73,34.73,14.39,50.11,43.38,46.28,47.77
83,ES507C1,Sabadell,medium,dwellings/ha,7.46,1.91,4.7,9.8,5.82,9.66,4.4,4.31,9.98,1.97,5.62,3,5.09,ES,5.82,15,101,74.63,35.97,16.06,98,0.46,98.12,6.79,13.01,44.5,19.67,56.16,29.96,50.87
84,UK509C1,Sandwell,medium,dwellings/ha,7.06,4.9,7.92,9,7.04,9.52,3.1,4.92,3.87,1.65,5.68,2.77,5.61,UK,5.8,16,108,70.62,26.36,9.34,90,0.14,97.35,3.37,16.97,19.11,16.54,56.81,27.7,56.15
85,UK009C1,Cardiff,medium,dwellings/ha,7.32,5.98,7.8,9.4,5.45,8.8,3.46,5.69,3.89,2.37,2.21,3.61,5.7,UK,5.78,17,112,73.2,22.91,9.59,94,0.56,93.32,4.2,22.7,19.22,23.66,22.11,36.1,56.97
86,UK027C1,Stokeontrent,medium,dwellings/ha,6.79,5.89,8.14,9.2,6.95,8.37,3.14,4.92,3.21,2.81,1.35,5.35,5.44,UK,5.76,18,122,67.86,23.19,8.88,92,0.16,90.93,3.46,16.95,15.31,28.12,13.45,53.53,54.43
87,UK530C1,Gateshead,medium,dwellings/ha,6.43,6.86,8.77,6.7,6.64,6.99,2.9,5.58,2.93,3.18,5.82,4.79,5.68,UK,5.76,18,123,64.31,20.08,7.57,67,0.24,83.27,2.94,21.8,13.93,31.84,58.21,47.93,56.79
88,UK518C1,Derby,medium,dwellings/ha,6.89,5.89,7.63,7.5,6.96,9.07,3.47,5.67,3.91,1.87,5.08,3.19,5.62,UK,5.75,19,127,68.9,23.18,9.95,75,0.16,94.81,4.22,22.52,19.37,18.66,50.83,31.91,56.19
89,UK025C1,Coventry,medium,dwellings/ha,6.63,4.89,8.04,9.5,5.87,8.9,2.52,5.95,3.7,2.44,5.46,3.61,5.37,UK,5.73,20,130,66.3,26.39,9.09,95,0.44,93.9,2.23,24.82,18.03,24.37,54.6,36.06,53.71
90,UK028C1,Wolverhampton,medium,dwellings/ha,6.85,5.46,7.93,9.3,6.97,9.51,2.68,4.45,3.61,2.16,5.39,2.78,5.25,UK,5.73,20,131,68.5,24.58,9.32,93,0.15,97.26,2.51,13.88,17.55,21.55,53.94,27.8,52.48
91,UK507C1,Stockport,medium,dwellings/ha,6.9,5.2,7.98,7.6,6.87,8.53,2.82,5.37,2.92,3.89,4.14,3.85,5.54,UK,5.71,21,138,68.99,25.4,9.22,76,0.18,91.86,2.79,20.21,13.89,38.9,41.38,38.45,55.44
92,UK026C1,KingstonuponHull,medium,dwellings/ha,6.01,6.24,8.13,9.7,6.63,8.89,3.77,4.42,4,2.26,5.9,3.69,4.46,UK,5.7,22,139,60.08,22.05,8.91,97,0.24,93.82,4.97,13.7,19.93,22.57,59,36.9,44.56
93,UK515C1,Brighton_and_Hove,medium,dwellings/ha,6.78,6.21,7.21,9.1,5.09,8.76,2.4,5.35,4.68,2.16,6.29,2.62,5.29,UK,5.67,23,149,67.76,22.15,10.81,91,0.65,93.1,2.02,20.07,24.91,21.59,62.94,26.18,52.94
94,UK006C1,Liverpool,medium,dwellings/ha,6.88,4.72,7.92,9.5,7.25,9.05,2.22,4.57,4.29,1.34,5.34,3,5.18,UK,5.66,24,153,68.78,26.93,9.34,95,0.08,94.75,1.72,14.61,21.94,13.45,53.42,30,51.77
95,CH001C1,Zurich,medium,dwellings/ha,7,3.79,6.15,9.7,5.53,8.98,1.14,9.6,5.24,1.75,4.76,3.22,5.27,CH,5.66,24,154,69.98,29.91,13.03,97,0.53,94.31,0.45,64.58,29.9,17.47,47.63,32.18,52.73
96,UK532C1,Luton,medium,dwellings/ha,7.44,5.77,7.98,9.9,5.83,9.51,2.78,4.54,4.59,2.33,2.69,2.36,4.65,UK,5.65,25,157,74.42,23.57,9.22,99,0.45,97.25,2.7,14.43,24.19,23.3,26.94,23.61,46.53
97,ES511C1,Alcala_de_Henares,medium,dwellings/ha,4.68,4.92,6.5,9.2,8.64,8.78,3.7,6.16,9.99,2.45,3.9,2.7,3.62,ES,5.64,26,161,46.76,26.29,12.31,92,-0.28,93.24,4.8,26.58,51.41,24.55,38.96,27.03,36.21
98,UK522C1,Salford,medium,dwellings/ha,6.75,4.62,7.63,6.9,6.71,8.85,3.66,5.6,3.64,3,5.28,3.38,5.52,UK,5.64,26,162,67.53,27.25,9.94,69,0.22,93.61,4.68,21.96,17.67,29.96,52.77,33.84,55.19
99,ES009C1,Valladolid,medium,dwellings/ha,5.96,5.53,6.6,8.6,6.92,8.09,5.01,6.35,5.1,2.66,3.83,3.67,4.65,ES,5.61,27,175,59.56,24.34,12.11,86,0.17,89.4,8.8,28.2,28.59,26.57,38.25,36.67,46.49
100,UK524C1,Trafford,medium,dwellings/ha,6.35,4.82,7.44,9.3,6.43,8.89,2.43,5.41,3.46,3.27,4.42,3.41,5.28,UK,5.6,28,180,63.5,26.62,10.34,93,0.3,93.85,2.06,20.47,16.66,32.67,44.25,34.08,52.82
101,UK533C1,York,medium,dwellings/ha,6.15,6.64,7.78,7.7,6.26,8,4.12,5.75,3.27,2.92,3.79,3.73,5.34,UK,5.6,28,181,61.47,20.8,9.63,77,0.34,88.92,5.94,23.15,15.66,29.2,37.92,37.33,53.39
102,DE027C1,Freiburg_im_Breisgau,medium,dwellings/ha,6.01,6.25,6.2,8.3,6.11,7.95,1.9,8.02,4.72,3.12,3.28,4.08,5.44,DE,5.6,28,182,60.07,22.02,12.93,83,0.38,88.63,1.27,45.01,25.31,31.23,32.85,40.8,54.41
103,UK016C1,Aberdeen,medium,dwellings/ha,5.86,7.46,9.18,7.7,6.87,7.5,2.53,6.1,2.98,2.59,5.01,3.18,4.99,UK,5.59,29,190,58.56,18.14,6.7,77,0.18,86.14,2.25,26.09,14.2,25.87,50.09,31.84,49.87
104,NL507C2,Greater_Leiden,medium,dwellings/ha,5.78,2.5,6.23,9.7,6,8.46,6.14,7.19,4.52,3.12,3.1,3.23,5.98,NL,5.59,29,191,57.84,34.05,12.87,97,0.41,91.43,13.18,36.21,23.68,31.18,31,32.31,59.82
105,UK531C1,Warrington,medium,dwellings/ha,6.3,5.48,7.59,7.4,6.44,7.95,3.87,7,2.98,3.67,4.07,3.98,5,UK,5.58,30,197,62.97,24.51,10.03,74,0.29,88.6,5.23,34.33,14.17,36.68,40.73,39.83,50.04
106,UK012C2,Belfast,medium,dwellings/ha,6.56,7.8,8.7,9.5,6.96,8.93,2.56,4.87,3.63,1.99,1.98,3.6,3.79,UK,5.58,30,198,65.65,17.07,7.72,95,0.16,94.04,2.29,16.58,17.63,19.91,19.8,35.99,37.91
107,UK014C1,Leicester,medium,dwellings/ha,6.89,5.07,7.8,9.6,6.48,9.36,3.33,4.97,4.65,1.47,1.16,3.69,4.86,UK,5.57,31,204,68.91,25.83,9.59,96,0.28,96.46,3.88,17.27,24.72,14.7,11.56,36.92,48.56
108,UK535C1,Swindon,medium,dwellings/ha,4.94,7.18,7.95,8.5,5.87,8.81,4.59,5.51,3.53,2.68,4.6,3.13,5.24,UK,5.56,32,208,49.38,19.05,9.28,85,0.44,93.4,7.37,21.22,17.07,26.8,45.96,31.29,52.4
109,EL002C2,Thessaloniki,medium,dwellings/ha,6.32,2.45,2.64,10,8.74,9.78,2.5,4.13,10,0.7,6.97,1.4,5.17,EL,5.55,33,213,63.24,34.24,20.35,100,-0.31,98.79,2.19,11.94,68.39,7.01,69.69,13.97,51.71
110,UK513C1,Medway,medium,dwellings/ha,6.72,5.76,7.38,7.7,5.99,8.61,2.54,5.14,3.86,2.55,4.7,3.37,5.27,UK,5.53,34,223,67.17,23.6,10.46,77,0.41,92.3,2.27,18.49,19.03,25.49,47.02,33.69,52.73
111,UK529C1,North_Tyneside,medium,dwellings/ha,6.01,6.81,8.58,4.6,7.03,8.39,3.56,5.29,3.35,2.26,5.35,4.22,5.33,UK,5.53,34,224,60.11,20.24,7.97,46,0.14,91.07,4.45,19.6,16.09,22.63,53.5,42.18,53.32
112,ES012C1,Vitoria,medium,dwellings/ha,5.19,4.92,6.81,8.7,4.9,8.5,4.48,9.07,5.12,2.69,4.05,3.89,4.89,ES,5.53,34,225,51.93,26.29,11.66,87,0.7,91.65,7.02,57.57,28.84,26.9,40.54,38.94,48.91
113,ES024C1,LHospitalet_de_Llobregat,medium,dwellings/ha,3.57,0.55,4.37,9.7,9.39,10,4.44,7.73,10,1,7.86,1.42,5.17,ES,5.52,35,234,35.65,40.34,16.76,97,-0.48,99.99,6.91,41.81,124.13,9.99,78.63,14.16,51.71
114,UK502C1,North_Lanarkshire_Airdrie,medium,dwellings/ha,5.99,7.26,9.03,4,6.3,8,1.97,6.08,2.42,3.67,3.24,6.17,5.41,UK,5.51,36,239,59.91,18.8,7.03,40,0.33,88.92,1.36,25.92,11.73,36.72,32.41,61.67,54.14
115,DE017C1,Bielefeld,medium,dwellings/ha,6.43,6.04,6.33,6.8,6.15,6.37,3.99,7.23,2.54,3.38,3.25,5.57,5.76,DE,5.51,36,240,64.27,22.71,12.65,68,0.37,79.85,5.58,36.59,12.24,33.75,32.53,55.74,57.57
116,PT501C1,Sintra,medium,dwellings/ha,8.1,6.05,6.9,7.3,5.21,8.73,2.19,4.47,2.08,3.53,3.52,3.21,5.56,PT,5.51,36,241,81.03,22.66,11.46,73,0.62,92.93,1.68,13.99,10.43,35.25,35.16,32.09,55.57
117,SE003C1,Malmo,medium,dwellings/ha,5.09,5.88,7.74,8.8,5.37,8.08,5.54,7.89,4.5,3.65,3.23,3.28,4.27,SE,5.51,36,242,50.94,23.22,9.72,88,0.57,89.35,10.73,43.6,23.55,36.5,32.28,32.77,42.74
118,UK030C1,Wirral,medium,dwellings/ha,6.49,6.2,7.88,7.2,6.61,8.31,2.45,4.4,3.07,2.17,4.63,3.73,5.53,UK,5.49,37,258,64.91,22.19,9.43,72,0.25,90.6,2.09,13.54,14.65,21.74,46.35,37.26,55.29
119,UK527C1,Solihull,medium,dwellings/ha,7.04,5.23,7.82,7.6,6.19,8.29,2.39,5.74,2.11,3.44,3.44,3.57,5.44,UK,5.49,37,259,70.37,25.31,9.54,76,0.36,90.5,2,23.09,10.55,34.4,34.44,35.69,54.37
120,ES010C1,Palma_de_Mallorca,medium,dwellings/ha,5.41,6.89,6.41,7.2,7.82,7.97,3.52,4.63,4.21,4.38,3.22,4.35,4.64,ES,5.49,37,260,54.1,19.98,12.49,72,-0.07,88.75,4.33,14.98,21.37,43.81,32.2,43.48,46.37
121,ES503C1,Badalona,medium,dwellings/ha,6.67,0,3.83,9.9,5.98,9.77,3.02,6.22,10,1.55,7.2,1.84,4.74,ES,5.48,38,264,66.7,42.09,17.87,99,0.41,98.74,3.19,27.09,72.45,15.54,71.96,18.43,47.36
122,UK521C1,Oldham,medium,dwellings/ha,6.11,4.53,8.14,8.9,5.67,7.8,2.73,4.78,3.24,3.25,5,4.18,5.24,UK,5.48,38,265,61.11,27.55,8.87,89,0.5,87.76,2.61,16.02,15.5,32.48,49.95,41.76,52.36
123,DE015C1,Bochum,medium,dwellings/ha,6.48,2.72,5.87,8,6.08,8.38,1.45,8.12,3.5,3.18,3.55,4.84,6.22,DE,5.48,38,266,64.83,33.35,13.62,80,0.39,91.01,0.73,46.18,16.89,31.84,35.54,48.42,62.18
124,UK501C1,Kirklees,medium,dwellings/ha,5.94,6.09,8.07,5.6,6.3,6.13,2.11,5.34,2.26,5.19,4.82,6.31,5.31,UK,5.47,39,272,59.43,22.56,9.03,56,0.33,78.52,1.56,19.94,11.12,51.92,48.22,63.05,53.1
125,SK002C1,Koice,medium,dwellings/ha,6.01,7.59,3.05,7.4,6.12,8.01,1.35,9.35,3.44,3.21,3.52,4.71,5.71,SK,5.46,40,281,60.08,17.73,19.51,74,0.38,88.93,0.63,61.26,16.56,32.1,35.15,47.1,57.14
126,PL025C1,Radom,medium,dwellings/ha,6.08,6.7,1.77,8.7,6.31,8.01,2.69,8.27,2.22,3.86,3.15,5.13,6.01,PL,5.45,41,293,60.76,20.6,22.17,87,0.33,88.98,2.53,47.91,10.97,38.63,31.47,51.32,60.11
127,DE034C1,Bonn,medium,dwellings/ha,6.21,3.91,6.22,9.1,6.72,8.5,1.62,7.89,3.93,2.42,4.35,3.37,5.17,DE,5.44,42,297,62.14,29.54,12.9,91,0.22,91.64,0.91,43.54,19.51,24.17,43.47,33.72,51.67
128,UK512C1,Walsall,medium,dwellings/ha,6.13,5.42,7.91,6.5,6.66,8.91,1.84,4.76,3.23,2.42,5.01,3.99,5.48,UK,5.43,43,302,61.32,24.68,9.37,65,0.24,93.95,1.19,15.88,15.45,24.24,50.12,39.93,54.78
129,UK526C1,Rochdale,medium,dwellings/ha,6,5.35,8.16,5.8,6.43,7.54,2.62,4.89,2.88,4.45,4.5,5.56,4.9,UK,5.43,43,303,59.95,24.9,8.84,58,0.3,86.36,2.4,16.73,13.73,44.49,45.04,55.61,48.95
130,NL011C1,Almere,medium,dwellings/ha,5.58,4.95,6.47,7.4,5.81,7.77,6.72,7.42,4.2,3.33,1.33,3.91,5.32,NL,5.43,43,304,55.8,26.2,12.36,74,0.46,87.62,15.81,38.49,21.33,33.29,13.28,39.09,53.23
131,UK505C1,Wigan,medium,dwellings/ha,6.52,6.11,7.85,4.4,7,7.77,2.55,5,2.78,3.39,4.67,5.13,5.11,UK,5.42,44,313,65.21,22.47,9.49,44,0.15,87.62,2.28,17.47,13.28,33.93,46.7,51.26,51.11
132,ES013C1,Oviedo,medium,dwellings/ha,6.94,5.36,5.25,8.2,3.24,7.64,1.42,7.01,4.51,3.77,3.9,3.6,6.06,ES,5.41,45,317,69.38,24.89,14.91,82,1.13,86.89,0.71,34.36,23.58,37.71,39.02,36,60.6
133,PL009C1,Lublin,medium,dwellings/ha,6.14,5.81,2.46,8.7,5.75,7.95,3.47,9.05,3.09,3.36,3.28,4.94,5.45,PL,5.41,45,318,61.4,23.43,20.73,87,0.48,88.62,4.21,57.33,14.74,33.58,32.82,49.41,54.5
134,BG002C1,Plovdiv,medium,dwellings/ha,6.09,6.75,5.79,9.1,6.25,9.34,3.47,5.09,5.74,1.75,3.77,2.52,3.99,BG,5.4,46,322,60.9,20.43,13.79,91,0.34,96.31,4.22,18.11,35.2,17.5,37.67,25.23,39.86
135,UK510C1,Sunderland,medium,dwellings/ha,6.24,6.76,8.57,6.2,7.1,7.66,2.96,4.87,3.07,2.64,5.47,3.46,4.28,UK,5.38,47,336,62.43,20.41,7.99,62,0.12,87.01,3.07,16.62,14.61,26.4,54.75,34.57,42.77
136,FI005C1,Espoo,medium,dwellings/ha,4.81,7.82,8.8,2.9,6.26,5.96,9.35,6.8,2.77,2.7,4.22,5.37,4.74,FI,5.38,47,337,48.11,17,7.5,29,0.34,77.6,30.62,32.37,13.23,26.97,42.25,53.68,47.36
137,FR010C1,Montpellier,medium,dwellings/ha,6.83,5.41,6.64,6.6,5.9,9.2,4.01,5.72,2.7,2.53,2.68,3.22,5.52,FR,5.37,48,346,68.25,24.74,12.01,66,0.44,95.56,5.63,22.91,12.89,25.34,26.83,32.18,55.22
138,NL004C2,Greater_Utrecht,medium,dwellings/ha,5.25,2.51,6.24,9.7,5.89,8.48,6.02,6.91,4.84,3.18,2.94,2.91,5.04,NL,5.35,49,366,52.48,34.03,12.85,97,0.44,91.58,12.69,33.38,26.3,31.79,29.4,29.11,50.44
139,PL011C1,Bialystok,medium,dwellings/ha,6.07,5.65,4.52,8.9,6.05,8.57,2.69,8.4,3.59,2.42,3.76,4.23,4.47,PL,5.35,49,367,60.74,23.97,16.44,89,0.4,92.08,2.54,49.44,17.38,24.16,37.55,42.25,44.66
140,FR026C2,Grenoble,medium,dwellings/ha,7.3,5.9,6.12,8.2,0,9.05,3.9,7.14,3.46,2.41,3.99,2.56,6,FR,5.31,50,391,72.98,23.17,13.09,82,1.98,94.71,5.32,35.69,16.67,24.13,39.86,25.64,59.98
141,AT002C1,Graz,medium,dwellings/ha,6.21,5.09,5.77,9.2,3.23,9.03,4.2,7.54,3.11,2.44,4,2.71,5.35,AT,5.3,51,396,62.11,25.77,13.83,92,1.14,94.6,6.17,39.84,14.81,24.38,39.99,27.15,53.5
142,PL008C1,Bydgoszcz,medium,dwellings/ha,5.43,5.67,4.77,7.6,4.73,9.26,3.44,8.55,3.9,2.23,3.58,4.88,4.81,PL,5.28,52,418,54.33,23.91,15.91,76,0.74,95.89,4.14,51.21,19.32,22.33,35.83,48.77,48.1
143,PL501C1,Gdynia,medium,dwellings/ha,4.96,7.48,7.17,8.5,5.37,7.73,1.6,8.57,3.52,3.09,0.82,5.29,4.23,PL,5.27,53,426,49.55,18.08,10.9,85,0.57,87.4,0.89,51.37,17.01,30.9,8.18,52.88,42.28
144,UK519C1,Barnsley,medium,dwellings/ha,6.27,6.28,7.92,2.2,6.23,6.99,1.84,5.41,2.17,4.59,4.5,6.75,5.1,UK,5.26,54,431,62.72,21.92,9.35,22,0.35,83.32,1.19,20.47,10.79,45.91,44.96,67.46,50.98
145,DE506C1,Braunschweig,medium,dwellings/ha,5.53,6.29,6.37,6.6,5.81,7.17,2.94,8.48,3.3,2.79,2.83,5.85,4.42,DE,5.26,54,432,55.34,21.9,12.57,66,0.46,84.31,3.03,50.32,15.81,27.95,28.26,58.51,44.15
146,RO502C1,Iasi,medium,dwellings/ha,6.29,7.31,6.04,9.2,6.95,9.08,2.51,5.04,4.52,2.68,2.1,2.63,3.11,RO,5.26,54,433,62.87,18.64,13.27,92,0.16,94.88,2.21,17.76,23.66,26.76,20.98,26.3,31.13
147,SK001C1,Bratislava,medium,dwellings/ha,5.28,6.02,4.12,7.7,6.8,8.75,2.46,9.07,2.95,3.63,3.69,3.88,4.49,SK,5.25,55,437,52.77,22.76,17.28,77,0.2,93.05,2.12,57.59,14.06,36.3,36.87,38.79,44.88
148,DE018C1,Halle_an_der_Saale,medium,dwellings/ha,5.39,5.66,6,8.5,5.69,8.21,2.36,7.29,3.79,2.6,3.3,4.87,4.3,DE,5.24,56,444,53.87,23.93,13.36,85,0.49,90.08,1.95,37.25,18.6,26.02,32.96,48.7,43.03
149,NL501C2,Greater_Haarlem,medium,dwellings/ha,5.44,3.37,6.21,9.1,5.64,7.72,6.3,5.28,4.24,3.33,2.61,3.57,4.85,NL,5.23,57,452,54.36,31.28,12.9,91,0.51,87.36,13.89,19.54,21.61,33.27,26.14,35.69,48.48
150,FR020C2,Dijon,medium,dwellings/ha,5.61,6.3,6.36,8.5,6.88,9.2,3.02,5.74,3.23,1.73,3.74,2.85,4.32,FR,5.23,57,453,56.06,21.88,12.6,85,0.18,95.57,3.2,23.09,15.45,17.33,37.42,28.46,43.18
151,BG003C1,Varna,medium,dwellings/ha,6.37,8.34,6.28,7.9,4.31,8.51,3.08,4.85,4.02,2.3,1.7,2.66,4.88,BG,5.23,57,454,63.72,15.32,12.77,79,0.85,91.71,3.32,16.48,20.06,23.03,17,26.6,48.76
152,SE006C1,Uppsala,medium,dwellings/ha,4.01,9.23,9.52,6.5,5.84,3.66,6.96,6.44,1.37,5.63,2.32,5.45,3.76,SE,5.23,57,455,40.11,12.46,6,65,0.45,64.81,16.97,29,8.15,56.29,23.18,54.52,37.56
153,UK503C1,Wakefield,medium,dwellings/ha,6.04,6.07,7.89,1.9,6.83,7.16,2.19,5.65,2.04,4.1,4.49,6.69,5.07,UK,5.22,58,459,60.44,22.59,9.39,19,0.19,84.23,1.67,22.37,10.3,40.99,44.94,66.93,50.67
154,FR016C1,Nancy,medium,dwellings/ha,6.98,4.24,6.26,8.6,6.48,9.15,1.9,6.65,3.45,2.4,4.59,2.94,3.43,FR,5.22,58,460,69.77,28.48,12.81,86,0.29,95.27,1.26,30.92,16.59,23.96,45.87,29.41,34.35
155,PL007C1,Szczecin,medium,dwellings/ha,4.89,6.8,6.36,8.2,5.02,7.3,2.83,9.02,3.42,3.01,3.6,5.06,3.89,PL,5.22,58,461,48.91,20.28,12.59,82,0.67,85.01,2.8,56.98,16.45,30.15,36,50.63,38.86
156,UK517C1,Swansea,medium,dwellings/ha,5.74,7.87,7.98,5.4,5.64,7.13,2.91,4.18,2.44,3.73,4.61,5,4.21,UK,5.21,59,466,57.36,16.84,9.23,54,0.5,84.07,2.96,12.26,11.81,37.3,46.08,50.03,42.12
157,BE005C1,Liege,medium,dwellings/ha,6.2,3.43,6.11,8.7,5.16,7.97,3.24,5.22,2.83,4.22,4.22,4,4.85,BE,5.21,59,467,61.98,31.08,13.12,87,0.63,88.73,3.66,19.11,13.47,42.17,42.24,39.98,48.49
158,UK514C1,Rotherham,medium,dwellings/ha,6.22,5.89,7.74,2,6.48,7.77,1.56,5.33,2.53,3.78,4.69,6.19,5.13,UK,5.2,60,470,62.21,23.19,9.72,20,0.29,87.62,0.85,19.92,12.19,37.76,46.92,61.87,51.27
159,DE504C1,Munster,medium,dwellings/ha,5.59,4.81,6,6.6,5.55,7.7,3.51,7.49,3.44,3.12,3.27,5.38,4.79,DE,5.2,60,471,55.93,26.66,13.36,66,0.53,87.25,4.31,39.24,16.55,31.22,32.69,53.76,47.87
160,DE546C1,Wuppertal,medium,dwellings/ha,6.67,3.26,6.39,8,4.67,6.41,0.8,7.06,3.6,2.93,4.14,4.52,5.86,DE,5.2,60,472,66.65,31.64,12.53,80,0.76,80.1,0.22,34.93,17.46,29.35,41.43,45.2,58.62
161,DE033C1,Augsburg,medium,dwellings/ha,5.56,5.6,6.25,8,4.03,8.88,1.87,8.57,4.67,1.82,3.52,4.08,4.42,DE,5.19,61,476,55.55,24.12,12.82,80,0.93,93.8,1.22,51.38,24.88,18.24,35.25,40.78,44.18
162,CZ002C1,Brno,medium,dwellings/ha,5.66,6.01,4.22,7.4,4.96,8.79,2.06,9.15,3.71,2.65,3.59,3.49,5.07,CZ,5.18,62,480,56.65,22.8,17.06,74,0.68,93.27,1.49,58.66,18.12,26.48,35.9,34.87,50.68
163,DE032C1,Erfurt,medium,dwellings/ha,4.82,6.19,6.3,7,6.17,8.14,2.65,7.71,3.37,2.63,2.7,5.56,4.41,DE,5.18,62,481,48.23,22.22,12.72,70,0.37,89.67,2.46,41.58,16.16,26.26,26.99,55.57,44.11
164,DE507C1,Aachen,medium,dwellings/ha,6.21,4.58,6.29,7.5,4.42,7.62,2.65,6.96,3.54,2.56,3.84,4.51,5.09,DE,5.18,62,482,62.06,27.38,12.74,75,0.83,86.81,2.46,33.87,17.13,25.59,38.4,45.12,50.86
165,DE510C1,Lubeck,medium,dwellings/ha,5.43,6.44,6.54,6.3,6.16,6.4,5.29,7.33,2.98,2.57,3.35,5.21,4.2,DE,5.18,62,483,54.26,21.43,12.23,63,0.37,79.99,9.81,37.6,14.19,25.68,33.47,52.1,42.04
166,FR017C2,Metz,medium,dwellings/ha,6.32,4.53,6.32,7.6,5.57,8.33,2.47,6.45,2.27,3.34,2.97,4.22,4.72,FR,5.16,63,495,63.22,27.55,12.68,76,0.52,90.71,2.14,29.12,11.16,33.39,29.69,42.22,47.23
167,DK002C1,Arhus,medium,dwellings/ha,5.59,7.1,7.09,6.9,5.83,7.13,5.51,6.18,2.13,2.87,2.34,3.82,4.33,DK,5.15,64,500,55.91,19.31,11.08,69,0.46,84.06,10.62,26.7,10.64,28.67,23.44,38.18,43.34
168,NL005C2,Greater_Eindhoven,medium,dwellings/ha,5.47,2.76,6.09,9.7,5.56,9.09,6.44,5.71,3.8,1.87,2.41,2.26,5.12,NL,5.14,65,504,54.67,33.23,13.17,97,0.53,94.95,14.51,22.79,18.68,18.69,24.06,22.58,51.2
169,FR032C2,Toulon,medium,dwellings/ha,7.09,6.67,6.63,7,6.91,8.71,2.52,3.78,1.98,3.62,3.15,3.78,3.09,FR,5.14,65,505,70.94,20.69,12.03,70,0.17,92.85,2.23,9.98,10.08,36.22,31.5,37.84,30.88
170,ES020C1,Cordoba,medium,dwellings/ha,4.36,6.65,6.25,6.6,10,7.87,3.51,5.14,3.68,3.7,2.01,3.32,4.04,ES,5.14,65,506,43.56,20.76,12.83,66,-0.64,88.15,4.3,18.52,17.95,37.01,20.14,33.2,40.4
171,DE035C1,Karlsruhe,medium,dwellings/ha,5.42,4.29,6.05,7.2,4.9,8.38,2.75,7.9,4.38,2.73,3.12,4.59,4.65,DE,5.13,66,509,54.16,28.32,13.25,72,0.7,91.01,2.66,43.69,22.6,27.28,31.15,45.85,46.54
172,SI001C1,Ljubljana,medium,dwellings/ha,6.46,6.76,1.9,7.4,4.86,7.5,2.4,6.63,2.87,3.58,2.61,5.1,5.61,SI,5.13,66,510,64.6,20.4,21.9,74,0.71,86.11,2.02,30.75,13.65,35.84,26.11,51.03,56.12
173,PL006C1,Gdansk,medium,dwellings/ha,4.75,6.39,6.46,6.9,6.57,7.77,1.96,8.84,3.1,3.18,3.3,5.1,3.74,PL,5.13,66,511,47.46,21.58,12.38,69,0.26,87.62,1.35,54.65,14.78,31.79,33,50.97,37.45
174,NO002C1,Bergen,medium,dwellings/ha,4.86,8.45,9.35,4,5.43,4.17,5.14,6.41,1.83,6.02,3.75,4.8,3.91,NO,5.13,66,512,48.55,14.99,6.36,40,0.56,67.66,9.24,28.74,9.56,60.2,37.5,47.99,39.13
175,DE037C1,Mainz,medium,dwellings/ha,4.7,3.58,6.18,8.4,7.08,8.64,1.55,8.49,4.88,2.86,4.07,3.38,3.92,DE,5.12,67,516,47.04,30.6,12.97,84,0.13,92.47,0.84,50.45,26.59,28.59,40.72,33.8,39.17
176,DE039C1,Kiel,medium,dwellings/ha,5.61,5.16,6.63,5.9,6.68,7.53,1.62,8.21,3.83,3.12,3.68,4.23,4.21,DE,5.12,67,517,56.13,25.53,12.04,59,0.23,86.31,0.92,47.14,18.84,31.16,36.85,42.34,42.07
177,IT008C1,Bari,medium,dwellings/ha,4.02,4.94,5.16,7.1,9.65,9.53,2.47,4.05,5.07,3.76,3.83,2.27,4.56,IT,5.11,68,526,40.21,26.24,15.11,71,-0.55,97.37,2.14,11.5,28.38,37.61,38.34,22.66,45.62
178,DE503C1,Gelsenkirchen,medium,dwellings/ha,5.63,2.33,5.72,9.2,5.87,8.38,1.81,6.92,3.94,2.95,3.8,4.51,4.43,DE,5.1,69,534,56.26,34.62,13.94,92,0.45,91.02,1.15,33.48,19.54,29.53,37.96,45.07,44.33
179,DE505C1,Chemnitz,medium,dwellings/ha,5.82,5.71,5.94,7.2,5.17,6.77,2.4,7.18,2.49,3.45,3.29,4.78,4.81,DE,5.1,69,535,58.16,23.75,13.47,72,0.63,82.06,2.02,36.08,12.02,34.54,32.89,47.79,48.13
180,DE509C1,Oberhausen,medium,dwellings/ha,5.91,2.43,5.76,8.4,5.21,8.69,1.34,6.6,3.8,2.97,4.16,4.23,4.98,DE,5.1,69,536,59.1,34.3,13.85,84,0.62,92.7,0.63,30.52,18.68,29.74,41.59,42.34,49.84
181,ES023C1,Gijon,medium,dwellings/ha,6.15,5.36,5.73,7.8,4.71,7.6,3.26,6.24,3.91,3.19,2.91,2.95,4.76,ES,5.1,69,537,61.47,24.88,13.91,78,0.75,86.67,3.73,27.23,19.36,31.95,29.11,29.49,47.61
182,UK508C1,Sefton,medium,dwellings/ha,5.78,6.05,8.02,7.3,6.33,8.34,2.1,3.87,2.99,2.36,4.66,3.42,3.92,UK,5.09,70,545,57.79,22.66,9.14,73,0.32,90.8,1.55,10.5,14.24,23.6,46.61,34.18,39.22
183,FR018C1,Reims,medium,dwellings/ha,5,5.18,6.05,9.5,5.31,9.68,3.84,5.49,4.3,1.46,4.3,3.04,3.8,FR,5.09,70,546,50.04,25.48,13.25,95,0.59,98.24,5.17,21.12,22.02,14.59,42.99,30.43,37.99
184,FR040C2,Mulhouse,medium,dwellings/ha,6.75,5.92,5.95,7.7,3.5,8.59,4.2,4.82,2.37,2.56,2.59,3.47,4.96,FR,5.09,70,547,67.53,23.09,13.45,77,1.07,92.17,6.18,16.28,11.52,25.63,25.9,34.74,49.58
185,DE036C1,Monchengladbach,medium,dwellings/ha,6.43,4.18,5.82,6.9,5.78,7.94,3.54,6.28,2.96,3.09,3.79,4.17,4.22,DE,5.09,70,548,64.28,28.67,13.73,69,0.47,88.58,4.38,27.61,14.08,30.95,37.86,41.7,42.19
186,DE014C1,Nurnberg,medium,dwellings/ha,5.78,4.9,6.1,8.2,4.91,8.94,1.02,7.5,4.52,2.57,3.17,3.2,4.13,DE,5.07,71,562,57.78,26.36,13.14,82,0.7,94.1,0.37,39.4,23.65,25.66,31.73,31.98,41.31
187,BE004C1,Charleroi,medium,dwellings/ha,5.97,4.28,5.93,9,5.78,8.94,3.07,4.39,2.31,4.44,3.65,3.79,3.56,BE,5.07,71,563,59.72,28.34,13.5,90,0.47,94.1,3.3,13.46,11.29,44.42,36.47,37.87,35.63
188,ES021C1,Alicante,medium,dwellings/ha,4.42,5.89,6.14,6.8,9.65,4.51,4.38,4.99,3.77,5.37,2.5,4.69,3.66,ES,5.06,72,570,44.2,23.2,13.07,68,-0.55,69.54,6.72,17.44,18.46,53.7,24.98,46.92,36.59
189,ES512C1,Terrassa,medium,dwellings/ha,7.02,2.14,4.93,8.7,4.26,9.65,2.64,5.76,5.76,1.76,2.04,2.45,5.07,ES,5.06,72,571,70.2,35.21,15.58,87,0.87,98.02,2.44,23.24,35.45,17.61,20.37,24.46,50.66
190,PL013C1,Torun,medium,dwellings/ha,5.06,5.94,4.57,7.1,5.74,8.58,4.49,7.98,3.33,2.43,3.78,4.41,3.82,PL,5.05,73,576,50.57,23.03,16.33,71,0.48,92.11,7.06,44.63,15.95,24.31,37.79,44.12,38.19
191,PT502C1,Vila_Nova_de_Gaia,medium,dwellings/ha,7.5,4.99,5.74,5.6,6.38,9.05,1.24,3.13,1.38,5.27,2.3,5.29,3.68,PT,5.04,74,580,74.97,26.06,13.88,56,0.31,94.7,0.54,6.86,8.18,52.68,23.03,52.89,36.84
192,FR035C2,Tours,medium,dwellings/ha,6.15,6.17,6.25,7.5,4.12,8.18,2.94,5.82,1.84,2.52,2.92,3.4,5.14,FR,5.03,75,588,61.5,22.28,12.82,75,0.9,89.9,3.02,23.67,9.62,25.22,29.25,34.05,51.43
193,RO002C1,ClujNapoca,medium,dwellings/ha,5.74,7.35,5.82,9.3,4.4,8.51,2.27,5.01,4.35,2.44,2.6,3.36,3.43,RO,5.03,75,589,57.4,18.52,13.72,93,0.83,91.72,1.8,17.59,22.36,24.35,26,33.6,34.25
194,FR011C1,SaintEtienne,medium,dwellings/ha,7.51,6.33,6.49,6.2,3.22,7.64,2.12,4.45,1.6,3.4,2.62,4.75,4.78,FR,5.02,76,595,75.11,21.78,12.33,62,1.14,86.87,1.57,13.88,8.84,34.03,26.17,47.52,47.82
195,NL006C1,Tilburg,medium,dwellings/ha,5.36,3.47,5.97,7,4.91,8.73,5.79,6,3.72,2.81,2.37,3.69,4.82,NL,5.01,77,602,53.62,30.96,13.42,70,0.7,92.92,11.73,25.21,18.17,28.14,23.68,36.87,48.22
196,RO004C1,Craiova,medium,dwellings/ha,6.91,6.81,4.04,9.3,6.36,9.31,0.04,5.05,4.19,1.93,2.3,2.4,3.41,RO,5,78,606,69.12,20.22,17.43,93,0.32,96.16,0,17.84,21.26,19.32,23.01,24.05,34.14
197,FI006C1,Vantaa,medium,dwellings/ha,3.79,7.57,8.86,2.6,6.68,5.86,9.2,6.24,2.77,2.46,4.74,4.71,3.7,FI,5,78,607,37.91,17.8,7.38,26,0.23,77.04,29.63,27.25,13.24,24.65,47.41,47.12,37.03
198,DE508C1,Krefeld,medium,dwellings/ha,5.2,3.36,5.8,8.7,5.36,8.63,2.7,6.74,3.26,2.63,3.04,3.89,4.62,DE,4.97,79,622,51.98,31.3,13.77,87,0.58,92.38,2.56,31.77,15.59,26.3,30.38,38.92,46.16
199,FI002C1,Tampere,medium,dwellings/ha,3.66,8.65,9.42,3.9,5.91,5.3,8.93,6.77,3.48,1.9,4.49,3.34,3.46,FI,4.97,79,623,36.57,14.32,6.22,39,0.43,73.9,27.9,32.06,16.81,18.98,44.87,33.38,34.62
200,ES508C1,Jerez_de_la_Frontera,medium,dwellings/ha,3.93,6.89,6.35,7.7,7.75,6.73,3.96,4.28,3.14,3.85,1.94,4.31,4.04,ES,4.96,80,628,39.28,19.99,12.62,77,-0.05,81.87,5.48,12.8,14.99,38.47,19.36,43.09,40.43
201,RO003C1,Timisoara,medium,dwellings/ha,5.03,6.55,4.5,9.7,6.67,9.35,2.03,5.49,4.69,1.89,3.34,2.16,3.31,RO,4.96,80,629,50.3,21.08,16.47,97,0.24,96.41,1.44,21.11,25.05,18.91,33.42,21.62,33.12
202,FR036C2,Angers,medium,dwellings/ha,6.09,6.36,6.44,6.7,4.31,7.55,3.28,7.07,1.12,2.89,2.47,3.5,4.71,FR,4.93,81,641,60.93,21.67,12.44,67,0.85,86.39,3.78,35.04,7.45,28.86,24.66,35.02,47.11
203,FR006C2,Strasbourg,medium,dwellings/ha,5.17,4.77,5.7,8.7,3.67,8.82,5.28,5.79,3.97,2.5,3.3,3.59,3.72,FR,4.93,81,642,51.74,26.79,13.96,87,1.02,93.44,9.77,23.48,19.72,25.03,33.03,35.94,37.16
204,PL502C1,Sosnowiec,medium,dwellings/ha,5.54,4.78,1.5,7.8,5.79,7.71,1.31,8.41,3.09,4.25,2.71,6.15,4.3,PL,4.93,81,643,55.4,26.74,22.74,78,0.46,87.28,0.6,49.5,14.7,42.49,27.06,61.49,42.99
205,DE019C1,Magdeburg,medium,dwellings/ha,3.79,6.14,6.06,8.3,5.71,8.76,2.44,7.98,3.48,1.73,2.8,4.83,3.69,DE,4.91,82,653,37.9,22.4,13.23,83,0.49,93.12,2.08,44.53,16.8,17.29,28.01,48.34,36.85
206,BE003C1,Gent,medium,dwellings/ha,5.02,3.62,5.73,8.3,5.62,7.63,4.46,5.15,2.45,4.11,3.4,3.59,4.48,BE,4.91,82,654,50.21,30.46,13.91,83,0.51,86.87,6.96,18.57,11.87,41.09,33.97,35.94,44.77
207,RO504C1,Brasov,medium,dwellings/ha,5.77,7.26,6.42,8,4.7,8.08,0,5.86,4.64,2.52,3.26,3.13,3.08,RO,4.9,83,657,57.66,18.78,12.48,80,0.75,89.34,0,24.05,24.64,25.17,32.62,31.32,30.84
208,PL010C1,Katowice,medium,dwellings/ha,5.48,4.35,1.41,7.8,3.99,8.33,2.01,8.8,3.4,2.94,3.23,5.28,5.28,PL,4.88,84,667,54.84,28.14,22.93,78,0.94,90.75,1.41,54.15,16.34,29.44,32.25,52.78,52.79
209,FR023C2,Caen,medium,dwellings/ha,5.55,5.65,6.55,7.1,4.33,7.79,3.47,6.25,2.51,2.57,3.96,3.58,3.95,FR,4.87,85,671,55.51,23.94,12.2,71,0.85,87.72,4.22,27.3,12.11,25.73,39.57,35.83,39.54
210,FR013C2,Rennes,medium,dwellings/ha,5.4,6.69,6.6,5.6,4.53,6.83,3.42,7.22,1.51,3.12,2.24,4.16,4.71,FR,4.85,86,681,54.04,20.61,12.09,56,0.8,82.4,4.1,36.47,8.57,31.17,22.36,41.58,47.11
211,UK506C1,Doncaster,medium,dwellings/ha,6,6.28,7.93,0,6.36,7.62,1.98,4.17,2.6,3.43,4.43,4.8,4.84,UK,4.84,87,685,59.95,21.94,9.32,0,0.32,86.77,1.37,12.16,12.46,34.34,44.34,47.96,48.42
212,FR024C2,Limoges,medium,dwellings/ha,6.76,6.98,6.74,5.7,3.61,6.16,1.64,5.03,0.49,4.62,2.18,3.92,5.09,FR,4.84,87,686,67.62,19.69,11.81,57,1.04,78.71,0.94,17.73,5.95,46.16,21.83,39.19,50.91
213,DE501C1,Duisburg,medium,dwellings/ha,5.22,2.58,5.64,7.3,5.89,8.43,1.74,7.11,4.07,2.76,3.03,4.79,4,DE,4.84,87,687,52.17,33.82,14.1,73,0.44,91.27,1.05,35.39,20.42,27.57,30.34,47.94,39.95
214,DE020C1,Wiesbaden,medium,dwellings/ha,5.27,3.92,6.29,6.6,5.11,7.9,0.86,6.98,4.07,3.21,3.86,4,4.07,DE,4.83,88,694,52.65,29.52,12.73,66,0.64,88.37,0.26,34.06,20.39,32.08,38.58,39.98,40.68
215,DE502C1,Mannheim,medium,dwellings/ha,4.91,4.03,6.1,7.6,4.95,8.57,2.26,7.84,4.4,2.18,3.49,3.35,3.77,DE,4.83,88,695,49.12,29.14,13.14,76,0.68,92.08,1.79,42.97,22.77,21.8,34.87,33.47,37.74
216,FR019C1,Orleans,medium,dwellings/ha,5.72,5.91,6.26,7.4,4.13,8.63,3.6,6.67,1.73,2.28,2.84,2.9,4.06,FR,4.82,89,702,57.22,23.13,12.8,74,0.9,92.4,4.54,31.14,9.23,22.8,28.4,29,40.62
217,IT012C1,Verona,medium,dwellings/ha,6.15,2.5,0,6.3,6.46,9.13,3.36,5.95,2.92,3.11,3.58,4.63,5.6,IT,4.8,90,712,61.47,34.06,25.87,63,0.29,95.15,3.96,24.77,13.93,31.07,35.78,46.32,56.05
218,RO501C1,Constanta,medium,dwellings/ha,3.32,7.95,6.12,9.2,7.82,9.5,0.1,5.37,5.5,0.88,3.7,1.96,2.49,RO,4.76,91,728,33.15,16.59,13.1,92,-0.07,97.24,0,20.18,32.58,8.78,36.96,19.58,24.86
219,FR043C2,Perpignan,medium,dwellings/ha,5.02,8.21,7.03,3.6,7.25,8.13,2.94,4.4,1.7,3.35,2.22,5.11,2.85,FR,4.75,92,732,50.21,15.75,11.2,36,0.08,89.64,3.03,13.54,9.15,33.5,22.21,51.06,28.46
220,CZ003C1,Ostrava,medium,dwellings/ha,5.06,5.72,1.35,5.4,5.38,8.15,3.39,6.81,2.53,4.47,2.18,5.48,4.65,CZ,4.73,93,741,50.58,23.74,23.04,54,0.57,89.71,4.01,32.46,12.19,44.72,21.78,54.78,46.53
221,PL015C1,Rzeszow,medium,dwellings/ha,4.46,6.28,4.42,8,5.04,8.88,1.8,8.22,2.03,3.16,0.54,3.21,4.39,PL,4.7,94,759,44.6,21.93,16.64,80,0.66,93.76,1.13,47.34,10.26,31.61,5.4,32.12,43.91
222,FR207C1,Lens__Lievin,medium,dwellings/ha,5.91,5.56,5.99,6.6,5.62,8.04,1.37,4.66,1.77,3.75,1.36,4.77,3.42,FR,4.69,95,762,59.06,24.26,13.37,66,0.51,89.09,0.65,15.23,9.39,37.47,13.56,47.69,34.17
223,RO012C1,Calarasi,medium,dwellings/ha,4.54,7.74,5.35,9.7,5.47,8.73,0,2.67,10,1.55,0.05,2.37,1.7,RO,4.66,96,780,45.44,17.24,14.7,97,0.55,92.92,0,4.99,113.22,15.51,0.52,23.69,17.03
224,CY001C1,Lefkosia,medium,dwellings/ha,4.32,5.49,6.21,8.3,9.05,8.89,1.49,3.52,1.89,2.7,3.42,3.18,2.6,CY,4.66,96,781,43.21,24.47,12.91,83,-0.39,93.81,0.78,8.65,9.76,27,34.24,31.79,26.04
225,FR022C2,ClermontFerrand,medium,dwellings/ha,5.76,5.82,6.53,6.8,3.96,8.71,2.65,4.82,2.33,1.91,2.6,3.24,3.5,FR,4.61,97,794,57.62,23.4,12.25,68,0.95,92.82,2.46,16.24,11.37,19.08,26.01,32.36,35.01
226,IT028C1,Padova,medium,dwellings/ha,4.08,2.67,0.93,7.3,6.25,9.21,1.64,6.44,2.88,4.58,3.12,4.28,5.31,IT,4.6,98,801,40.78,33.52,23.93,73,0.34,95.59,0.95,29,13.72,45.79,31.23,42.79,53.13
227,FR044C2,Nimes,medium,dwellings/ha,5.11,6.79,6.48,5,6.91,8.39,2.03,3.94,1.45,4.36,2.7,4.56,1.92,FR,4.56,99,811,51.13,20.3,12.34,50,0.17,91.08,1.44,10.89,8.39,43.61,27.03,45.6,19.22
228,PL024C1,Czestochowa,medium,dwellings/ha,4.91,6.3,3.59,7.8,5.77,7.08,1.97,6.46,1.56,4.23,1.47,4.89,3.01,PL,4.55,100,814,49.06,21.88,18.38,78,0.47,83.77,1.35,29.26,8.7,42.25,14.74,48.89,30.14
229,DK004C2,Aalborg,medium,dwellings/ha,4.52,7.85,7.21,4.4,6.55,3.67,4.79,5.43,0.63,4.4,1.46,4.39,3.77,DK,4.53,101,820,45.17,16.9,10.82,44,0.27,64.89,8.03,20.63,6.25,44,14.56,43.92,37.71
230,FR215C2,Rouen,medium,dwellings/ha,6,4.49,6.32,6.1,2.74,7.78,2.85,5.11,1.9,3.6,2.34,3.87,3.81,FR,4.52,102,823,60.01,27.69,12.68,61,1.27,87.69,2.84,18.25,9.82,35.96,23.44,38.74,38.06
231,IT010C1,Catania,medium,dwellings/ha,2.44,5.17,4.53,9.6,8.23,9.47,1.06,4.32,5.11,2.25,6.17,2.88,1.75,IT,4.52,102,824,24.38,25.5,16.41,96,-0.17,97.03,0.39,13.07,28.74,22.51,61.71,28.75,17.5
232,FR202C1,AixenProvence,medium,dwellings/ha,5.56,6.68,6.62,2.5,6.09,6.62,1.58,4.26,0,6.83,1.5,5.72,2.78,FR,4.47,103,835,55.64,20.65,12.06,25,0.39,81.27,0.87,12.68,4.94,68.25,15,57.2,27.8
233,ES007C1,Murcia,medium,dwellings/ha,1.95,6.89,5.23,6.1,7.65,7.48,2.58,3.36,1.97,7.07,1.2,6.06,2.65,ES,4.46,104,837,19.52,19.98,14.96,61,-0.02,85.99,2.32,7.89,10.04,70.72,11.98,60.62,26.52
234,IT501C1,Messina,medium,dwellings/ha,4.23,5.63,5.61,7.3,2.89,9.33,1.02,2.73,3.48,4.06,4.6,4.09,1.73,IT,4.28,105,874,42.3,24.02,14.17,73,1.23,96.26,0.36,5.23,16.76,40.58,46.04,40.86,17.34
235,IT011C1,Venezia,medium,dwellings/ha,4,4.06,1.76,5.4,5.82,7.1,4.62,5.65,3,3.67,2.93,2.93,4.6,IT,4.27,106,877,39.96,29.07,22.21,54,0.46,83.92,7.46,22.37,14.29,36.73,29.33,29.35,46.02
236,ES506C1,Cartagena,medium,dwellings/ha,2.2,7.15,5.64,4.6,8.93,5.12,2.56,5.63,2.03,5.19,1.48,4.71,2.49,ES,4.23,107,881,21.99,19.16,14.1,46,-0.36,72.9,2.29,22.2,10.28,51.91,14.8,47.14,24.94
237,RO503C1,Galati,medium,dwellings/ha,2.04,7.26,4.37,9.3,6.52,9.26,1.88,5.74,5.31,1.31,3,2.09,1.24,RO,4.22,108,882,20.4,18.81,16.74,93,0.27,95.87,1.23,23.1,30.59,13.07,30.02,20.95,12.38
238,HU005C1,Debrecen,medium,dwellings/ha,2.91,7.97,4.49,7.6,4.95,8.15,3.82,4.06,2.48,2.63,2.6,3.28,2.22,HU,4.2,109,883,29.11,16.5,16.5,76,0.69,89.73,5.11,11.55,11.99,26.28,26.05,32.78,22.19
239,FR012C1,Le_Havre,medium,dwellings/ha,3.37,4.86,6.37,7.4,4.28,7.49,3.67,4.65,2.58,2.83,2.75,3.31,2.47,FR,4.16,110,888,33.68,26.48,12.57,74,0.86,86.09,4.7,15.14,12.39,28.33,27.49,33.1,24.69
240,ES505C1,Elche,medium,dwellings/ha,2.91,7.21,6.37,3.7,6.49,0,3.31,3.78,0.46,8.31,0.77,7.98,2.13,ES,3.99,111,899,29.05,18.96,12.57,37,0.28,44.51,3.83,9.98,5.86,83.06,7.73,79.81,21.32
241,ES014C1,Pamplona,small,dwellings/ha,6.74,5.21,6.12,9.8,7.54,9.48,4.4,8.55,9.99,4.13,5.68,4.44,6.31,ES,6.8,1,1,67.36,25.68,13.74,98,0.12,96.36,6.77,51.18,50.37,41.32,56.79,44.39,63.06
242,CH002C1,Geneve,small,dwellings/ha,8.02,2.8,6.15,9.9,7.27,9.52,2.64,9.93,10,2.01,6,1.65,7.7,CH,6.65,2,2,80.17,33.56,13.67,99,0.32,96.59,2.44,69.02,62.12,20.15,60,16.5,76.98
243,UK061C1,Harlow,small,dwellings/ha,7.1,5.51,8.01,9.4,7.39,8.06,4.5,7.99,3.73,5.09,4.17,6.51,7.01,UK,6.64,3,3,71,24.69,9.47,94,0.23,87.3,7.1,44.71,16.65,50.87,41.67,65.08,70.1
244,ES510C1,San_Sebastian,small,dwellings/ha,7.6,5.15,5.87,8.8,7.17,8.53,5.06,6.79,4.82,4.28,4.86,5.67,7.22,ES,6.51,4,4,76.04,25.88,14.29,88,0.4,90.3,8.96,32.3,26.53,42.77,48.56,56.74,72.19
245,UK021C1,Stevenage,small,dwellings/ha,7.23,5.68,8.37,9.6,7.49,8.9,4.83,7.22,3.73,3.54,4.49,4.41,6.58,UK,6.46,5,5,72.35,24.13,8.68,96,0.16,92.66,8.18,36.46,16.64,35.44,44.93,44.1,65.83
246,ES067C1,Majadahonda,small,dwellings/ha,8.4,2.81,6.65,9.6,8.94,8.68,3.52,5.82,4.32,3.15,3.46,5.68,7.06,ES,6.38,6,6,84.04,33.51,12.55,96,-0.95,91.26,4.34,23.73,21.39,31.45,34.62,56.76,70.62
247,ES030C1,Parla,small,dwellings/ha,7.54,5.24,6.75,10,7.88,8.8,4.17,5.09,10,1.23,3.56,3.98,5.84,ES,6.37,7,7,75.44,25.57,12.32,100,-0.14,92.03,6.09,18.17,58.94,12.35,35.61,39.82,58.42
248,ES526C1,Santa_Coloma_de_Gramenet,small,dwellings/ha,8.31,0.23,4.37,10,7.14,10,4.04,7.47,10,1.98,8.23,2.9,6.37,ES,6.37,7,8,83.1,41.96,17.68,100,0.42,99.66,5.7,39.02,93.56,19.76,82.28,29,63.66
249,UK576C1,Crawley,small,dwellings/ha,7.52,5.79,8.18,9.7,7.45,8.99,3.56,6.65,3.73,3,4.41,4.46,6.57,UK,6.37,7,9,75.16,23.79,9.11,97,0.19,93.21,4.44,30.98,16.69,29.97,44.06,44.64,65.74
250,ES069C1,Castelldefels,small,dwellings/ha,8.06,5.58,6.06,9.9,7.54,9.78,3.27,4.72,4.77,3.8,5.41,3.79,6.12,ES,6.32,8,11,80.65,24.47,13.88,99,0.12,98.24,3.75,15.59,25.99,37.99,54.05,37.91,61.16
251,EL007C2,Ioannina,small,dwellings/ha,8.77,7.55,5.33,9.8,7.82,9.14,1.32,3.7,4.95,3.19,2.26,2.98,7.29,EL,6.27,9,12,87.67,18.03,15.52,98,-0.09,94.18,0.61,9.58,28.02,31.93,22.6,29.78,72.95
252,UK018C1,Exeter,small,dwellings/ha,7.11,7.72,8.08,8.6,7.33,8.64,4.43,6.21,3.73,2.35,5.39,4.14,6.1,UK,6.26,10,13,71.07,17.46,9.31,86,0.28,91,6.88,27.01,16.63,23.54,53.89,41.35,61.01
253,PT011C1,Amadora,small,dwellings/ha,9.39,3.81,6.63,9.2,7.07,9.47,1.75,4.68,5.79,1.71,6.98,1.83,7.06,PT,6.24,11,14,93.91,30.26,12.6,92,0.48,96.27,1.08,15.33,39.74,17.06,69.78,18.26,70.61
254,LU001C1,Luxembourg,small,dwellings/ha,7.17,5.31,7.04,9.3,7.01,8.71,2.27,7.51,3.65,3.27,6.11,4.48,6.53,LU,6.2,12,15,71.65,25.34,11.66,93,0.52,91.43,1.8,39.45,16.12,32.66,61.07,44.8,65.27
255,ES051C1,Getxo,small,dwellings/ha,8.1,5.27,5.97,9.5,6.59,9.25,4.65,7.09,5.65,2.28,4.29,1.92,6.58,ES,6.18,13,16,80.95,25.49,14.07,95,0.84,94.89,7.58,35.22,37.6,22.79,42.86,19.24,65.77
256,ES033C1,Girona,small,dwellings/ha,7.41,5.8,5.77,8.6,6.84,9.49,3.96,7.47,4.6,3.35,3.78,4.12,6.48,ES,6.18,13,17,74.06,23.75,14.52,86,0.66,96.39,5.5,39.05,24.14,33.46,37.79,41.25,64.83
257,UK017C1,Cambridge,small,dwellings/ha,7.11,7.07,8.21,9,7.39,9.13,5.24,6.97,4.01,3.49,4.6,3.19,4.66,UK,6.16,14,18,71.12,19.58,9.03,90,0.23,94.15,9.6,33.97,18.81,34.89,45.99,31.87,46.58
258,UK560C1,Oxford,small,dwellings/ha,6.63,6.74,7.91,7.1,7.43,9.05,4.41,6.72,4.42,3.49,4.8,4.03,6.01,UK,6.15,15,19,66.35,20.67,9.71,71,0.2,93.64,6.8,31.59,22.34,34.86,47.98,40.3,60.06
259,CH008C1,Luzern,small,dwellings/ha,7.12,6.53,6.61,9.7,7.56,8.12,1.83,8.61,4.45,3.18,4.8,3.96,5.8,CH,6.15,15,20,71.17,21.36,12.64,97,0.1,87.67,1.17,51.95,22.62,31.78,47.95,39.62,58
260,ES541C1,Collado_Villalba,small,dwellings/ha,8.13,6.16,7.43,9.7,7.47,8.13,1.56,5.98,4.33,2.61,3.59,3.71,6.22,ES,6.12,16,22,81.33,22.57,10.78,97,0.17,87.77,0.86,25,21.51,26.14,35.91,37.09,62.23
261,HR002C1,Rijeka,small,dwellings/ha,7.8,7.44,6.92,9.1,7.04,9.39,0,7.01,3.42,3.07,4.52,4.77,5.5,HR,6.1,17,25,78.01,18.39,11.93,91,0.5,95.76,0,34.36,14.54,30.71,45.21,47.7,54.99
262,ES516C1,Salamanca,small,dwellings/ha,4.87,6.11,7.46,9.2,8.38,8.44,3.55,9.74,5.62,2.03,5.59,3.29,6.21,ES,6.09,18,27,48.73,22.74,10.72,92,-0.52,89.74,4.4,66.45,37.05,20.33,55.92,32.94,62.13
263,ES523C1,Leon,small,dwellings/ha,6.08,6.2,7.91,9.7,7.76,8.26,3.32,7.45,4.87,3.59,4.95,4.45,4.92,ES,6.09,18,28,60.84,22.43,9.7,97,-0.05,88.6,3.85,38.89,27.01,35.89,49.48,44.46,49.22
264,UK571C1,Cheltenham,small,dwellings/ha,7.2,6.37,7.86,9.6,7.33,9.25,3.04,5.85,3.68,2.25,5.59,2.57,6.09,UK,6.08,19,30,71.97,21.89,9.81,96,0.28,94.87,3.24,23.99,16.32,22.5,55.89,25.7,60.9
265,UK024C1,Worcester,small,dwellings/ha,7.15,6.82,8.04,9.5,7.49,9.07,3.78,5.33,3.63,2.64,4.91,3.6,5.29,UK,6.07,20,31,71.46,20.4,9.4,95,0.16,93.77,5,19.9,15.94,26.35,49.06,36,52.92
266,UK060C1,Tamworth,small,dwellings/ha,6.78,5.63,7.8,9.2,7.39,9.35,4.94,5.37,3.66,2.31,5.18,4.54,5.46,UK,6.05,21,33,67.76,24.3,9.94,92,0.23,95.51,8.53,20.19,16.16,23.12,51.81,45.4,54.56
267,UK569C1,Ipswich,small,dwellings/ha,7.19,6.9,7.72,9.6,7.32,9.41,3.15,4.6,4.01,2.71,6.21,2.78,5.3,UK,6.05,21,34,71.88,20.13,10.13,96,0.29,95.88,3.47,14.8,18.78,27.08,62.06,27.77,52.97
268,CH005C1,Lausanne,small,dwellings/ha,7.69,3.94,6.46,9.2,6.07,8.68,1.83,8.12,5.09,2.83,5.11,3.9,6.53,CH,6.05,21,35,76.88,29.82,12.96,92,1.24,91.24,1.17,46.19,29.69,28.28,51.09,39.03,65.33
269,IT034C1,Bolzano,small,dwellings/ha,7.67,5.27,5.05,8.4,6.36,8.78,6.62,6.69,5.31,4.27,5.13,4.12,4.75,IT,6.05,21,36,76.74,25.48,16.14,84,1.02,91.9,15.35,31.31,32.58,42.67,51.28,41.19,47.5
270,PT013C1,Odivelas,small,dwellings/ha,9.03,4.22,6.79,9.2,7.78,9.65,0.76,4.83,4.57,2.69,6.03,2.4,5.81,PT,6.05,21,37,90.26,28.9,12.22,92,-0.06,97.46,0.2,16.32,23.82,26.89,60.31,24.01,58.05
271,PT012C1,Almada,small,dwellings/ha,9.26,5.21,6.49,7.4,7.07,9.09,2.47,5.1,3.29,2.71,4.33,2.3,7.29,PT,6.04,22,39,92.57,25.66,12.91,74,0.48,93.87,2.13,18.21,13.77,27.06,43.28,23,72.92
272,ES513C1,Leganes,small,dwellings/ha,5.54,2.67,6.47,8.8,7.72,8.63,3.74,7.97,9.99,2.78,4.57,5.11,5.16,ES,6.03,23,40,55.45,33.97,12.94,88,-0.02,90.92,4.91,44.43,52.78,27.78,45.74,51.07,51.63
273,AT004C1,Salzburg,small,dwellings/ha,7.46,5.5,6.58,8.9,7.02,7.95,3.34,6.97,3.57,3.73,3.69,4.1,6.45,AT,6.03,23,41,74.58,24.74,12.7,89,0.52,86.65,3.89,33.99,15.55,37.25,36.93,40.97,64.48
274,UK547C1,South_Tyneside,small,dwellings/ha,6.56,6.7,8.57,9.2,7.43,8.37,2.81,6.18,3.58,2.27,5.64,4.15,5.64,UK,6.03,23,42,65.62,20.81,8.21,92,0.2,89.27,2.76,26.75,15.58,22.67,56.41,41.53,56.42
275,ES027C1,Barakaldo,small,dwellings/ha,6.18,4.02,6.27,9.3,4.84,9.51,3.47,7.59,9.99,1.6,4.95,3.13,6.28,ES,6.02,24,43,61.8,29.56,13.4,93,2.18,96.56,4.22,40.3,54.59,15.99,49.55,31.35,62.84
276,ES038C1,Coslada,small,dwellings/ha,5.37,2.71,6.61,9.5,7.65,9.2,3.07,9.66,10,2.08,4.64,4.11,5.1,ES,6.02,24,44,53.7,33.87,12.64,95,0.04,94.57,3.3,65.28,58.37,20.76,46.39,41.06,50.97
277,UK056C1,Hastings,small,dwellings/ha,7.07,6.86,7.64,9.3,7.18,8.95,1.62,6.16,3.71,4.29,2.85,3.67,5.67,UK,6.01,25,46,70.71,20.29,10.31,93,0.39,92.99,0.91,26.56,16.51,42.88,28.53,36.71,56.66
278,UK552C1,Reading,small,dwellings/ha,7.21,6.11,8.09,9.7,7.35,9.62,3.3,5.81,4.27,2.82,5.06,2.43,4.96,UK,6.01,25,47,72.12,22.73,9.29,97,0.26,97.26,3.82,23.61,20.94,28.19,50.58,24.28,49.63
279,UK566C1,Norwich,small,dwellings/ha,6.07,7.05,8.12,9.7,7.44,9.5,2.56,7.24,4.02,3.01,5.33,2.59,5.26,UK,6.01,25,48,60.71,19.66,9.24,97,0.2,96.5,2.29,36.7,18.87,30.05,53.29,25.94,52.59
280,ES034C1,Caceres,small,dwellings/ha,5.93,7.72,8.31,8.2,8.7,6.31,3.71,6.32,3.56,4.68,1.71,5.55,5.56,ES,5.99,26,50,59.26,17.47,8.81,82,-0.77,76.19,4.82,27.96,15.47,46.8,17.12,55.46,55.56
281,IE002C1,Cork,small,dwellings/ha,7.08,8.69,9.04,9.2,7.47,9.16,2.26,5.04,3.08,2.24,3.96,3.24,5.04,IE,5.99,26,51,70.8,14.27,7.16,92,0.17,94.34,1.79,17.79,12.54,22.43,39.64,32.37,50.43
282,ES068C1,Torremolinos,small,dwellings/ha,8.09,5.9,6.37,9.9,8.38,9.48,2.29,5.06,5.05,2.68,3.08,2.58,5.1,ES,5.98,27,53,80.89,23.42,13.16,99,-0.52,96.36,1.83,17.94,29.21,26.83,30.82,25.79,51
283,UK059C1,Redditch,small,dwellings/ha,6.84,6.22,8.1,6.3,7.55,7.85,1.68,6.8,3.41,4.45,4.9,4.48,6.26,UK,5.96,28,57,68.36,22.37,9.28,63,0.11,85.96,0.98,32.33,14.5,44.52,49,44.79,62.6
284,NL023C1,Purmerend,small,dwellings/ha,6.56,3.9,6.67,9.8,7.08,8.91,6.9,6.21,4.55,3.36,3.69,2.56,6.12,NL,5.96,28,58,65.59,29.95,12.49,98,0.47,92.75,16.64,26.99,23.59,33.6,36.92,25.59,61.25
285,CH004C1,Bern,small,dwellings/ha,6.96,5.07,6.69,9.1,6.75,8.28,1.87,9.54,4.32,2.91,4.2,4.06,5.94,CH,5.96,28,59,69.56,26.15,12.45,91,0.72,88.74,1.23,63.67,21.41,29.12,41.98,40.63,59.43
286,FR519C1,Cannes,small,dwellings/ha,7.92,6.3,6.4,9.9,7.85,9.06,2.51,4.37,4.22,4.32,4.38,3.98,4.06,FR,5.96,28,60,79.21,22.09,13.1,99,-0.12,93.7,2.2,13.34,20.53,43.24,43.8,39.76,40.58
287,DE066C1,Kempten,small,dwellings/ha,6.43,7.15,7.48,8.7,6.8,7.78,1.42,7.49,3.55,4.46,4.79,4.47,5.54,DE,5.96,28,61,64.27,19.34,10.66,87,0.68,85.53,0.71,39.24,15.39,44.56,47.85,44.73,55.42
288,DE067C1,Landshut,small,dwellings/ha,6.99,6.44,6.67,8.3,6.84,8.23,5.28,5.57,2.98,4.46,4,4.53,5.52,DE,5.96,28,62,69.9,21.66,12.5,83,0.65,88.4,9.77,21.74,12.01,44.61,40,45.26,55.23
289,IT027C1,Cagliari,small,dwellings/ha,8.72,5.95,6.57,9.3,7.24,9.69,3.29,4.83,5.07,1.63,3.82,2.11,5.25,IT,5.96,28,63,87.22,23.26,12.72,93,0.35,97.7,3.78,16.31,29.49,16.32,38.24,21.11,52.53
290,UK577C1,Watford,small,dwellings/ha,7.4,4.44,7.83,9.8,7.22,9.44,3.19,4.69,4.34,2.89,4.91,3.76,5.12,UK,5.95,29,64,73.99,28.19,9.89,98,0.37,96.1,3.57,15.38,21.64,28.86,49.15,37.64,51.25
291,ES517C1,Alcorcon,small,dwellings/ha,5.05,2.7,6.55,8.9,8.24,9.35,3.87,7.26,10,2.11,5.06,3.54,5.4,ES,5.93,30,68,50.46,33.89,12.77,89,-0.42,95.53,5.25,36.94,62.9,21.09,50.6,35.4,53.98
292,ES070C1,Irun,small,dwellings/ha,7.36,5.78,6.24,9.5,5.83,9.17,4.01,6.3,4.37,2.31,3.12,3.6,6.26,ES,5.93,30,69,73.59,23.81,13.46,95,1.43,94.37,5.63,27.74,21.89,23.09,31.25,35.99,62.56
293,IT523C1,Ragusa,small,dwellings/ha,8.05,7.79,6.21,8.5,8.64,8.57,0.5,4.31,2.46,3.55,0.56,5.15,6.24,IT,5.93,30,70,80.51,17.23,13.52,85,-0.72,90.57,0.09,13.01,9.53,35.52,5.57,51.55,62.4
294,UK019C1,Lincoln,small,dwellings/ha,6.51,6.96,7.95,8.1,7.46,9.02,4.35,5.47,3.76,3.24,5.7,4.33,4.34,UK,5.92,31,71,65.11,19.95,9.6,81,0.18,93.42,6.63,20.92,16.86,32.44,56.96,43.27,43.39
295,UK572C1,Gloucester,small,dwellings/ha,6.24,6.56,7.82,8.5,7.31,9.12,4.14,5.61,3.73,2.07,4.84,3.92,5.79,UK,5.92,31,72,62.44,21.25,9.92,85,0.29,94.04,5.99,22.06,16.63,20.68,48.43,39.25,57.91
296,UK573C1,Bracknell_Forest,small,dwellings/ha,7.06,6.07,8.07,6.4,7.16,8.43,5.4,6.23,3.14,3.99,1.92,4.36,6.04,UK,5.92,31,73,70.57,22.85,9.35,64,0.41,89.67,10.2,27.18,12.88,39.93,19.17,43.63,60.43
297,SE504C1,Lund,small,dwellings/ha,5.15,7.79,8.31,7.6,6.99,6.49,5.49,8.18,2.63,6.84,2.44,5.22,5.02,SE,5.92,31,74,51.47,17.23,8.8,76,0.54,77.34,10.57,46.87,10.27,68.43,24.4,52.21,50.21
298,NL031C1,Hoorn,small,dwellings/ha,6.2,4.93,6.91,9.7,7.33,9.05,5.84,7.58,4.24,2.4,2.88,3.69,5.6,NL,5.91,32,75,61.99,26.58,11.95,97,0.28,93.64,11.93,40.21,20.75,23.97,28.79,36.86,56.01
299,ES521C1,Huelva,small,dwellings/ha,4.14,6.18,6.66,9.7,7.92,9.31,2.05,9.14,9.99,2.39,4.11,4.49,3.78,ES,5.9,33,77,41.41,22.49,12.52,97,-0.17,95.25,1.47,58.45,49.72,23.91,41.08,44.86,37.75
300,UK548C1,Basingstoke_and_Deane,small,dwellings/ha,6.27,6.92,8.29,5.6,6.97,8.04,3.17,7.62,3.12,4.97,4.25,5.09,5.49,UK,5.9,33,78,62.66,20.08,8.85,56,0.55,87.19,3.52,40.59,12.78,49.74,42.49,50.86,54.94
301,UK534C1,Bury,small,dwellings/ha,6.7,5.62,8.15,7,7.53,7.88,2.55,5.03,3.23,4.2,4.31,6.08,5.76,UK,5.89,34,79,66.98,24.33,9.16,70,0.13,86.16,2.27,17.68,13.42,42.02,43.1,60.76,57.6
302,UK550C1,Dundee_City,small,dwellings/ha,6.26,7.89,8.87,9.6,7.44,8.66,1.8,4.94,3.55,2.81,6.23,3.75,4.34,UK,5.89,34,80,62.55,16.9,7.54,96,0.2,91.12,1.13,17.11,15.39,28.11,62.34,37.5,43.44
303,UK567C1,Slough,small,dwellings/ha,7.17,5.43,8.02,9.8,7.29,9.33,3.56,4.7,4.56,1.8,3.95,3.16,5.29,UK,5.89,34,81,71.74,24.95,9.45,98,0.31,95.39,4.43,15.47,23.75,18.03,39.46,31.56,52.91
304,CH006C1,Winterthur,small,dwellings/ha,6.94,5.62,6.29,9.3,6.84,8.2,2.45,9.2,3.92,2.97,3.4,5.14,5.1,CH,5.89,34,82,69.43,24.33,13.35,93,0.65,88.23,2.1,59.24,18.05,29.66,34.03,51.41,50.99
305,CH007C1,St_Gallen,small,dwellings/ha,7.21,5.76,6.7,9,7.51,7.85,2.11,7.14,3.83,3.32,4.98,4.74,4.92,CH,5.89,34,83,72.13,23.88,12.42,90,0.14,85.99,1.57,35.72,17.36,33.19,49.84,47.44,49.23
306,IT015C1,Trieste,small,dwellings/ha,7.58,4.58,3.63,9,6.04,9.57,2.22,7.79,4.54,2.18,6.14,2.61,7.04,IT,5.87,35,87,75.85,27.74,19.33,90,1.26,96.92,1.73,42.46,23.5,21.84,61.42,26.05,70.39
307,UK052C1,Woking,small,dwellings/ha,7.24,6.15,8.07,8,7.33,7.67,2.96,7.07,2.7,4.11,3,3.48,5.7,UK,5.86,36,90,72.45,22.61,9.34,80,0.28,84.82,3.06,34.99,10.6,41.1,30.03,34.79,56.97
308,UK555C1,Poole,small,dwellings/ha,7.27,7.13,7.75,8.6,7.25,8.44,3.91,5.28,3.3,2.45,4.59,2.94,5.24,UK,5.86,36,91,72.7,19.38,10.05,86,0.34,89.74,5.34,19.52,13.81,24.45,45.95,29.39,52.43
309,CZ011C1,Zlin,small,dwellings/ha,6.33,8.19,4.51,7.2,6.67,7.51,2.94,7.24,2.58,5.07,3.35,6.31,6.13,CZ,5.86,36,92,63.35,15.93,17.35,72,0.78,83.83,3.03,36.68,10.08,50.72,33.46,63.12,61.26
310,ES515C1,Burgos,small,dwellings/ha,4.61,6.58,7.75,8.9,7.35,8.53,3.36,9.65,5.19,3.27,5.38,5.22,3.87,ES,5.86,36,93,46.11,21.19,10.06,89,0.26,90.3,3.95,65.21,30.92,32.71,53.82,52.22,38.67
311,UK558C1,Newport,small,dwellings/ha,6.83,6.18,7.87,7.9,7.19,8.27,3.51,5.78,3.06,3.6,3.52,4.49,5.56,UK,5.85,37,94,68.35,22.5,9.79,79,0.39,88.65,4.32,23.42,12.46,35.97,35.24,44.92,55.55
312,PT018C1,Barreiro,small,dwellings/ha,8.67,5.6,6.09,8,8.21,9.19,1.91,5.27,3.72,2.45,4.23,2.05,5.8,PT,5.85,37,95,86.73,24.39,13.8,80,-0.4,94.53,1.28,19.42,16.58,24.47,42.35,20.52,57.99
313,UK050C1,Burnley,small,dwellings/ha,6.4,6.26,8.64,9,7.1,8.17,2.62,5.66,3.27,3.61,4.16,4.54,5.05,UK,5.84,38,96,63.96,22.24,8.06,90,0.45,88.03,2.41,22.43,13.64,36.08,41.63,45.43,50.46
314,HR007C1,Zadar,small,dwellings/ha,7.54,8.64,7.08,8.3,6.25,8.34,0.4,5.2,2.36,4.04,2.05,3.5,6.5,HR,5.84,38,97,75.45,14.46,11.56,83,1.1,89.11,0.06,18.96,9.1,40.44,20.46,34.99,64.97
315,ES018C1,Logrono,small,dwellings/ha,5.49,5.97,6.38,9.3,7.31,9.24,3.8,7.33,5.47,2.86,4.12,3.34,5.3,ES,5.83,39,99,54.89,23.2,13.15,93,0.3,94.85,5.05,37.56,34.87,28.59,41.18,33.45,53.01
316,ES036C1,Pozuelo_de_Alarcon,small,dwellings/ha,8.17,2.97,6.71,7.8,7.88,8.86,3.32,6.8,3.28,3.47,2.96,2.72,6.44,ES,5.83,39,100,81.7,32.99,12.41,78,-0.14,92.39,3.86,32.33,13.68,34.66,29.56,27.24,64.36
317,UK035C1,Nuneaton_and_Bedworth,small,dwellings/ha,6.33,5.98,8.13,6.3,7.39,8.55,2.34,5.5,3.33,3.43,5.07,5.62,5.77,UK,5.82,40,102,63.27,23.15,9.2,63,0.23,90.47,1.92,21.21,14.02,34.28,50.73,56.24,57.67
318,ES049C1,Sant_Cugat_del_Valles,small,dwellings/ha,6.89,2.65,5.09,8.7,6.83,9.29,4.03,4.98,3.51,5.25,4.01,4.3,6.7,ES,5.82,40,103,68.92,34.07,16.05,87,0.67,95.15,5.7,17.34,15.16,52.53,40.06,43.01,66.97
319,ES015C1,Santander,small,dwellings/ha,6.73,5.64,5.35,9.5,6.81,8.95,3.23,6.92,4.76,2.45,5.52,3.47,5.3,ES,5.82,40,104,67.35,24.26,15.48,95,0.68,92.96,3.64,33.51,25.79,24.49,55.25,34.73,53
320,UK047C1,Chesterfield,small,dwellings/ha,6.82,6.36,8.01,6.2,7.37,8.37,3.16,5.5,2.98,3.62,4.27,4.91,5.66,UK,5.81,41,105,68.23,21.91,9.49,62,0.25,89.28,3.5,21.16,12,36.24,42.69,49.13,56.58
321,UK539C1,Bournemouth,small,dwellings/ha,7.65,6.39,7.46,9.7,7.64,9.19,3.03,4.15,4.08,1.7,4.99,2.36,4.68,UK,5.81,41,106,76.46,21.83,10.73,97,0.05,94.52,3.21,12.06,19.37,16.96,49.92,23.64,46.85
322,ES054C1,Benidorm,small,dwellings/ha,7.04,7.34,7.03,8.7,7.56,8.62,4.03,4.84,3.67,4.47,3.51,4.35,3.66,ES,5.81,41,107,70.39,18.7,11.69,87,0.11,90.9,5.68,16.39,16.25,44.75,35.07,43.48,36.63
323,ES534C1,Torrejon_de_Ardoz,small,dwellings/ha,5.43,4.19,6.74,9.9,7.96,9.04,2.79,8.12,9.99,1.05,3.64,2.24,4.76,ES,5.8,42,109,54.28,29.01,12.34,99,-0.2,93.56,2.73,46.15,48.27,10.48,36.42,22.42,47.58
324,UK580C1,Rushmoor,small,dwellings/ha,7.44,6.07,8.17,5.8,7.32,9.17,3.06,6.12,3.55,2.67,4.47,3.01,5.71,UK,5.8,42,110,74.37,22.85,9.11,58,0.29,94.4,3.28,26.22,15.4,26.72,44.74,30.15,57.14
325,UK062C1,Halton,small,dwellings/ha,6.26,5.1,7.93,9.2,7.41,8.35,4.52,5.9,3.55,2.93,3.49,4.21,5.2,UK,5.78,43,113,62.62,26.05,9.66,92,0.22,89.16,7.15,24.34,15.39,29.3,34.89,42.1,51.99
326,FR210C1,Marne_la_Vallee,small,dwellings/ha,6.49,3.05,6.1,8.9,6.81,8.8,4.31,7.64,4.35,3.58,3.97,3.57,6.09,FR,5.78,43,114,64.85,32.74,13.79,89,0.67,92.05,6.51,40.83,21.72,35.84,39.72,35.72,60.94
327,FR504C1,CergyPontoise,small,dwellings/ha,6.43,4.83,6.23,9.2,7.35,8.67,1.56,7.58,3.9,4.16,3.37,4.29,5.55,FR,5.78,43,115,64.26,26.9,13.5,92,0.26,91.18,0.85,40.24,17.9,41.62,33.67,42.93,55.53
328,UK545C1,Peterborough,small,dwellings/ha,6.15,6.79,8.08,6.8,7,8.51,5.69,5.2,3.17,4.32,2.08,3.94,5.64,UK,5.77,44,116,61.49,20.5,9.33,68,0.53,90.2,11.33,18.96,13.07,43.16,20.77,39.4,56.39
329,NL030C1,Gouda,small,dwellings/ha,5.93,3.88,6.53,9.9,7.68,9.14,6.02,6.79,4.86,3.24,3.25,2.7,5.17,NL,5.77,44,117,59.34,30.03,12.82,99,0.01,94.17,12.67,32.23,26.96,32.37,32.51,27.03,51.74
330,NL509C1,Zoetermeer,small,dwellings/ha,5.67,2.5,6.39,9.9,7.05,9.05,6.35,8.24,4.85,3.3,2.32,3.34,5.92,NL,5.77,44,118,56.74,34.55,13.13,99,0.49,93.64,14.12,47.57,26.85,32.96,23.25,33.39,59.17
331,DE021C1,Gottingen,small,dwellings/ha,5.66,6.64,6.66,8.3,5.79,8.49,5.31,8.37,3.85,2.31,4.53,4.41,5.44,DE,5.77,44,119,56.62,20.99,12.53,83,1.46,90.06,9.85,49.09,17.56,23.13,45.32,44.1,54.36
332,DE050C1,Tubingen,small,dwellings/ha,6.41,6.29,6.66,7.1,5.98,7.64,2.15,7.53,3.81,3.71,5.31,5.81,5.44,DE,5.77,44,120,64.14,22.14,12.51,71,1.31,84.64,1.62,39.73,17.24,37.13,53.11,58.08,54.43
333,UK536C1,StocktononTees,small,dwellings/ha,6.23,7.32,8.59,7,7.23,8.13,3.35,5.85,3.45,2.64,2.96,5.13,5.3,UK,5.76,45,124,62.34,18.76,8.18,70,0.36,87.75,3.94,23.96,14.73,26.37,29.58,51.31,52.95
334,PL028C1,Koszalin,small,dwellings/ha,5.41,8.2,7.72,8.4,6.81,8.13,3.98,8.16,3.46,2.59,3.37,4.9,4.62,PL,5.76,45,125,54.12,15.91,10.14,84,0.68,87.75,5.53,46.58,14.84,25.89,33.65,49.01,46.24
335,SK005C1,Preov,small,dwellings/ha,6.06,8.13,4.36,8.3,7.02,8.31,2.45,8.37,2.9,4.21,3.78,5.84,4.85,SK,5.76,45,126,60.56,16.11,17.7,83,0.52,88.9,2.1,49.09,11.57,42.06,37.77,58.35,48.47
336,HU006C1,Szeged,small,dwellings/ha,6.92,7.94,4.67,7.8,7.52,9.02,3.65,5.23,3.14,3.61,2.96,3.67,5.73,HU,5.75,46,128,69.18,16.75,17,78,0.14,93.41,4.66,19.17,12.87,36.08,29.61,36.69,57.28
337,FR046C2,Bayonne,small,dwellings/ha,7.55,6.87,6.98,7.4,6.93,9.17,3.07,5.03,2.43,2.92,3.59,3.7,5.64,FR,5.75,46,129,75.49,20.24,11.79,74,0.58,94.36,3.31,17.68,9.39,29.17,35.87,37.01,56.4
338,ES048C1,Guadalajara,small,dwellings/ha,5.62,5.35,7.17,8.8,7.21,8.2,3.66,6.53,5.01,3.32,1.58,5.18,5.47,ES,5.73,47,132,56.22,25.22,11.38,88,0.37,88.2,4.68,29.89,28.74,33.19,15.76,51.81,54.72
339,UK054C1,Cannock_Chase,small,dwellings/ha,6.77,6.08,8.2,6.1,7.19,8.62,1.55,5.2,3.27,3.19,5.07,5.15,5.46,UK,5.72,48,133,67.7,22.83,9.06,61,0.38,90.85,0.85,18.94,13.61,31.9,50.7,51.49,54.59
340,UK563C1,St_Albans,small,dwellings/ha,7.01,5.58,8.06,4.9,7.29,7.71,3.15,5.41,2.61,6.05,3.46,4.91,5.47,UK,5.72,48,134,70.09,24.46,9.36,49,0.31,85.09,3.48,20.45,10.18,60.5,34.59,49.06,54.67
341,UK582C1,Corby,small,dwellings/ha,6.79,7.09,8.36,8.9,7.37,8.36,2.08,4.7,3.4,2.82,0.96,4.95,5.05,UK,5.72,48,135,67.87,19.51,8.69,89,0.25,89.21,1.52,15.49,14.41,28.18,9.6,49.53,50.53
342,ES011C1,Santiago_de_Compostela,small,dwellings/ha,6.79,7.49,7.86,5.7,6.34,6.31,0.66,6.38,1.26,6.81,1.78,7.33,5.75,ES,5.72,48,136,67.93,18.23,9.82,57,1.04,76.2,0.15,28.51,5.48,68.06,17.81,73.3,57.5
343,ES555C1,RivasVaciamadrid,small,dwellings/ha,6.64,4.45,6.43,9.7,8.32,8.71,3.84,5.24,4.32,1.59,2.24,4.05,5.83,ES,5.72,48,137,66.39,28.15,13.04,97,-0.47,91.49,5.15,19.2,21.48,15.9,22.37,40.53,58.31
344,IT014C1,Trento,small,dwellings/ha,7.73,5.36,4.75,5.6,4.42,8.39,4.07,6.76,3.26,4.89,4.76,5.5,5.87,IT,5.7,49,140,77.29,25.19,16.83,56,2.5,89.44,5.79,32,13.58,48.92,47.58,55.04,58.71
345,PT010C1,Seixal,small,dwellings/ha,8.29,5.34,6.38,5.3,7.76,9.27,1.09,4.36,3.09,2.87,3.57,2.45,7.38,PT,5.7,49,141,82.91,25.26,13.14,53,-0.05,95.05,0.42,13.28,12.62,28.71,35.66,24.51,73.78
346,ES509C1,Fuenlabrada,small,dwellings/ha,4.23,4.83,6.9,9.7,8.04,9.04,3.37,6.56,10,1.08,4.64,2.93,4.48,ES,5.69,50,142,42.27,26.93,11.98,97,-0.26,93.57,3.98,30.15,69.7,10.77,46.41,29.33,44.77
347,ES518C1,Getafe,small,dwellings/ha,4.8,3.16,6.56,8.4,8.54,9.15,5.01,6.65,9.99,1.73,4.45,3.07,4.39,ES,5.69,50,143,47.96,32.37,12.74,84,-0.65,94.27,8.77,30.92,47.32,17.29,44.54,30.74,43.9
348,UK564C1,Warwick,small,dwellings/ha,6.23,6.47,8.16,6.8,7.12,7.59,3.19,7.16,2.53,4.19,3.43,4.51,5.31,UK,5.69,50,144,62.33,21.55,9.14,68,0.44,84.35,3.57,35.89,9.86,41.88,34.31,45.13,53.09
349,UK556C1,Dacorum,small,dwellings/ha,6.45,6,8.17,6.2,7.03,7.89,2.06,5.96,3.3,4.85,3.68,4.8,5.33,UK,5.69,50,145,64.47,23.07,9.12,62,0.51,86.23,1.48,24.85,13.82,48.5,36.83,48.04,53.31
350,FR312C1,CA_du_Val_dYerres,small,dwellings/ha,7.72,5.18,6.15,8.3,6.81,9.11,2.77,5.75,3.94,3.09,3.67,3.35,5.09,FR,5.69,50,146,77.19,25.78,13.67,83,0.68,94,2.68,23.12,18.23,30.92,36.71,33.52,50.94
351,PL052C1,Elk,small,dwellings/ha,5.43,7.96,6.66,8.7,7.44,8.07,2.06,9.46,4.13,2.62,3.69,2.81,5.06,PL,5.68,51,147,54.34,16.68,12.53,87,0.2,87.38,1.48,62.63,19.75,26.23,36.9,28.05,50.6
352,ES066C1,Cornella_de_Llobregat,small,dwellings/ha,6.35,1.2,5.05,8.4,7.5,9.81,4.64,5.84,10,1.04,6.97,1.33,5.32,ES,5.67,52,150,63.49,38.79,16.14,84,0.15,98.43,7.53,23.91,82.25,10.44,69.7,13.33,53.22
353,UK041C1,Ashford,small,dwellings/ha,5.51,7.03,7.89,6.9,7.04,6.37,4.61,6.55,2.95,4.89,3.4,5.49,5.06,UK,5.67,52,151,55.08,19.74,9.75,69,0.5,76.59,7.42,30,11.86,48.87,33.99,54.95,50.6
354,UK538C1,Basildon,small,dwellings/ha,6.95,5.49,7.7,5.8,7.18,8.34,2.74,6.64,3.13,3.93,3.28,4.13,5.57,UK,5.66,53,155,69.49,24.77,10.18,58,0.39,89.1,2.64,30.91,12.85,39.26,32.8,41.26,55.73
355,DE516C1,Solingen,small,dwellings/ha,7.27,3.54,6.37,8.7,6.76,7.44,1.11,7.08,3.21,3.34,3.26,4.46,6.63,DE,5.66,53,156,72.7,31.13,13.18,87,0.72,83.38,0.43,35.1,13.32,33.36,32.58,44.55,66.28
356,ES529C1,Ourense,small,dwellings/ha,7.31,7.1,7.66,6.8,6.54,7.36,0.53,5.47,2.69,5.43,1.15,5.71,5.22,ES,5.65,54,158,73.08,19.48,10.27,68,0.89,82.84,0.1,20.92,10.58,54.35,11.54,57.07,52.2
357,HU019C1,Sopron,small,dwellings/ha,6.56,7.91,4.81,8.6,7.09,8.79,3.57,5.7,3.4,3.17,3.26,3.06,5.37,HU,5.64,55,163,65.55,16.84,16.68,86,0.46,91.95,4.46,22.75,14.45,31.67,32.57,30.62,53.67
358,FR518C1,SaintQuentin_en_Yvelines,small,dwellings/ha,5.88,4.92,6.55,8.7,7.3,8.9,4.2,7.06,4.19,3.2,4.27,4.09,4.51,FR,5.64,55,164,58.82,26.63,12.77,87,0.31,92.67,6.18,34.93,20.32,32.04,42.66,40.92,45.1
359,FR064C2,Arras,small,dwellings/ha,6.68,6.16,6.7,7.7,6.66,8.68,2.79,5.85,2.46,3.19,3.79,3.47,6.11,FR,5.64,55,165,66.83,22.55,12.44,77,0.79,91.24,2.73,23.95,9.55,31.88,37.93,34.68,61.1
360,PL511C1,Walbrzych,small,dwellings/ha,5.22,7.85,4.82,8.3,7.13,4.97,1.89,7.42,4.5,6.46,2.97,7.66,4.33,PL,5.64,55,166,52.15,17.04,16.67,83,0.44,67.69,1.25,38.49,23.14,64.61,29.69,76.61,43.25
361,UK559C1,Middlesbrough,small,dwellings/ha,6.58,6.86,8.61,9.5,7.59,8.31,3.86,5.15,3.79,1.73,2.39,3.87,3.91,UK,5.63,56,167,65.82,20.28,8.13,95,0.08,88.9,5.21,18.56,17.1,17.33,23.85,38.69,39.1
362,CZ015C1,Havirov,small,dwellings/ha,6.2,7.36,2.19,9,7.4,6.53,1.7,6.12,3.41,5.66,2.28,6.32,5.89,CZ,5.63,56,168,62.02,18.65,22.59,90,0.22,77.6,1.02,26.25,14.51,56.62,22.82,63.17,58.86
363,UK561C1,Torbay,small,dwellings/ha,6.96,8.12,8.32,4.5,7.38,8.65,0.96,5.09,3.32,2.93,5.92,2.12,5.71,UK,5.62,57,170,69.65,16.14,8.78,45,0.24,91.1,0.32,18.17,13.93,29.33,59.18,21.2,57.06
364,UK565C1,NewcastleunderLyme,small,dwellings/ha,6.5,6.14,8.28,5.6,7.24,7.01,2.05,5.72,2.45,4.45,3.88,6.15,5.32,UK,5.62,57,171,65.02,22.64,8.87,56,0.35,80.65,1.47,22.9,9.49,44.54,38.84,61.54,53.23
365,CZ008C1,Ceske_Budejovice,small,dwellings/ha,5.92,7.31,7.09,8.7,7.03,8.75,3.62,7.38,3.61,2.57,3.12,3.63,4.39,CZ,5.62,57,172,59.18,18.81,11.54,87,0.51,91.73,4.6,38.13,15.84,25.68,31.23,36.25,43.94
366,ES050C1,Manresa,small,dwellings/ha,6.03,4.7,5.62,9,7.22,9.26,2.1,5.63,4.88,3.89,3.45,4.59,5,ES,5.62,57,173,60.29,27.33,14.85,90,0.36,94.97,1.54,22.22,27.17,38.87,34.46,45.92,49.97
367,UK031C1,Bath_and_North_East_Somerset,small,dwellings/ha,5.86,6.92,8,5.2,7.12,7.05,3.02,6.56,3.04,4.33,4.58,4.87,5.42,UK,5.61,58,176,58.61,20.08,9.49,52,0.44,80.89,3.18,30.16,12.36,43.33,45.83,48.74,54.17
368,CH010C1,Biel,small,dwellings/ha,6.59,6.73,6.49,9.6,6.36,8.92,2.3,7.02,4.7,1.85,5.84,3.22,3.67,CH,5.61,58,177,65.94,20.71,12.9,96,1.02,92.8,1.85,34.52,25.14,18.51,58.38,32.18,36.66
369,DE547C1,Jena,small,dwellings/ha,5.9,7.26,6.71,8.5,6.26,8.17,1.8,7.95,4.02,3.36,2.61,4.53,4.84,DE,5.61,58,178,58.95,18.96,12.41,85,1.1,88.05,1.13,44.22,18.83,33.57,26.12,45.29,48.44
370,NO004C1,Stavanger,small,dwellings/ha,5.23,8.42,8.97,7.6,7.49,6.84,5.11,7.07,3.15,3.05,3.68,3.64,4.19,NO,5.61,58,179,52.26,15.18,7.32,76,0.16,79.58,9.12,34.99,12.94,30.47,36.81,36.37,41.85
371,UK044C1,Darlington,small,dwellings/ha,6.26,7.92,8.46,8.5,7.16,8.11,2.71,4.84,3.4,2.82,1.57,4.21,4.63,UK,5.6,59,183,62.58,16.79,8.46,85,0.41,87.65,2.57,16.38,14.47,28.18,15.66,42.08,46.25
372,UK046C1,Mansfield,small,dwellings/ha,6.14,6.09,8.09,8,7.26,8.8,2.38,5.6,3.15,2.84,5.09,3.56,4.84,UK,5.6,59,184,61.38,22.8,9.3,80,0.33,92,1.99,21.98,12.97,28.45,50.89,35.64,48.35
373,UK546C1,Colchester,small,dwellings/ha,6.66,7.4,7.95,6.5,7.15,6.89,4.19,5.43,2.01,4.29,2.91,5.11,4.75,UK,5.6,59,185,66.6,18.51,9.61,65,0.41,79.89,6.14,20.61,7.78,42.92,29.11,51.08,47.46
374,FR216C1,CA_Marne_et_Chantereine,small,dwellings/ha,6.5,4.5,6.06,9.7,7.06,8.85,3.4,6.96,4.07,2.46,4.65,3.41,4.63,FR,5.6,59,186,65.03,28.01,13.86,97,0.48,92.35,4.05,33.95,19.28,24.59,46.49,34.09,46.33
375,DE078C1,Greifswald,small,dwellings/ha,5.42,8.53,6.88,9.2,7.16,7.75,2.12,9.04,3.65,2.64,2.01,4.54,4.24,DE,5.6,59,187,54.22,14.82,12.03,92,0.41,85.33,1.58,57.2,16.09,26.43,20.07,45.44,42.45
376,IT041C1,Pisa,small,dwellings/ha,6.42,5.16,4.91,6.8,6.65,8.41,4.19,5.58,3.09,4.83,4.71,4.19,5.96,IT,5.6,59,188,64.16,25.85,16.45,68,0.8,89.53,6.14,21.83,12.61,48.3,47.15,41.87,59.65
377,BE008C1,Leuven,small,dwellings/ha,6.34,4.16,6.1,7.6,7.14,8.38,5.64,5.98,2.66,4.91,3.17,4.47,5.24,BE,5.6,59,189,63.44,29.12,13.77,76,0.43,89.38,11.11,25.04,10.45,49.15,31.73,44.71,52.43
378,UK057C1,Hyndburn,small,dwellings/ha,6.47,6.4,8.82,7,7.39,7.53,2.61,5.19,3.33,3.7,2.12,5.25,4.65,UK,5.59,60,192,64.68,21.79,7.65,70,0.23,83.94,2.39,18.85,13.99,37.04,21.23,52.51,46.52
379,UK579C1,Eastleigh,small,dwellings/ha,7.27,6.39,7.97,0,7.47,8.22,4.51,5.31,2.89,4.25,3.75,5.41,6.01,UK,5.59,60,193,72.71,21.8,9.57,0,0.17,88.34,7.11,19.76,11.53,42.46,37.52,54.11,60.09
380,NL009C2,Arnhem,small,dwellings/ha,5.82,3.43,6.16,8.4,6.58,8.51,6.45,6.3,4.15,3.23,3.51,4.22,5.58,NL,5.59,60,194,58.21,31.5,13.64,84,0.85,90.17,14.54,27.8,19.93,32.29,35.07,42.17,55.85
381,PL012C1,Kielce,small,dwellings/ha,6.26,6.49,3.75,8.2,7.1,7.9,2.98,8.4,2.99,4.15,3.68,4.98,5.11,PL,5.59,60,195,62.57,21.48,19.07,82,0.46,86.3,3.11,49.34,12.04,41.49,36.85,49.76,51.1
382,NL013C1,Nijmegen,small,dwellings/ha,5.33,3.48,6.32,9.3,7.41,8.84,6.1,6.09,4.26,3.12,3.28,3.23,5.55,NL,5.58,61,199,53.32,31.32,13.29,93,0.22,92.31,13.03,25.99,20.9,31.23,32.84,32.3,55.53
383,FR076C2,Belfort,small,dwellings/ha,7,7.24,6.7,6.9,6.68,7.09,4.54,5.77,1.85,3.76,1,4.33,6.01,FR,5.58,61,200,70.01,19.02,12.44,69,0.77,81.13,7.21,23.29,7.21,37.57,10.04,43.32,60.14
384,IT505C1,Reggio_nellEmilia,small,dwellings/ha,7.53,3.81,2.65,6.2,7.25,8.22,7.58,4.49,2.21,5,0.96,5.06,6.99,IT,5.58,61,201,75.34,30.25,21.54,62,0.34,88.33,20.09,14.12,8.5,49.99,9.56,50.58,69.93
385,ES032C1,San_Fernando,small,dwellings/ha,2.49,6.98,6.63,9.9,7.04,8.96,4.83,5.53,9.99,1.92,2.02,3.01,5.17,ES,5.57,62,205,24.9,19.89,12.59,99,0.5,93.03,8.16,21.43,46.09,19.21,20.16,30.12,51.7
386,CZ018C2,ChomutovJirkov,small,dwellings/ha,6.49,5.95,5.88,9,6.93,7.58,2.81,6.27,3.47,3.53,3.25,4.52,4.94,CZ,5.57,62,206,64.89,23.25,14.28,90,0.59,84.26,2.75,27.55,14.9,35.28,32.45,45.16,49.41
387,ES041C1,Palencia,small,dwellings/ha,3.9,6.83,7.4,9.4,7.19,8.71,3.23,6.51,4.46,2.66,3.11,3.63,5.63,ES,5.57,62,207,39.01,20.38,10.86,94,0.38,91.44,3.66,29.66,22.77,26.65,31.1,36.3,56.35
388,FR309C1,CA_du_Plateau_de_Saclay,small,dwellings/ha,6.91,4.35,6.11,8.9,7.05,8.21,2.55,6.5,3.05,4.74,3.49,4.21,4.5,FR,5.56,63,209,69.14,28.51,13.75,89,0.49,88.3,2.28,29.59,12.4,47.37,34.95,42.11,44.97
389,FR045C2,Pau,small,dwellings/ha,7.3,7.45,7.02,7.6,5.94,8.97,2.99,5.26,2.29,2.52,3.14,3.37,5.2,FR,5.56,63,210,73.03,18.34,11.71,76,1.34,93.12,3.12,19.35,8.84,25.24,31.35,33.74,52.05
390,FR073C2,Tarbes,small,dwellings/ha,7.73,7.96,7.2,6.9,6.03,8.56,1.35,4.54,1.73,3.05,0.83,3.62,6.42,FR,5.56,63,211,77.29,16.69,11.31,69,1.28,90.48,0.64,14.41,6.82,30.46,8.26,36.22,64.21
391,IT019C1,Pescara,small,dwellings/ha,5.23,5.46,5.21,8.6,7.7,9.49,3.98,4.74,4.15,3.78,4.14,2.56,5.94,IT,5.56,63,212,52.26,24.85,15.77,86,0,96.43,5.55,15.7,19.94,37.77,41.36,25.65,59.38
392,UK585C1,Renfrewshire,small,dwellings/ha,6.02,7.12,8.99,5.5,7.28,8.28,2.5,5.08,3.08,3.87,2.5,5.89,4.45,UK,5.55,64,214,60.19,19.41,7.27,55,0.31,88.71,2.18,18.09,12.53,38.69,24.97,58.86,44.48
393,ES527C1,Jaen,small,dwellings/ha,5.2,7.7,7.96,6.9,8.81,7.61,2.08,6.17,3.86,5.06,2.23,4.7,3.89,ES,5.55,64,215,52.02,17.52,9.58,69,-0.85,84.44,1.52,26.68,17.64,50.55,22.28,46.99,38.85
394,PL014C1,Olsztyn,small,dwellings/ha,5.2,7.26,6.48,8.6,7.02,7.72,3.62,8.56,3.94,3.35,3.44,5.53,3.51,PL,5.55,64,216,52.01,18.95,12.92,86,0.52,85.15,4.58,51.26,18.23,33.48,34.4,55.26,35.11
395,RO010C1,Targu_Mures,small,dwellings/ha,6.84,7.5,5.38,9.7,6.73,8.86,0,9.19,4.31,2.7,2.25,3.01,4.13,RO,5.55,64,217,68.39,18.19,15.41,97,0.74,92.42,0,59.16,21.35,26.97,22.47,30.12,41.27
396,ES056C1,Viladecans,small,dwellings/ha,4.5,3.56,5.19,9.7,7.92,9.58,4.91,5.41,9.99,1.91,4.87,2.36,4.12,ES,5.54,65,218,45.01,31.06,15.82,97,-0.17,96.98,8.45,20.46,52.93,19.13,48.68,23.6,41.19
397,UK568C2,Cheshire_West_and_Chester,small,dwellings/ha,6.03,6.95,8.17,6.1,7.41,7.76,3.18,5.03,2.41,2.82,4.11,5.04,5.34,UK,5.54,65,219,60.27,19.97,9.13,61,0.22,85.41,3.55,17.68,9.31,28.2,41.15,50.35,53.38
398,NL010C2,Greater_Heerlen,small,dwellings/ha,6.13,3.95,6.19,8,7.36,8.99,4.91,5.62,3.44,2.99,2.4,4.38,5.7,NL,5.54,65,220,61.34,29.81,13.57,80,0.26,93.22,8.44,22.09,14.68,29.92,24.01,43.76,56.96
399,FR025C1,Besancon,small,dwellings/ha,6.9,7.65,6.66,6.1,6.39,6.97,1.42,7.07,1.76,4.1,2.81,4.89,5.82,FR,5.54,65,221,68.99,17.69,12.52,61,0.99,80.38,0.7,35.04,6.93,41.01,28.08,48.92,58.2
400,DE040C1,Saarbrucken,small,dwellings/ha,6.5,5.41,6.76,6.1,6.27,8.1,0.46,6.86,3.24,4.18,4.11,5.38,5.77,DE,5.54,65,222,64.96,25.02,12.29,61,1.09,87.58,0.08,32.93,13.48,41.83,41.11,53.82,57.74
401,ES042C1,Sant_Boi_de_Llobregat,small,dwellings/ha,4.56,3.36,5.2,9.9,8.02,9.65,3.3,5.26,9.99,2.46,6.37,4.3,2.71,ES,5.53,66,226,45.63,31.72,15.8,99,-0.25,97.42,3.81,19.37,46.33,24.64,63.72,42.96,27.06
402,UK551C1,Falkirk,small,dwellings/ha,5.98,7.61,9.13,4,7.44,7.68,2.04,6.12,2.61,3.98,1.12,6.59,5.12,UK,5.53,66,227,59.78,17.82,6.97,40,0.19,84.89,1.46,26.25,10.19,39.83,11.18,65.94,51.23
403,UK554C1,Maidstone,small,dwellings/ha,6.18,6.83,7.82,7.7,7.19,8.07,2.36,5.2,3.44,3.55,3.94,4.82,4,UK,5.53,66,228,61.78,20.38,9.9,77,0.38,87.39,1.95,18.91,14.7,35.46,39.41,48.18,40.04
404,DE538C1,Furth,small,dwellings/ha,6.42,5.37,6.44,9,7.14,8.57,1.68,6.78,3.9,3.42,3.55,4.68,4.06,DE,5.53,66,229,64.22,25.14,13.02,90,0.43,90.56,0.99,32.13,17.9,34.15,35.5,46.75,40.55
405,PT014C1,Viseu,small,dwellings/ha,7.99,8.23,8.23,0,6.89,4.95,1.56,4.13,0,8.18,1.31,7.99,6.18,PT,5.53,66,230,79.88,15.78,8.98,0,0.62,67.53,0.85,11.97,2.88,81.79,13.11,79.94,61.81
406,PL042C1,Chelm,small,dwellings/ha,5.6,7.65,5.54,8.7,7.41,7.56,3.35,7.15,2.76,3.56,2.93,4.37,4.87,PL,5.53,66,231,55.98,17.69,15.03,87,0.22,84.13,3.93,35.82,10.89,35.58,29.28,43.65,48.67
407,PL050C1,Zgierz,small,dwellings/ha,6.34,6.51,4.1,8.7,7.33,7.8,0.92,8.34,2.28,5.24,2.76,5.37,4.72,PL,5.53,66,232,63.37,21.42,18.29,87,0.28,85.68,0.3,48.7,8.79,52.38,27.6,53.65,47.17
408,PL020C1,Nowy_Sacz,small,dwellings/ha,6.4,7.49,5.44,7.5,7.11,8.11,2.44,6.97,2.02,4.86,3.1,4.86,4.44,PL,5.53,66,233,64.02,18.2,15.26,75,0.45,87.65,2.08,34.03,7.8,48.64,31.05,48.63,44.45
409,NL007C1,Groningen,small,dwellings/ha,5.28,5.44,6.82,8.6,7.05,7.96,6.34,6.4,4.45,2.38,3.03,3.95,4.8,NL,5.52,67,235,52.83,24.91,12.15,86,0.5,86.66,14.05,28.66,22.67,23.75,30.34,39.49,47.96
410,DE026C1,Trier,small,dwellings/ha,5.73,6.75,6.73,6.8,6.32,7.24,0.8,7.9,3.35,4.63,4.11,5.85,4.8,DE,5.52,67,236,57.32,20.65,12.36,68,1.05,82.08,0.22,43.66,14.12,46.28,41.09,58.54,48
411,PT503C1,Matosinhos,small,dwellings/ha,7.45,4.26,6,7.8,6.1,9.5,1.44,4.97,3.4,2.73,5.32,3.64,5.54,PT,5.52,67,237,74.53,28.78,14.01,78,1.22,96.46,0.72,17.29,14.46,27.35,53.21,36.44,55.37
412,PL049C1,Swidnica,small,dwellings/ha,5.59,6.89,4.51,9.2,7.29,8.54,3.25,8.65,3.96,2.91,2.8,4.04,4.49,PL,5.52,67,238,55.88,20.17,17.37,92,0.31,90.34,3.69,52.36,18.36,29.12,28.02,40.45,44.86
413,UK033C1,Guildford,small,dwellings/ha,6.7,6.95,8.32,5.2,7.31,5.55,2.1,6.19,1.33,5.45,2.43,5.22,5.64,UK,5.51,68,243,66.96,19.99,8.78,52,0.3,71.37,1.55,26.83,5.66,54.54,24.34,52.16,56.36
414,UK541C1,SouthendonSea,small,dwellings/ha,7.21,5.71,7.67,9.8,7.3,9.37,2.34,4.25,4.33,1.26,4.52,2.54,3.68,UK,5.51,68,244,72.1,24.05,10.25,98,0.3,95.65,1.92,12.65,21.49,12.63,45.19,25.36,36.82
415,NL018C1,Hilversum,small,dwellings/ha,6.69,3.31,6.65,8.9,6.98,8.5,6.77,5.25,4.3,2.43,2.89,2.58,5.09,NL,5.51,68,245,66.92,31.9,12.53,89,0.55,90.11,16.06,19.31,21.23,24.28,28.94,25.76,50.9
416,NL505C1,Maastricht,small,dwellings/ha,5.64,3.5,6.18,9.2,6.97,8.66,4.76,5.31,4.06,3.36,3.42,4.14,5.37,NL,5.51,68,246,56.41,31.27,13.6,92,0.56,91.15,7.93,19.77,19.18,33.65,34.24,41.4,53.7
417,DE515C1,Herne,small,dwellings/ha,6.36,2.3,6,9.7,7.12,8.86,1.01,7.23,3.98,2.8,4.13,3.94,5.72,DE,5.51,68,247,63.56,35.21,14,97,0.44,92.42,0.35,36.58,18.51,27.96,41.28,39.37,57.17
418,ES535C1,Alcobendas,small,dwellings/ha,4.77,2.31,6.56,9.8,8.1,9.45,3.15,6.77,4.91,3.94,4.12,4.39,4.41,ES,5.51,68,248,47.7,35.16,12.74,98,-0.31,96.17,3.47,32.07,27.48,39.43,41.18,43.91,44.07
419,SK003C1,Banska_Bystrica,small,dwellings/ha,5.9,7.9,5.28,6.8,6.34,8.05,1.75,6.6,2.85,3.83,4.06,5.99,5.01,SK,5.51,68,249,59.05,16.88,15.63,68,1.03,87.24,1.07,30.48,11.34,38.33,40.56,59.88,50.12
420,NL503C1,sHertogenbosch,small,dwellings/ha,5.46,3.8,6.27,8.8,7.06,8.14,6.19,6.47,3.49,3.47,2.32,4.65,5.24,NL,5.5,69,250,54.62,30.3,13.39,88,0.49,87.85,13.41,29.34,15.01,34.7,23.21,46.46,52.35
421,EL003C2,Patra,small,dwellings/ha,6.77,7.04,5.86,9.7,7.5,9.63,0.78,3.11,3.88,4.43,1.38,3.99,3.97,EL,5.5,69,251,67.66,19.68,14.33,97,0.15,97.3,0.21,6.77,17.73,44.32,13.79,39.89,39.67
422,CZ007C1,Liberec,small,dwellings/ha,6.64,7.02,5,8.4,6.59,7.72,2.01,5.91,2.77,4.16,3.01,4.09,5.33,CZ,5.5,69,252,66.35,19.76,16.25,84,0.84,85.16,1.41,24.49,10.96,41.65,30.11,40.89,53.26
423,FR084C1,Creil,small,dwellings/ha,6.13,5.53,6.35,9.5,6.47,9.09,2.45,6.24,4.13,2.44,3.8,3.06,4.94,FR,5.5,69,253,61.29,24.62,13.23,95,0.94,93.89,2.11,27.26,19.74,24.41,37.96,30.59,49.37
424,DE049C1,Ludwigsburg,small,dwellings/ha,6.42,4.43,6.25,9.1,7.34,8.59,1.6,6.88,4.44,2.67,3.8,4.45,4.33,DE,5.5,69,254,64.25,28.22,13.44,91,0.27,90.7,0.9,33.09,22.54,26.75,38.01,44.45,43.32
425,DE068C1,Sindelfingen,small,dwellings/ha,5.14,5.78,6.84,9,6.53,8.49,2.13,7.92,4.38,2.45,4.02,4.9,4.5,DE,5.5,69,255,51.39,23.8,12.11,90,0.89,90.04,1.59,43.86,21.95,24.46,40.18,49.01,45.04
426,PL509C1,Tychy,small,dwellings/ha,5.76,5.37,2.42,8.4,6.92,8.13,2.73,7.72,3.12,4.14,3.75,6.66,5.44,PL,5.5,69,256,57.62,25.17,22.07,84,0.59,87.73,2.6,41.75,12.76,41.36,37.45,66.62,54.36
427,PL017C1,Gorzow_Wielkopolski,small,dwellings/ha,5.29,6.94,6.96,7.4,7.28,7.35,1.83,7.7,3.09,4.08,2.82,5.9,4.63,PL,5.5,69,257,52.9,20.02,11.83,74,0.32,82.82,1.17,41.52,12.61,40.8,28.16,59,46.26
428,NL504C1,Amersfoort,small,dwellings/ha,5.97,3.07,6.64,9.6,7.06,9.07,5.93,5.98,4.32,2.18,2.94,2.5,5.27,NL,5.49,70,261,59.68,32.68,12.55,96,0.48,93.72,12.31,25,21.48,21.76,29.38,24.96,52.69
429,FR069C1,Cherbourg,small,dwellings/ha,6.29,6.53,7.09,8.6,7.13,7.87,3.26,5.63,2.47,3.8,2.87,4.17,4.41,FR,5.49,70,262,62.9,21.35,11.55,86,0.43,86.1,3.73,22.21,9.56,38.03,28.74,41.75,44.08
430,DE045C1,Iserlohn,small,dwellings/ha,6.04,4.96,6.7,6.8,7.04,6.77,3.1,6.26,2.89,3.99,4.27,5.92,5.3,DE,5.49,70,263,60.37,26.48,12.43,68,0.5,79.09,3.36,27.39,11.54,39.94,42.66,59.21,52.96
431,ES538C1,Avila,small,dwellings/ha,4.3,7.27,9.12,8.9,7.9,7.35,1.2,5.54,3.14,4.54,2.01,4.65,4.68,ES,5.48,71,267,42.97,18.93,6.98,89,-0.16,82.81,0.5,21.48,12.9,45.39,20.07,46.48,46.84
432,IT063C1,Molfetta,small,dwellings/ha,7.95,6.83,5.26,9.8,8.8,9.66,3.1,2.7,4.68,2,0.89,1.84,3.74,IT,5.48,71,268,79.52,20.38,15.68,98,-0.85,97.48,3.36,5.11,25.03,19.99,8.93,18.44,37.42
433,IT036C1,La_Spezia,small,dwellings/ha,7.67,5.48,5.17,8.5,6.18,9.08,3.02,4.38,4.09,3.18,2.02,4.04,4.7,IT,5.48,71,269,76.68,24.8,15.86,85,1.16,93.81,3.2,13.43,19.47,31.82,20.17,40.39,46.99
434,IT057C1,Avellino,small,dwellings/ha,8.87,5.7,5.03,0,7.07,9.71,0,3.27,3.14,4.64,0.3,4.96,8.19,IT,5.48,71,270,88.68,24.07,16.19,0,0.48,97.85,0,7.51,12.9,46.37,2.95,49.65,81.88
435,HR006C1,Pula__Pola,small,dwellings/ha,7.56,9.93,6.38,0,7.38,8.3,0.58,5.54,2.23,4.58,1.19,6.27,5.8,HR,5.48,71,271,75.59,10.22,13.15,0,0.24,88.85,0.12,21.5,8.61,45.79,11.94,62.68,58.01
436,AT003C1,Linz,small,dwellings/ha,5.65,3.81,6.16,8.8,6.64,8.95,2.38,9.25,3.84,2.51,3.65,4.15,5.13,AT,5.47,72,273,56.5,30.25,13.64,88,0.81,92.96,1.98,59.84,17.47,25.13,36.48,41.5,51.34
437,UK537C1,St_Helens,small,dwellings/ha,6.54,5.65,7.94,3.4,7.4,7.96,2.84,5.41,2.96,3.6,4.66,5.8,5.1,UK,5.47,72,274,65.41,24.23,9.63,34,0.22,86.68,2.82,20.48,11.89,35.98,46.59,58.02,50.97
438,UK549C1,Bedford,small,dwellings/ha,5.86,6.89,8.25,7.4,6.83,7.23,4.27,5.3,2.84,3.92,1.26,5.07,4.62,UK,5.47,72,275,58.62,20.19,8.93,74,0.66,82.06,6.37,19.64,11.3,39.24,12.56,50.72,46.24
439,UK575C1,Carlisle,small,dwellings/ha,5.15,8.71,8.85,6.8,7.12,7.14,2.22,4.91,3.23,3.99,4.36,4.53,4.09,UK,5.47,72,276,51.52,14.22,7.58,68,0.44,81.45,1.72,16.89,13.42,39.89,43.65,45.27,40.9
440,NL522C1,Assen,small,dwellings/ha,5.32,6.13,6.98,9.1,7.09,7.45,6.33,7.31,3.2,2.38,2.52,2.89,4.97,NL,5.47,72,277,53.18,22.66,11.8,91,0.46,83.46,14.03,37.38,13.24,23.78,25.19,28.91,49.69
441,FR221C1,CA_les_Portes_de_lEssonne,small,dwellings/ha,6.59,3.8,6.1,10,7.78,9.59,2.75,6.06,4.46,1.8,4.76,1.19,4.82,FR,5.47,72,278,65.88,30.3,13.79,100,-0.06,97.08,2.64,25.71,22.74,18.02,47.65,11.86,48.2
442,PL051C1,Tczew,small,dwellings/ha,4.97,7.14,6.4,7.9,7.37,8.76,4.24,8.36,4.19,2.79,3.66,3.85,3.67,PL,5.47,72,279,49.75,19.35,13.09,79,0.25,91.8,6.28,48.92,20.25,27.89,36.57,38.49,36.72
443,UK032C1,Thurrock,small,dwellings/ha,6.74,5.3,7.65,3.8,7.27,8.28,4.04,4.97,3.37,3.27,3.75,5.25,5.14,UK,5.46,73,282,67.42,25.38,10.3,38,0.32,88.7,5.7,17.32,14.25,32.65,37.55,52.45,51.43
444,UK540C1,Wycombe,small,dwellings/ha,6.43,6.82,8.24,5.4,6.93,7.49,1.09,6,2.94,5.17,1.55,4.74,5.08,UK,5.46,73,283,64.34,20.4,8.95,54,0.58,83.66,0.41,25.17,11.78,51.73,15.48,47.4,50.77
445,UK581C1,Rugby,small,dwellings/ha,5.9,6.79,8.35,6,7.21,6.93,3.26,5.68,2.17,3.39,3.29,5.36,5.12,UK,5.46,73,284,59.02,20.5,8.71,60,0.37,80.11,3.73,22.62,8.37,33.88,32.87,53.6,51.21
446,NL517C1,Hengelo,small,dwellings/ha,5.64,5.45,6.49,9,6.73,8.67,6.08,5.87,3.41,2.47,2.21,3.17,5.18,NL,5.46,73,285,56.39,24.89,12.9,90,0.74,91.21,12.93,24.13,14.47,24.7,22.12,31.74,51.82
447,CH003C1,Basel,small,dwellings/ha,5.42,3.53,6.26,10,7.41,9.51,2.29,8.1,5.57,1.97,5.61,1.29,4.66,CH,5.46,73,286,54.23,31.18,13.41,100,0.22,96.54,1.83,45.92,36.28,19.74,56.07,12.88,46.65
448,FR313C1,CA_Senart__Val_de_Seine,small,dwellings/ha,7.3,4.76,5.98,9.5,6.55,8.99,2.15,4.59,3.91,2.42,3.96,3.07,4.74,FR,5.46,73,287,73.04,27.15,14.05,95,0.87,93.21,1.62,14.75,18.02,24.17,39.63,30.7,47.39
449,DE524C1,Wurzburg,small,dwellings/ha,5.91,5.38,6.57,8.3,6.91,8.52,2.59,7.43,3.59,3.43,4.08,4.52,4.04,DE,5.46,73,288,59.09,25.13,12.72,83,0.6,90.26,2.34,38.67,15.66,34.29,40.76,45.16,40.43
450,DE531C1,Offenbach_am_Main,small,dwellings/ha,6.07,3.81,6.5,9.6,6.6,8.63,2.87,7.22,5.02,2.05,4.26,4.25,4.15,DE,5.46,73,289,60.72,30.27,12.88,96,0.84,90.98,2.88,36.45,28.79,20.52,42.64,42.46,41.51
451,ES035C1,Torrevieja,small,dwellings/ha,3.91,6.92,6.41,6.7,7.62,9.08,2.33,6.56,3.47,4.23,2.93,3.89,6.2,ES,5.46,73,290,39.14,20.08,13.08,67,0.05,93.8,1.9,30.15,14.85,42.34,29.31,38.91,61.95
452,PL043C1,Pabianice,small,dwellings/ha,6.89,6.21,4.28,9.3,7.14,7.86,2.28,8.14,3.01,4.28,3.05,4.13,3.75,PL,5.46,73,291,68.88,22.4,17.87,93,0.42,86.06,1.82,46.38,12.2,42.8,30.54,41.34,37.55
453,PL048C1,Leszno,small,dwellings/ha,5.22,6.88,5.77,8.5,7.04,9.15,1.86,6.88,3.04,1.66,3.61,3.82,5.93,PL,5.46,73,292,52.17,20.2,14.52,85,0.5,94.22,1.22,33.17,12.36,16.64,36.14,38.2,59.32
454,NL524C1,Veenendaal,small,dwellings/ha,5.04,4.63,6.68,9.5,7.3,9.27,7.43,5.15,4.33,1.82,1.76,2.89,5.14,NL,5.45,74,294,50.4,27.56,12.47,95,0.3,95.04,19.32,18.58,21.49,18.21,17.65,28.89,51.4
455,CZ004C1,Plzen,small,dwellings/ha,5.37,6.5,5.67,7,6.92,8.19,4.7,7.65,3.57,2.98,3,5.28,4.64,CZ,5.45,74,295,53.72,21.46,14.74,70,0.6,88.13,7.74,40.93,15.53,29.82,30.03,52.78,46.44
456,DE520C1,Oldenburg,small,dwellings/ha,6.3,6.18,6.66,9,7,8.3,3.83,6.46,3.2,2.11,3.34,2.49,4.83,DE,5.45,74,296,62.96,22.5,12.53,90,0.53,88.82,5.13,29.2,13.22,21.11,33.4,24.93,48.29
457,UK583C1,Kettering,small,dwellings/ha,5.81,7.26,8.35,6.2,7.08,7.96,0.82,6.04,3.56,3.32,3.86,4.64,4.49,UK,5.44,75,298,58.11,18.97,8.71,62,0.47,86.67,0.23,25.56,15.44,33.18,38.58,46.36,44.9
458,FR048C1,Annecy,small,dwellings/ha,7.14,5.86,6.75,7.8,6.38,8.43,2.34,5.87,2.85,2.53,3.73,3.64,4.82,FR,5.44,75,299,71.44,23.54,12.32,78,1.01,89.68,1.92,24.11,11.33,25.35,37.25,36.42,48.23
459,PL035C1,Inowroclaw,small,dwellings/ha,4.95,6.88,4.99,9.3,7.46,8.79,1.85,8.26,3.55,2.64,3.14,5.01,4.4,PL,5.44,75,300,49.49,20.2,16.27,93,0.18,91.94,1.2,47.76,15.41,26.36,31.42,50.1,43.97
460,SE501C1,Vasteras,small,dwellings/ha,4.02,8.97,9.46,7.2,7.05,5.58,8.92,4.31,2.45,6.43,1.92,4.47,3.23,SE,5.44,75,301,40.15,13.37,6.2,72,0.49,71.52,27.84,13.02,9.5,64.29,19.25,44.73,32.33
461,AT005C1,Innsbruck,small,dwellings/ha,6.92,5.33,6.28,8.9,0,8.03,3.55,6.81,4.38,3.35,4.75,3.74,6.08,AT,5.43,76,305,69.2,25.29,13.38,89,5.88,87.12,4.41,32.48,21.97,33.51,47.52,37.36,60.78
462,NL008C1,Enschede,small,dwellings/ha,5.83,5.21,6.4,7.9,6.67,8.31,5.04,6.5,3.7,2.78,2.33,3.75,5.17,NL,5.43,76,306,58.26,25.67,13.1,79,0.79,88.92,8.88,29.61,16.44,27.76,23.33,37.47,51.74
463,FR512C1,CA_des_Lacs_de_lEssonne,small,dwellings/ha,6.57,3.53,5.99,9.9,7.56,9.46,1.99,6.32,5.17,2.05,4.35,2.02,4.4,FR,5.43,76,307,65.73,31.17,14.02,99,0.11,96.22,1.39,27.94,30.68,20.53,43.48,20.19,44.05
464,FR051C2,Troyes,small,dwellings/ha,7.17,6.61,6.49,8.5,6.87,9.13,3.66,6.37,2.76,2.12,4.08,2.59,3.6,FR,5.43,76,308,71.74,21.11,12.91,85,0.63,94.15,4.69,28.39,10.89,21.15,40.76,25.89,36.03
465,DE059C1,Bayreuth,small,dwellings/ha,6.27,5.09,6.9,8.6,6.58,8.68,0.71,7.76,3.2,3.49,4.13,4.05,4.24,DE,5.43,76,309,62.73,26.07,11.98,86,0.86,91.26,0.18,42.16,13.25,34.92,41.27,40.5,42.35
466,DE513C1,Kassel,small,dwellings/ha,5.95,5.81,6.78,8.2,7.07,7.96,1.55,7.44,4.01,1.92,3.76,3.74,5.07,DE,5.43,76,310,59.5,23.71,12.25,82,0.48,86.67,0.84,38.74,18.74,19.17,37.63,37.41,50.72
467,ES530C1,Mataro,small,dwellings/ha,6.81,4.08,5.19,8.6,6.89,9.21,4.06,5.42,5.86,2.04,1.61,3.15,5,ES,5.43,76,311,68.14,29.36,15.82,86,0.62,94.61,5.78,20.54,40.98,20.35,16.13,31.51,49.97
468,FR308C1,Evry,small,dwellings/ha,6.2,3.69,5.94,7.9,7.59,9.02,3.41,6.93,4.41,2.94,4.12,3.87,4.26,FR,5.42,77,314,61.95,30.64,14.13,79,0.08,93.44,4.06,33.57,22.3,29.38,41.18,38.67,42.59
469,DE052C1,Flensburg,small,dwellings/ha,5.54,6.83,7.08,7.8,7.57,7.56,1.36,8.02,3.43,2.82,3.61,4.24,4.4,DE,5.42,77,315,55.38,20.36,11.58,78,0.1,84.12,0.65,44.99,14.63,28.17,36.08,42.41,43.98
470,RO009C1,Sibiu,small,dwellings/ha,7.28,7.24,6.67,9.7,6.48,9.62,1.06,5.13,4.35,1.14,2.93,2.01,4.03,RO,5.42,77,316,72.8,19.02,12.5,97,0.93,97.22,0.4,18.42,21.68,11.44,29.27,20.09,40.25
471,NL513C1,Deventer,small,dwellings/ha,5.17,5.1,6.49,8,6.96,7.45,5.55,5.8,3.72,3.9,2.44,4.67,4.94,NL,5.41,78,319,51.74,26.02,12.9,80,0.56,83.43,10.77,23.53,16.59,39.05,24.36,46.66,49.44
472,FR047C2,Annemasse,small,dwellings/ha,7.21,5.32,6.39,7.5,6.05,8.12,2,6.84,2.35,2.36,2.27,2.68,6.59,FR,5.41,78,320,72.09,25.3,13.13,75,1.26,87.68,1.4,32.8,9.08,23.55,22.73,26.83,65.93
473,DE537C1,Reutlingen,small,dwellings/ha,6.6,5.97,6.69,7.5,7.19,8.12,2.03,5.97,3.73,2.56,3.69,3.91,4.52,DE,5.41,78,321,66.01,23.2,12.45,75,0.39,87.67,1.44,24.95,16.67,25.62,36.89,39.11,45.15
474,DE517C1,Osnabruck,small,dwellings/ha,5.33,5.72,6.57,7.8,6.98,8.46,2.67,6.92,3.29,2.5,3.55,4.82,5.03,DE,5.4,79,323,53.32,24.01,12.72,78,0.55,89.84,2.49,33.51,13.75,25.02,35.47,48.25,50.27
475,IT520C1,Grosseto,small,dwellings/ha,6.06,7.03,6.2,7.9,7.09,8.15,3.28,4.19,2.68,4.01,0.14,4.48,5.43,IT,5.4,79,324,60.58,19.72,13.54,79,0.47,87.92,3.76,12.31,10.5,40.09,1.44,44.76,54.26
476,IT043C1,Varese,small,dwellings/ha,8.19,4.41,2.82,8.4,7.67,8.49,0.75,3.84,2.72,4.52,1.97,4.23,5.83,IT,5.4,79,325,81.91,28.3,21.17,84,0.02,90.07,0.2,10.3,10.69,45.18,19.66,42.3,58.31
477,IT052C1,Savona,small,dwellings/ha,7.26,4.75,4.15,9.4,4.89,9.54,2.59,5.45,4.42,3.08,2.17,3.37,5.36,IT,5.4,79,326,72.56,27.17,18.16,94,2.15,96.75,2.35,20.81,22.38,30.77,21.69,33.73,53.57
478,PT504C1,Gondomar,small,dwellings/ha,7.43,5.47,6.12,6.8,6.49,9.21,1.55,2.76,2.37,5.66,3.64,5.97,3.65,PT,5.4,79,327,74.29,24.81,13.74,68,0.92,94.64,0.84,5.33,9.14,56.6,36.44,59.72,36.49
479,SI002C1,Maribor,small,dwellings/ha,6.95,7.56,3.97,8,6.28,7.75,4.11,5.76,2.6,3.38,2.91,4.11,4.74,SI,5.4,79,328,69.54,18,18.58,80,1.08,85.37,5.9,23.22,10.17,33.79,29.15,41.13,47.45
480,PL506C1,BielskoBiala,small,dwellings/ha,6.62,7.42,3.54,8.2,7.15,7.73,2.18,7.29,1.98,4.63,2.08,2.93,5.52,PL,5.4,79,329,66.15,18.43,19.54,82,0.42,85.24,1.66,37.23,7.66,46.26,20.79,29.31,55.21
481,CZ012C1,Kladno,small,dwellings/ha,5.59,6.29,5.74,8.1,7.19,8.49,1.89,7.12,3.83,2.77,3.72,4.85,4.29,CZ,5.39,80,330,55.91,22.15,14.6,81,0.39,90.09,1.25,35.48,17.36,27.71,37.22,48.53,42.86
482,FR311C1,CA_du_Val_dOrge,small,dwellings/ha,6.74,4.43,6.02,9.3,7.54,9.45,2.13,5.41,3.87,2.29,3.76,3.08,4.22,FR,5.39,80,331,67.43,28.24,13.96,93,0.12,96.13,1.58,20.48,17.71,22.94,37.64,30.85,42.16
483,DE028C1,Regensburg,small,dwellings/ha,5.41,4.87,6.52,8.4,7.22,8.6,2.02,8.3,3.83,3.15,4.11,3.99,4.23,DE,5.39,80,332,54.14,26.77,12.83,84,0.36,90.75,1.43,48.27,17.41,31.54,41.11,39.92,42.32
484,DE054C1,Konstanz,small,dwellings/ha,5.63,7.29,6.78,7.6,6.63,7.05,2.35,7.39,4.54,3.4,3.72,3.54,4.21,DE,5.39,80,333,56.28,18.86,12.25,76,0.81,80.87,1.93,38.18,23.58,34.01,37.22,35.45,42.12
485,DE519C1,Leverkusen,small,dwellings/ha,6.17,2.95,6.1,8,7.23,7.96,2.83,7.09,3.65,3.12,3.31,4.96,5.16,DE,5.39,80,334,61.74,33.07,13.77,80,0.36,86.68,2.81,35.15,16.09,31.16,33.08,49.64,51.61
486,IT507C1,Ferrara,small,dwellings/ha,6.68,4.96,2.52,6,7.1,7.35,5.34,4.11,1.88,5.83,2.99,5.63,6.24,IT,5.39,80,335,66.77,26.49,21.84,60,0.45,82.79,9.97,11.85,7.33,58.28,29.86,56.31,62.39
487,UK040C1,Tunbridge_Wells,small,dwellings/ha,6.74,7.48,8.02,5.1,7.57,3.83,1.74,4.93,1.35,5.92,1.73,5.36,5.8,UK,5.38,81,338,67.44,18.24,9.46,51,0.1,60.42,1.06,17.01,5.72,59.17,17.25,53.6,57.96
488,UK034C1,Thanet,small,dwellings/ha,4.56,6.39,7.8,8.5,7.51,7.98,2.72,5.54,3.57,3.08,4.87,2.6,4.98,UK,5.38,81,339,45.61,21.81,9.95,85,0.14,86.78,2.59,21.51,15.53,30.78,48.74,26.04,49.84
489,UK036C1,Fareham,small,dwellings/ha,7.4,6.45,7.95,0,7.36,8.35,2.54,5.98,2.66,3.86,3.46,3.95,5.97,UK,5.38,81,340,73.96,21.6,9.61,0,0.26,89.19,2.27,25.03,10.43,38.55,34.57,39.53,59.69
490,FR304C1,Melun,small,dwellings/ha,7.02,5.16,6.44,8.7,6.76,8.61,2.71,5.6,3.08,3.34,3.61,2.78,4.21,FR,5.38,81,341,70.2,25.82,13.01,87,0.72,90.79,2.56,21.98,12.57,33.41,36.1,27.8,42.07
491,FR322C1,CA_Val_de_France,small,dwellings/ha,7.14,2.45,5.48,9.9,7.06,9.28,2.86,5.21,5.54,1.99,4.32,3.15,3.96,FR,5.38,81,342,71.43,34.72,15.18,99,0.49,95.09,2.87,19,35.83,19.91,43.16,31.46,39.58
492,PL516C1,Legnica,small,dwellings/ha,5.26,7.09,5,8.8,7.33,8.43,2.55,7.67,3.67,3.22,2.85,5.69,3.46,PL,5.38,81,343,52.63,19.52,16.27,88,0.28,89.66,2.28,41.15,16.2,32.15,28.49,56.93,34.57
493,FI003C1,Turku,small,dwellings/ha,3.82,8.02,8.98,5,7.21,7.2,7.5,7.99,4.02,2.13,5.55,3.64,3.76,FI,5.38,81,344,38.2,16.48,7.31,50,0.37,81.85,19.68,44.66,18.87,21.28,55.54,36.38,37.58
494,UK557C1,Blackburn_with_Darwen,small,dwellings/ha,5.76,5.94,8.69,9.2,7.15,8.25,2.79,4.9,3.44,3.34,1.13,3.96,3.93,UK,5.37,82,347,57.61,23.3,7.94,92,0.42,88.55,2.72,16.79,14.66,33.38,11.3,39.57,39.33
495,CZ006C1,Olomouc,small,dwellings/ha,5.5,6.12,3.42,8.4,7.06,8.52,2.92,7.76,3.15,3.69,3.19,5.17,4.71,CZ,5.37,82,348,54.96,22.68,19.81,84,0.49,90.28,2.98,42.15,12.97,36.87,31.89,51.7,47.06
496,FR058C2,Chambery,small,dwellings/ha,6.93,6.36,6.18,6.8,3.38,7.31,3.73,5.77,1.88,4.09,2.91,4.73,6.2,FR,5.37,82,349,69.25,21.91,13.6,68,3.3,82.55,4.86,23.31,7.33,40.94,29.06,47.33,61.98
497,FR323C1,CA_de_la_Vallee_de_Montmorency,small,dwellings/ha,6.58,2,5.44,9.8,7.53,9.55,2.39,4.97,4.36,3.06,4.02,2.74,5,FR,5.37,82,350,65.84,36.18,15.27,98,0.13,96.82,2,17.32,21.85,30.62,40.21,27.39,50
498,DE069C1,Rosenheim,small,dwellings/ha,7.06,7.2,6.51,0,7.04,7.63,1.12,6.71,3.47,3.33,3.68,6.99,5.59,DE,5.37,82,351,70.56,19.17,12.86,0,0.5,84.58,0.44,31.5,14.88,33.25,36.81,69.9,55.93
499,DE545C1,Erlangen,small,dwellings/ha,6.22,5.33,6.54,5.9,7.09,8.36,1.71,7.85,3.65,3.24,3.79,4.33,4.7,DE,5.37,82,352,62.22,25.27,12.78,59,0.46,89.22,1.02,43.18,16.1,32.35,37.89,43.29,47
500,IT017C1,Ancona,small,dwellings/ha,6.12,6.04,5.88,6,7.45,8.58,0.54,5.36,3.09,5.3,3.15,5.21,4.65,IT,5.37,82,353,61.17,22.95,14.28,60,0.19,90.64,0.1,20.13,12.61,52.96,31.45,52.11,46.49
501,IT026C1,Sassari,small,dwellings/ha,6.28,7.59,6.95,7.1,8.37,7.67,2.28,3.12,2.66,3.86,0.19,3.97,5.37,IT,5.37,82,354,62.84,17.88,11.86,71,-0.52,84.85,1.82,6.83,10.44,38.56,1.9,39.75,53.66
502,HR005C1,Split,small,dwellings/ha,3.71,8.04,7.29,9.2,5.74,9.34,0.59,6.72,4.42,4.01,3.35,3.16,4.73,HR,5.37,82,355,37.09,16.4,11.1,92,1.49,95.46,0.12,31.61,22.41,40.13,33.49,31.56,47.28
503,PL036C1,Ostrowiec_Swietokrzyski,small,dwellings/ha,5.12,7.55,3.94,8.4,7.17,8.24,2.09,7.51,2.41,4.29,3.74,5.69,4.15,PL,5.37,82,356,51.19,18.01,18.64,84,0.4,88.49,1.52,39.47,9.34,42.87,37.35,56.85,41.52
504,IE004C1,Galway,small,dwellings/ha,5.39,9.62,9.1,0,7.34,8.11,1.05,6.44,2.52,3.5,3.54,6.4,5.26,IE,5.37,82,357,53.95,11.26,7.03,0,0.27,87.61,0.39,29.03,9.79,34.98,35.39,63.95,52.55
505,UK055C1,Eastbourne,small,dwellings/ha,4.93,6.83,7.27,9.7,7.47,8.69,2.74,4.72,4.1,2.43,4.54,2.22,4.26,UK,5.36,83,358,49.33,20.37,11.14,97,0.18,91.34,2.63,15.62,19.55,24.26,45.35,22.25,42.56
506,DE525C1,Recklinghausen,small,dwellings/ha,6.5,2.96,6.04,8.3,7.12,8.31,1.11,6.93,3.3,3,3.23,4.81,5.33,DE,5.36,83,359,65.02,33.05,13.92,83,0.44,88.92,0.43,33.57,13.83,29.98,32.31,48.08,53.33
507,DE533C1,Pforzheim,small,dwellings/ha,6.43,5.75,6.57,6.5,6.63,7.78,0.97,6.4,4.04,2.98,4.6,5.02,4.43,DE,5.36,83,360,64.31,23.9,12.72,65,0.81,85.52,0.33,28.67,19.04,29.78,46.01,50.22,44.29
508,DE535C1,Gera,small,dwellings/ha,5.9,6.16,6.54,6.8,6.53,6.87,2.15,6.82,2.68,4.02,2.67,5.56,5.13,DE,5.36,83,361,59.01,22.56,12.78,68,0.89,79.74,1.62,32.57,10.5,40.18,26.74,55.56,51.25
509,IT029C1,Brescia,small,dwellings/ha,7.2,1.57,0,8.3,7.57,9.56,4.39,6.05,3.79,2.53,4.96,3.5,6.76,IT,5.36,83,362,71.99,37.6,27.51,83,0.1,96.89,6.75,25.62,17.06,25.34,49.57,35,67.59
510,PL046C1,Tomaszow_Mazowiecki,small,dwellings/ha,6.47,7.36,4.21,8,6.93,7.45,3.15,8.23,2.37,3.55,3.27,3.98,4.22,PL,5.36,83,363,64.68,18.63,18.02,80,0.59,83.47,3.46,47.37,9.17,35.51,32.73,39.83,42.15
511,BG006C1,Ruse,small,dwellings/ha,5.31,7.55,5.9,8.3,7.17,8.89,3.16,4.91,4.12,2.72,2.93,3.98,4.26,BG,5.36,83,364,53.07,18.01,14.23,83,0.4,92.63,3.5,16.85,19.65,27.17,29.29,39.76,42.58
512,SE007C1,Linkoping,small,dwellings/ha,4.28,9.63,9.32,5.5,7.02,4.56,2.27,8.13,2.5,5.95,1.98,5.53,4.11,SE,5.36,83,365,42.78,11.21,6.53,55,0.52,65.07,1.8,46.3,9.7,59.52,19.79,55.28,41.15
513,UK578C1,Gosport,small,dwellings/ha,7.29,6.56,7.89,0,7.45,8.68,3.82,5.03,4.01,2.58,5.07,3.24,5.35,UK,5.35,84,368,72.88,21.26,9.75,0,0.19,91.29,5.11,17.68,18.76,25.77,50.68,32.38,53.47
514,NL502C1,Zaanstad,small,dwellings/ha,5.29,3.73,6.63,8.6,7.08,7.31,5.47,6.29,3.97,4.07,2.57,4.23,4.59,NL,5.35,84,369,52.86,30.52,12.58,86,0.47,82.58,10.48,27.72,18.47,40.72,25.69,42.33,45.93
515,HU004C1,Pecs,small,dwellings/ha,6.05,8.15,4.6,7.9,6.95,8.86,1.82,6.57,3.19,4.54,3.15,2.23,4.34,HU,5.35,84,370,60.49,16.07,17.15,79,0.57,92.39,1.16,30.19,13.2,45.4,31.51,22.33,43.42
516,ES549C1,Valdemoro,small,dwellings/ha,3.79,5.23,6.81,9.9,8.58,8.43,1.46,6.03,5.53,2.08,4.15,4.84,4.06,ES,5.35,84,371,37.9,25.61,12.19,99,-0.67,89.66,0.74,25.47,35.72,20.84,41.46,48.39,40.57
517,IT013C1,Cremona,small,dwellings/ha,7.87,3.8,1,8.3,6.76,8.63,5.86,3.33,3.42,3.45,0.24,4.09,6.7,IT,5.35,84,372,78.66,30.29,25.26,83,0.72,90.96,12.03,7.74,14.58,34.54,2.45,40.92,66.96
518,RO506C1,Pitesti,small,dwellings/ha,7.38,7.12,5.7,9.4,7.21,9.22,1.22,4.5,4.63,2.93,1.18,3.01,3.16,RO,5.35,84,373,73.81,19.42,14.69,94,0.37,94.72,0.52,14.17,24.48,29.26,11.85,30.13,31.6
519,NL021C2,Greater_Nissewaard,small,dwellings/ha,5.7,4.35,6.37,5.3,7.11,7.22,6.7,5.94,3.51,4.18,2.45,4.32,5.47,NL,5.34,85,375,56.99,28.5,13.17,53,0.45,81.95,15.69,24.73,15.17,41.8,24.46,43.16,54.69
520,NL519C1,Almelo,small,dwellings/ha,5.15,5.54,6.57,8.7,7.06,8,5.95,5.59,3.3,2.67,2.49,3.89,4.66,NL,5.34,85,376,51.48,24.61,12.72,87,0.48,86.96,12.4,21.86,13.81,26.71,24.88,38.92,46.59
521,ES031C1,Lugo,small,dwellings/ha,6.11,7.82,7.46,6.1,6.35,5.58,1.33,7.46,1.67,5.67,2.3,5.23,4.61,ES,5.34,85,377,61.13,17.13,10.72,61,1.03,71.52,0.62,39.01,6.66,56.75,23,52.29,46.06
522,UK022C1,Wrexham,small,dwellings/ha,5.68,7.83,8.04,3.8,7.51,7.06,2.35,5.2,2.98,3.81,1.2,5.64,5.4,UK,5.33,86,378,56.79,17.11,9.42,38,0.14,80.98,1.93,18.9,12.04,38.13,12.05,56.39,53.99
523,NL511C1,Zwolle,small,dwellings/ha,5.08,5.3,6.58,7.1,6.79,7.98,5.42,6.27,3.77,3.33,2.41,4.57,4.83,NL,5.33,86,379,50.84,25.39,12.71,71,0.69,86.84,10.27,27.5,16.94,33.26,24.14,45.73,48.31
524,FR206C1,CA_de_SophiaAntipolis,small,dwellings/ha,7.53,6.61,6.51,5.5,6.45,8.72,2.4,4.09,1.58,5.68,2.34,3.88,4.39,FR,5.33,86,380,75.3,21.08,12.85,55,0.95,91.49,2.02,11.7,6.36,56.79,23.41,38.77,43.93
525,FR224C1,CA_le_Parisis,small,dwellings/ha,6.57,3.4,5.53,8.6,7.79,8.85,2.58,5.18,3.62,3.16,3.71,4.29,4.32,FR,5.33,86,381,65.68,31.58,15.05,86,-0.07,92.33,2.32,18.75,15.87,31.63,37.09,42.86,43.17
526,DE530C1,Remscheid,small,dwellings/ha,6.64,4.36,6.69,5.9,6.98,5.58,0.79,6.25,3.24,3.85,4.05,5.99,5.7,DE,5.33,86,382,66.43,28.44,12.45,59,0.55,71.55,0.22,27.36,13.49,38.49,40.45,59.89,57.03
527,ES548C1,Torrelavega,small,dwellings/ha,7.3,5.72,5.99,0,7.31,8.87,3.39,6.27,3.69,5.09,0.93,5.14,5.55,ES,5.33,86,383,73.01,24.02,14.03,0,0.29,92.44,4.01,27.51,16.37,50.89,9.31,51.4,55.55
528,BE007C1,Namur,small,dwellings/ha,6.52,6.03,6.54,5.6,6.86,5.39,3.16,4.72,1.32,7.42,2.96,6.08,4.56,BE,5.33,86,384,65.21,23.01,12.79,56,0.64,70.31,3.5,15.56,5.61,74.15,29.57,60.79,45.65
529,ES522C1,Cadiz,small,dwellings/ha,0,6.62,6.16,10,9.36,9.49,5.42,6.88,10,0.77,5.73,0.07,4.97,ES,5.32,87,385,0,21.05,13.65,100,-1.27,96.4,10.3,33.1,91.18,7.73,57.33,0.68,49.66
530,UK020C1,Gravesham,small,dwellings/ha,5.4,5.62,7.7,7.9,6.85,7.9,2.34,4.7,2.94,3.06,3.55,3.65,5.52,UK,5.32,87,386,53.97,24.33,10.18,79,0.64,86.33,1.92,15.44,11.78,30.6,35.52,36.46,55.2
531,UK562C1,Preston,small,dwellings/ha,5.73,5.9,8.29,9,7.12,8.26,2.99,4.97,3.15,3.21,1.37,3.72,4.11,UK,5.32,87,387,57.28,23.41,8.84,90,0.44,88.58,3.13,17.26,12.93,32.06,13.7,37.24,41.07
532,PT017C1,Paredes,small,dwellings/ha,8.39,6.85,6.6,0,7.57,8.29,0.62,2.05,0.7,8.04,0.62,8.52,4.43,PT,5.32,87,388,83.9,20.3,12.66,0,0.09,88.8,0.13,2.93,4.15,80.44,6.24,85.24,44.3
533,FR038C2,Le_Mans,small,dwellings/ha,5.72,6.54,6.82,8.1,6.49,8.9,2.61,5.95,2.93,2.19,3.32,3.14,4.92,FR,5.31,88,392,57.18,21.34,12.16,81,0.92,92.67,2.39,24.77,11.74,21.93,33.21,31.44,49.23
534,DE541C1,Bergisch_Gladbach,small,dwellings/ha,6.9,4.53,6.42,5.2,6.69,7.17,2.1,6.2,3.05,3.55,3.14,4.86,5.7,DE,5.31,88,393,69,27.91,13.05,52,0.77,81.64,1.54,26.93,12.37,35.53,31.43,48.6,57.04
535,RO011C1,Piatra_Neamt,small,dwellings/ha,7.11,8.23,6.81,8.9,6.15,8.15,0.55,6.84,3.47,2.97,1.07,4.4,2.68,RO,5.31,88,394,71.09,15.78,12.19,89,1.18,87.92,0.11,32.79,14.9,29.67,10.69,43.99,26.78
536,NL514C2,Greater_Alkmaar,small,dwellings/ha,5.5,5,6.82,5.4,7.05,7.47,6.27,5.6,3.33,3.71,2.18,4.89,5.09,NL,5.3,89,397,55.03,26.36,12.15,54,0.49,83.55,13.78,21.97,13.99,37.13,21.84,48.86,50.93
537,DE534C1,Ingolstadt,small,dwellings/ha,5.55,6.16,6.36,7.4,6.86,8.16,2.05,6.97,3.4,3.15,3.75,4.77,4.19,DE,5.3,89,398,55.48,22.57,13.19,74,0.64,87.94,1.47,34,14.42,31.48,37.52,47.72,41.87
538,DE511C1,Hagen,small,dwellings/ha,5.95,4,6.48,6.7,6.74,7.03,1.15,7.36,3.48,3.59,4.35,5.28,5.19,DE,5.3,89,399,59.5,29.62,12.93,67,0.73,80.79,0.47,37.95,14.97,35.94,43.5,52.77,51.87
539,ES525C1,Tarragona,small,dwellings/ha,4.87,4.95,5.43,6.2,7.33,9.14,2.51,6.53,4.81,4.34,4.77,4.21,4.42,ES,5.3,89,400,48.73,26.54,15.29,62,0.28,94.17,2.21,29.89,26.39,43.41,47.73,42.1,44.25
540,IT031C1,Foggia,small,dwellings/ha,5.59,6.82,5.1,9.6,8.03,9.41,3.33,3.22,4.8,2.23,2.15,1.18,5.01,IT,5.3,89,401,55.86,20.4,16.02,96,-0.25,95.91,3.88,7.28,26.33,22.31,21.48,11.84,50.08
541,IT040C1,Como,small,dwellings/ha,7.75,3,1.77,9,7.54,8.56,1,4.26,3.73,3.57,3.09,4.09,5.91,IT,5.3,89,402,77.51,32.89,23.52,90,0.12,90.47,0.35,12.7,16.65,35.68,30.85,40.95,59.07
542,PL033C1,Lubin,small,dwellings/ha,4.34,6.82,5.46,9.4,6.87,8.67,2.79,8.62,4.38,2.51,2.51,5.64,3.23,PL,5.3,89,403,43.45,20.41,15.23,94,0.63,91.18,2.72,52.02,22,25.08,25.13,56.4,32.32
543,PL034C1,Pila,small,dwellings/ha,5.09,8.13,6.67,8.1,6.57,8.19,3.11,7.15,3.22,3.89,3.81,4.5,2.71,PL,5.3,89,404,50.9,16.13,12.5,81,0.86,88.17,3.38,35.78,13.34,38.94,38.11,45,27.13
544,FI007C2,Lahti,small,dwellings/ha,4.27,9.33,9.65,4.7,7.38,2.89,9.36,5.51,1.96,4.54,3.9,4.75,4,FI,5.3,89,405,42.7,12.19,5.78,47,0.24,54.44,30.65,21.28,7.61,45.35,39.02,47.52,40.03
545,NL528C1,Greater_Heemskerk,small,dwellings/ha,4.84,4.55,6.63,7.9,7.18,7.91,5.34,5.76,3.97,3.66,1.77,4.76,4.64,NL,5.29,90,407,48.43,27.85,12.59,79,0.39,86.35,9.99,23.2,18.44,36.64,17.72,47.62,46.38
546,NL026C1,Alphen_aan_den_Rijn,small,dwellings/ha,5.01,4.58,6.63,6,7.11,7,6.31,6.38,2.95,5.1,1.73,5.42,4.8,NL,5.29,90,408,50.14,27.72,12.58,60,0.45,80.55,13.95,28.5,11.86,51.04,17.35,54.15,48.02
547,FR021C2,Poitiers,small,dwellings/ha,6.56,7.07,6.84,6.6,6.49,8.03,1.92,5.32,1.74,4.83,2.17,4.01,4.53,FR,5.29,90,409,65.65,19.57,12.11,66,0.92,87.11,1.3,19.84,6.88,48.3,21.72,40.05,45.29
548,DK003C1,Odense,small,dwellings/ha,5.45,7.58,7.16,5.5,7.09,6.66,4.91,5.96,2.11,3.99,1.5,4.98,4.94,DK,5.29,90,410,54.48,17.91,11.39,55,0.46,78.4,8.42,24.86,8.15,39.9,15.03,49.76,49.38
549,DE025C1,Darmstadt,small,dwellings/ha,5.79,4.72,6.46,7.4,6.25,8.7,2.43,8.04,4.3,2.37,2.77,4.34,4.56,DE,5.29,90,411,57.92,27.28,12.97,74,1.1,91.39,2.06,45.24,21.25,23.75,27.71,43.41,45.58
550,DE058C1,Luneburg,small,dwellings/ha,4.89,6.96,6.96,7.3,6.9,8.26,1.86,8.34,3.32,2.78,3.83,4.67,3.91,DE,5.29,90,412,48.93,19.93,11.83,73,0.61,88.59,1.21,48.66,13.96,27.78,38.3,46.73,39.15
551,IT033C1,Piacenza,small,dwellings/ha,7.24,4.38,1.72,8.5,6.72,9,4.7,4.83,3.62,2.47,1.27,2.91,6.54,IT,5.29,90,413,72.35,28.39,23.64,85,0.74,93.31,7.72,16.35,15.91,24.66,12.68,29.12,65.43
552,PL508C1,Rybnik,small,dwellings/ha,6.51,6.54,1.94,5.7,6.93,5.5,1.3,7.31,1.63,6.32,1.93,6.64,6.41,PL,5.29,90,414,65.12,21.33,23.13,57,0.59,71.06,0.59,37.44,6.53,63.21,19.3,66.37,64.1
553,NL516C1,Helmond,small,dwellings/ha,5.54,3.97,6.27,7.6,7.13,8.78,7.18,4.74,3.67,2.35,1.83,3.72,5.07,NL,5.28,91,419,55.42,29.74,13.39,76,0.43,91.9,18.06,15.71,16.2,23.46,18.31,37.2,50.68
554,EL006C2,Volos,small,dwellings/ha,7.16,7.13,4.5,8.2,7.51,9.65,2.76,2.44,3.98,3.15,3.36,2.9,3.44,EL,5.28,91,420,71.58,19.41,17.39,82,0.14,97.4,2.66,4.16,18.54,31.54,33.58,29.04,34.35
555,FR037C1,Brest,small,dwellings/ha,6.51,7.4,7.28,6.8,6.76,7.5,1.8,5.77,2.52,2.51,3.4,3.25,4.76,FR,5.28,91,421,65.08,18.52,11.11,68,0.72,83.76,1.13,23.29,9.8,25.14,34.01,32.47,47.62
556,DE539C1,Cottbus,small,dwellings/ha,5.51,6.99,6.05,6.7,7.23,8.46,1.69,8.52,2.85,2.49,2.89,3.49,4.92,DE,5.28,91,422,55.13,19.84,13.89,67,0.36,89.84,1,50.8,11.32,24.89,28.94,34.86,49.23
557,DE543C1,Witten,small,dwellings/ha,6.44,3.8,6.26,6.8,7.15,7.02,0.66,7.45,2.87,3.69,2.65,5.37,5.47,DE,5.28,91,423,64.39,30.28,13.42,68,0.42,80.7,0.15,38.82,11.43,36.89,26.55,53.7,54.67
558,ES059C1,Zamora,small,dwellings/ha,4.2,7.31,7.51,8.5,7.68,6.95,2.83,4.33,3.31,3.91,2.4,4.97,4.53,ES,5.28,91,424,42.05,18.79,10.6,85,0.02,80.23,2.8,13.11,13.88,39.1,24,49.69,45.32
559,IT035C1,Udine,small,dwellings/ha,4.8,5.23,3.17,7.5,7.18,9.45,3.57,5.36,3,3.27,4.79,3.76,6.31,IT,5.28,91,425,47.98,25.62,20.38,75,0.4,96.18,4.46,20.14,12.12,32.71,47.95,37.55,63.07
560,DE057C1,Giessen,small,dwellings/ha,5.24,4.86,6.9,8.6,6.86,8.3,0.75,7.47,3.74,2.82,3.58,4.7,4.36,DE,5.27,92,427,52.44,26.83,11.98,86,0.64,88.87,0.2,39.06,16.71,28.21,35.81,46.97,43.58
561,ES047C1,Rozas_de_Madrid_Las,small,dwellings/ha,7.87,4.24,6.89,0,8.08,8.4,2.77,5.25,3.18,3.91,2.87,4.61,5.74,ES,5.27,92,428,78.68,28.85,12,0,-0.3,89.45,2.68,19.33,13.09,39.09,28.67,46.13,57.41
562,IT037C1,Lecce,small,dwellings/ha,5.34,6.38,4.72,8.4,7.42,8.79,2.57,5.45,2.39,4.1,2.15,2.8,5.64,IT,5.27,92,429,53.41,21.86,16.89,84,0.21,91.99,2.32,20.78,9.25,41.03,21.46,28.03,56.45
563,NO005C1,Kristiansand,small,dwellings/ha,5.02,9.44,9.16,0,7.34,5.75,7.49,5.22,1.81,5.71,4.06,5.33,3.99,NO,5.27,92,430,50.16,11.82,6.9,0,0.28,72.62,19.64,19.06,7.09,57.1,40.6,53.33,39.85
564,UK553C1,Blackpool,small,dwellings/ha,5.49,6.82,8.39,9.7,7.54,9.3,1.54,4.17,4.14,1.43,1.32,1.97,4.35,UK,5.26,93,434,54.93,20.42,8.63,97,0.12,95.23,0.83,12.16,19.86,14.35,13.15,19.68,43.49
565,NL520C1,Lelystad,small,dwellings/ha,3.94,5.58,6.13,8.5,7.04,7.9,6.22,6.53,3.2,4.1,1.84,3.81,4.88,NL,5.26,93,435,39.38,24.47,13.72,85,0.5,86.33,13.54,29.89,13.21,40.96,18.42,38.09,48.76
566,DE540C1,Siegen,small,dwellings/ha,6.47,6.21,7.05,6,6.46,4.94,0.97,5.7,2.64,3.8,4.65,5.72,5.17,DE,5.26,93,436,64.7,22.39,11.64,60,0.94,67.46,0.33,22.76,10.32,38.03,46.47,57.16,51.69
567,HU010C1,Szombathely,small,dwellings/ha,5.79,7.78,4.59,8.3,6.92,8.93,4.64,5.32,3.06,3.21,3.37,1.92,4.16,HU,5.25,94,438,57.91,17.27,17.19,83,0.59,92.84,7.53,19.78,12.44,32.12,33.72,19.23,41.65
568,DE041C1,Potsdam,small,dwellings/ha,5.54,7,6.14,7.2,7.09,6.44,1.37,8.32,3.53,3.39,2.84,4.16,4.54,DE,5.25,94,439,55.4,19.8,13.7,72,0.47,76.99,0.65,48.45,15.26,33.88,28.37,41.6,45.43
569,DE532C1,Ulm,small,dwellings/ha,5.51,6.16,6.79,5.6,6.79,7.9,1.74,8.66,3.75,2.92,3.24,5.35,4.05,DE,5.25,94,440,55.09,22.56,12.24,56,0.69,86.3,1.06,52.5,16.81,29.18,32.39,53.54,40.47
570,DE542C1,Hildesheim,small,dwellings/ha,5.38,6.24,6.49,7.5,6.89,6.74,4.25,6.92,3.73,2.12,3.25,4.7,4.34,DE,5.25,94,441,53.79,22.31,12.9,75,0.62,78.92,6.31,33.54,16.68,21.21,32.48,46.97,43.36
571,ES046C1,Gandia,small,dwellings/ha,2.17,6.54,6.24,9.6,7.58,9.29,4.51,5.16,4.59,3.66,0.76,4.16,5.28,ES,5.25,94,442,21.7,21.32,13.47,96,0.09,95.14,7.13,18.63,24.06,36.56,7.58,41.59,52.81
572,IT503C1,Parma,small,dwellings/ha,6.28,4.36,2.28,7.7,7.27,8.67,5.94,4.59,2.62,4.07,1.19,4.67,5.72,IT,5.25,94,443,62.78,28.45,22.38,77,0.32,91.22,12.34,14.77,10.26,40.74,11.94,46.68,57.22
573,DE046C1,Esslingen_am_Neckar,small,dwellings/ha,6.26,4.89,6.42,6.8,6.68,8.56,0.65,7.22,4.07,3.51,3.62,4.64,3.83,DE,5.24,95,445,62.57,26.73,13.05,68,0.78,90.47,0.15,36.5,19.24,35.05,36.24,46.38,38.26
574,IT519C1,Arezzo,small,dwellings/ha,5.96,6.17,5.92,5.7,5.78,7.57,3.45,4.61,2.01,6.42,0.79,6.82,4.59,IT,5.24,95,446,59.57,22.54,14.19,57,1.46,84.2,4.18,14.91,7.76,64.24,7.87,68.16,45.93
575,IT521C1,Brindisi,small,dwellings/ha,6.31,6.37,5.14,7.7,8.1,9.16,1.62,4.65,3.89,4.86,4.14,2.6,2.99,IT,5.24,95,447,63.08,21.89,15.94,77,-0.31,94.3,0.91,15.1,17.84,48.64,41.36,26.01,29.9
576,SE008C1,Orebro,small,dwellings/ha,3.84,9.11,9.59,7,7.07,4.57,7.07,5.27,2.03,5.14,1.76,4.58,3.58,SE,5.24,95,448,38.38,12.93,5.92,70,0.48,65.15,17.49,19.45,7.85,51.43,17.57,45.78,35.75
577,SE503C1,Helsingborg,small,dwellings/ha,4.59,6.71,8.23,7,7.08,5.25,4.97,7.53,2.31,3.69,2.17,5.5,4.33,SE,5.24,95,449,45.92,20.75,8.98,70,0.47,69.45,8.63,39.73,8.92,36.92,21.72,55.01,43.34
578,SE502C1,Norrkoping,small,dwellings/ha,3.73,9.06,9.14,6.6,7.11,4.91,6.34,6.18,2.37,6.02,1.76,4.6,3.28,SE,5.24,95,450,37.33,13.06,6.93,66,0.45,67.3,14.07,26.7,9.17,60.23,17.57,46,32.83
579,NL014C1,Apeldoorn,small,dwellings/ha,5.33,5.17,6.5,7.7,6.31,7.34,6.13,5.7,2.78,3.64,1.8,3.78,5.1,NL,5.23,96,456,53.26,25.8,12.89,77,1.06,82.75,13.16,22.72,10.98,36.41,18,37.81,50.96
580,DE022C1,Mulheim_adRuhr,small,dwellings/ha,6.13,2.47,6.01,8.3,6.86,8.82,1.69,7.46,3.74,2.52,3.25,3.4,5.32,DE,5.23,96,457,61.27,34.66,13.98,83,0.64,92.17,1,39,16.75,25.19,32.46,34.02,53.22
581,DE544C1,Zwickau,small,dwellings/ha,5.98,6.76,6.61,5.8,6.67,6.9,2.72,6.69,2.55,3.48,2.72,4.78,4.76,DE,5.22,97,462,59.77,20.6,12.62,58,0.78,79.96,2.58,31.35,9.92,34.85,27.25,47.8,47.63
582,ES044C1,Pontevedra,small,dwellings/ha,7.11,6.95,7.42,0,6.93,6.85,1.77,4.58,1.52,7.8,0.4,6.76,5.03,ES,5.22,97,463,71.06,19.97,10.81,0,0.58,79.61,1.1,14.72,6.2,77.97,3.97,67.64,50.31
583,ES028C1,Reus,small,dwellings/ha,4.15,5.22,6.08,8.8,7.63,8.82,3.36,5.13,4.95,3.26,3.04,3.93,4.18,ES,5.22,97,464,41.48,25.65,13.82,88,0.05,92.16,3.96,18.4,27.94,32.55,30.43,39.31,41.8
584,IT039C1,Pesaro,small,dwellings/ha,6.1,6.26,5.36,7.5,7.46,8.49,3.56,4.22,3.05,4.47,0.62,4.74,3.99,IT,5.22,97,465,60.97,22.25,15.44,75,0.18,90.08,4.44,12.47,12.37,44.7,6.18,47.36,39.93
585,DE044C1,Kaiserslautern,small,dwellings/ha,5.03,5.85,7,6.7,6.23,7.57,2.71,6.84,3.34,3.83,4.06,5.47,3.89,DE,5.21,98,468,50.35,23.58,11.76,67,1.12,84.17,2.58,32.79,14.07,38.33,40.61,54.69,38.91
586,PT003C1,Braga,small,dwellings/ha,6.82,5.79,7.09,6,6.35,8.76,1.32,4.59,1.68,4.4,1.6,5.26,4.44,PT,5.21,98,469,68.24,23.77,11.55,60,1.03,91.76,0.61,14.74,6.69,44.01,15.98,52.61,44.45
587,DE031C1,Schwerin,small,dwellings/ha,4.78,7.87,6.98,5.9,7.46,6.18,2.85,8.36,3.28,3.53,3.01,4.21,4.16,DE,5.2,99,473,47.78,16.96,11.81,59,0.18,75.39,2.85,48.96,13.7,35.29,30.1,42.06,41.62
588,ES514C1,Almeria,small,dwellings/ha,4.49,6.83,6.71,6.8,8.36,9.17,4.17,4.32,4.46,4.59,1.94,3.09,3.46,ES,5.2,99,474,44.86,20.37,12.41,68,-0.51,94.37,6.07,13.04,22.77,45.9,19.41,30.91,34.56
589,PL044C1,Glogow,small,dwellings/ha,3.97,6.84,5.76,9.5,7.38,8.99,3.16,8.39,4.27,2.65,3.81,5.36,1.97,PL,5.2,99,475,39.66,20.34,14.55,95,0.24,93.24,3.49,49.27,20.98,26.55,38.12,53.57,19.7
590,NL015C1,Leeuwarden,small,dwellings/ha,4.32,6.22,6.82,7.4,6.6,8.66,5.99,7.22,3.64,2.38,2.7,2.92,4.38,NL,5.19,100,477,43.23,22.38,12.16,74,0.84,91.13,12.56,36.44,16,23.75,27.02,29.24,43.78
591,ES528C1,Lleida,small,dwellings/ha,4.47,6.24,5.24,7.9,6.7,7.71,4.62,5.03,3.95,5.22,2.45,5.43,3.63,ES,5.19,100,478,44.74,22.32,15.72,79,0.76,85.08,7.46,17.73,18.28,52.18,24.54,54.3,36.33
592,RO510C1,Botosani,small,dwellings/ha,6.96,7.2,6.41,9.4,7.61,9.56,0,5.02,4.53,2.44,0.93,2.48,2.55,RO,5.19,100,479,69.65,19.16,13.09,94,0.07,96.85,0,17.63,23.47,24.4,9.34,24.79,25.53
593,NL028C1,Bergen_op_Zoom,small,dwellings/ha,5.08,3.95,6.33,8.3,7.04,6.27,5.85,4.73,3.04,4.46,1.76,5.2,4.78,NL,5.18,101,484,50.76,29.79,13.25,83,0.5,75.95,11.97,15.66,12.31,44.57,17.56,51.99,47.77
594,FR211C1,Versailles,small,dwellings/ha,5.91,2.85,5.92,8,7.32,8.62,2.75,6.85,4.32,2.79,4.42,3.42,4.03,FR,5.18,101,485,59.11,33.4,14.19,80,0.28,90.89,2.65,32.8,21.45,27.86,44.23,34.21,40.32
595,FR505C1,CharlevilleMezieres,small,dwellings/ha,6.32,7.31,6.85,0,6.76,7.81,3.89,5.68,2.33,4.74,2.68,5.04,5.45,FR,5.18,101,486,63.18,18.8,12.09,0,0.71,85.72,5.3,22.55,9.01,47.4,26.85,50.41,54.5
596,PL504C1,Zabrze,small,dwellings/ha,5.47,4.81,2.18,7.7,7.23,7.14,1.63,7.68,3.68,4.22,2.8,6.92,4.82,PL,5.18,101,487,54.66,26.97,22.61,77,0.36,81.48,0.93,41.31,16.27,42.2,28.02,69.2,48.21
597,BG013C1,Yambol,small,dwellings/ha,4.84,7.49,6.56,9.5,7.34,9.1,0,3.68,5.05,2.57,3.82,3.2,3.49,BG,5.18,101,488,48.4,18.22,12.75,95,0.27,93.96,0,9.46,29.17,25.71,38.22,31.97,34.91
598,SK004C1,Nitra,small,dwellings/ha,6.13,7.49,4.58,8.4,7.22,8.68,1.49,6.55,2.21,3.12,3.21,5.16,2.97,SK,5.18,101,489,61.28,18.2,17.21,84,0.37,91.27,0.78,30,8.5,31.21,32.1,51.55,29.68
599,UK542C1,Telford_and_Wrekin,small,dwellings/ha,6.03,7.04,8.21,0,7.3,8.39,4.18,4.81,3.16,4.33,1.36,5.47,4.77,UK,5.17,102,491,60.33,19.69,9.03,0,0.3,89.44,6.12,16.16,13.03,43.27,13.59,54.65,47.7
600,DE528C1,Bottrop,small,dwellings/ha,5.76,3.44,6.06,7.3,6.71,7.4,1.13,6.58,3.01,3.85,3.07,5.21,5.32,DE,5.17,102,492,57.65,31.48,13.88,73,0.75,83.1,0.45,30.32,12.2,38.51,30.68,52.13,53.18
601,IT030C1,Modena,small,dwellings/ha,6.18,2.29,2.75,8,6.87,8.79,4.86,5.18,3.07,3.48,3.58,4.42,5.66,IT,5.17,102,493,61.83,35.22,21.33,80,0.63,91.94,8.25,18.81,12.52,34.84,35.81,44.15,56.6
602,IT508C1,Rimini,small,dwellings/ha,5.78,5.61,4.96,7.2,7.82,8.97,3.96,3.74,2.63,3.87,1.81,4.04,4.69,IT,5.17,102,494,57.75,24.36,16.35,72,-0.1,93.13,5.48,9.77,10.27,38.67,18.08,40.36,46.85
603,DE023C1,Moers,small,dwellings/ha,6.11,3.29,5.97,8.1,7.26,8.37,1.38,6.59,3.19,2.96,2.29,4.98,4.56,DE,5.16,103,496,61.09,31.96,14.08,81,0.33,89.3,0.66,30.4,13.17,29.57,22.88,49.85,45.56
604,DE527C1,Bremerhaven,small,dwellings/ha,5.11,6.41,6.53,9.2,7.17,8.64,1.41,6.11,3.76,1.59,3.11,4.42,3.61,DE,5.16,103,497,51.05,21.76,12.81,92,0.4,90.98,0.69,26.11,16.83,15.87,31.09,44.21,36.11
605,PT006C1,Setubal,small,dwellings/ha,6.16,5.84,6.4,7.3,6.99,8.74,1.92,4.4,2.56,3,3.63,4.53,4,PT,5.16,103,498,61.56,23.61,13.1,73,0.54,91.63,1.3,13.53,9.96,30,36.29,45.33,39.95
606,NO003C1,Trondheim,small,dwellings/ha,4.1,9.28,9.54,4.3,6.41,3.61,7.03,6.33,3.2,4.44,3.73,5.51,3.18,NO,5.16,103,499,41.03,12.37,6.03,43,0.99,59.01,17.31,28.07,13.26,44.43,37.35,55.1,31.76
607,NL020C1,Roosendaal,small,dwellings/ha,5.06,3.52,6.32,7.5,6.85,7.51,6.5,5.63,2.75,4.58,1.69,3.81,4.96,NL,5.15,104,501,50.59,31.2,13.28,75,0.64,83.8,14.78,22.18,10.84,45.81,16.88,38.05,49.58
608,FR053C1,La_Rochelle,small,dwellings/ha,5.61,7.47,6.87,5.1,7.44,7.8,3.7,5.59,2.03,2.78,2.8,4.91,4.18,FR,5.15,104,502,56.15,18.27,12.04,51,0.2,85.64,4.8,21.9,7.84,27.84,28.05,49.09,41.78
609,FR310C1,CA_de_Seine_Essonne,small,dwellings/ha,7.07,4.63,6.04,7.5,6.27,8.58,3.48,5.17,3.32,3.16,3.72,2.66,3.68,FR,5.14,105,507,70.72,27.58,13.91,75,1.09,90.61,4.25,18.69,13.93,31.56,37.18,26.61,36.79
610,IT502C1,Prato,small,dwellings/ha,3.8,3.65,4.95,7.5,7.46,9.57,4.78,4.45,3.85,3.94,4.92,4.62,4.68,IT,5.14,105,508,37.96,30.79,16.36,75,0.18,96.95,8.01,13.87,17.5,39.39,49.24,46.22,46.84
611,UK053C1,Hartlepool,small,dwellings/ha,5.29,7.26,8.47,8.3,7.41,8.48,2.64,3.97,3.49,1.65,1.12,3.81,3.61,UK,5.13,106,513,52.87,18.96,8.45,83,0.22,90,2.43,11.04,14.98,16.52,11.22,38.15,36.13
612,FR014C2,Amiens,small,dwellings/ha,5.63,5.7,6.47,7.9,6.59,8.22,1.81,5.32,3.03,4.36,1.43,4.32,4.09,FR,5.13,106,514,56.34,24.07,12.95,79,0.84,88.36,1.15,19.83,12.28,43.58,14.29,43.24,40.94
613,DE548C1,Duren_Stadt,small,dwellings/ha,5.4,5.99,6.46,6.2,7.12,8.24,1.1,5.65,3.39,2.93,3.64,4.97,4.38,DE,5.13,106,515,54.03,23.11,12.97,62,0.44,88.44,0.43,22.33,14.38,29.25,36.38,49.71,43.79
614,UK544C1,Chelmsford,small,dwellings/ha,6.8,6.38,7.9,0,6.96,6.96,3.6,5.74,2.04,4.21,2.82,4.99,5.23,UK,5.12,107,518,68,21.84,9.72,0,0.56,80.34,4.55,23.02,7.9,42.05,28.18,49.91,52.28
615,FR079C2,SaintQuentin,small,dwellings/ha,6.29,6.01,6.58,8.1,6.64,8.31,1.52,4.56,2.21,3.76,2.18,3.73,4.11,FR,5.12,107,519,62.92,23.04,12.7,81,0.81,88.91,0.81,14.57,8.51,37.57,21.8,37.35,41.06
616,ES537C1,Alcoy,small,dwellings/ha,3.76,7.5,7.75,8.3,6.2,7.82,3.06,4.63,4,5.35,2.34,4.06,3.28,ES,5.12,107,520,37.55,18.19,10.05,83,1.14,85.82,3.27,14.98,18.73,53.45,23.36,40.64,32.82
617,PL038C1,Stargard_Szczecinski,small,dwellings/ha,4.08,7.38,6.97,9.1,7.22,8.06,2.21,8.36,3.63,2.7,3.16,4.47,2.38,PL,5.12,107,521,40.76,18.58,11.83,91,0.36,87.33,1.71,48.87,15.98,26.99,31.62,44.72,23.84
618,PL045C1,Stalowa_Wola,small,dwellings/ha,4.2,7.71,4.85,7.9,6.81,7.57,3.95,7.56,3.5,3.7,3.58,5,3.12,PL,5.12,107,522,41.96,17.49,16.59,79,0.68,84.18,5.47,39.98,15.05,36.99,35.78,49.98,31.22
619,PL507C1,Ruda_Slaska,small,dwellings/ha,5.28,4.75,2.09,5.7,7.18,7.36,2.49,8.57,3.02,4.95,2.13,7.51,4.85,PL,5.12,107,523,52.82,27.19,22.81,57,0.4,82.89,2.18,51.41,12.21,49.49,21.32,75.07,48.54
620,PL016C1,Opole,small,dwellings/ha,5.27,5.9,3.3,7.4,7.22,7.84,1.64,6.39,2.74,5.07,3.22,5.66,4.28,PL,5.12,107,524,52.69,23.41,20.08,74,0.37,85.9,0.94,28.56,10.79,50.67,32.24,56.6,42.8
621,ES075C1,Mollet_del_Valles,small,dwellings/ha,6.31,0.66,4.85,0,7.34,9.61,2.93,8.63,9.99,1.22,5,3.78,5.22,ES,5.11,108,527,63.06,40.57,16.59,0,0.27,97.16,3,52.16,48.92,12.22,50,37.8,52.23
622,UK045C1,Worthing,small,dwellings/ha,4.15,6.56,7.64,9.7,7.09,9.56,2.13,4.15,4,1.39,5.27,1.33,4.11,UK,5.11,108,528,41.49,21.25,10.32,97,0.46,96.84,1.59,12.05,18.67,13.86,52.71,13.33,41.11
623,HU007C1,Gyor,small,dwellings/ha,5.77,7.03,4.53,6.7,7.23,7.86,4.89,4.42,2.77,3.87,2.72,4.62,3.67,HU,5.11,108,529,57.73,19.73,17.31,67,0.36,86.04,8.36,13.68,10.95,38.69,27.18,46.22,36.69
624,FR305C1,Meaux,small,dwellings/ha,6.09,5.67,6.35,7.4,6.59,7.75,3.22,4.86,2.68,4.52,2.99,4.45,3.28,FR,5.11,108,530,60.93,24.16,13.21,74,0.85,85.36,3.63,16.53,10.53,45.21,29.93,44.48,32.77
625,DE062C1,Bamberg,small,dwellings/ha,5.94,5.41,6.63,9.2,6.25,9.1,0.5,7.1,3.49,2.57,4.42,2.56,3.24,DE,5.11,108,531,59.36,25.02,12.58,92,1.1,93.93,0.09,35.24,15.04,25.74,44.21,25.6,32.42
626,IT032C1,Salerno,small,dwellings/ha,5.97,5.13,4.7,8.9,7.22,9.74,1.43,3.75,4.23,2.88,0.4,3.64,4.75,IT,5.11,108,532,59.69,25.92,16.94,89,0.36,98.03,0.72,9.84,20.6,28.77,4.04,36.4,47.49
627,IT516C1,Novara,small,dwellings/ha,6.53,3.3,1.69,8.9,6.23,8.85,3.5,4.39,4.4,2.28,4.46,3.85,5.36,IT,5.11,108,533,65.29,31.91,23.71,89,1.12,92.36,4.29,13.49,22.22,22.84,44.61,38.51,53.63
628,FR065C2,Bourges,small,dwellings/ha,6.27,7.73,6.71,5.5,7.08,7.25,2.65,4.79,1.44,3.22,2.57,5.37,3.92,FR,5.1,109,538,62.7,17.43,12.41,55,0.47,82.15,2.46,16.08,5.97,32.2,25.67,53.65,39.17
629,DE042C1,Koblenz,small,dwellings/ha,5.33,4.73,6.71,7.5,6.61,7.44,1.26,7.17,3.44,3.3,3.98,4.19,4.3,DE,5.1,109,539,53.29,27.26,12.41,75,0.83,83.36,0.56,35.99,14.67,32.97,39.8,41.89,43.02
630,ES062C1,Sanlucar_de_Barrameda,small,dwellings/ha,5.18,8.38,6.7,8.8,10,8.12,2.22,3.23,3.38,4.23,0.03,3.47,2.14,ES,5.1,109,540,51.85,15.32,12.42,88,-1.76,87.73,1.72,7.28,14.29,42.27,0.34,34.65,21.45
631,PL515C1,Chorzow,small,dwellings/ha,4.98,3.77,1.87,8.8,6.85,9.2,2.46,8.45,4.53,2.46,4.07,5.41,4.3,PL,5.1,109,541,49.82,30.4,23.31,88,0.65,94.55,2.12,50.04,23.44,24.63,40.7,54.12,42.97
632,BE011C1,Oostende,small,dwellings/ha,4.86,4.74,6.41,7.8,7.73,8.39,5.84,5.42,3.83,2.63,3.58,3.23,3.51,BE,5.1,109,542,48.64,27.21,13.09,78,-0.02,89.45,11.93,20.59,17.39,26.26,35.85,32.3,35.07
633,FR050C2,Montbeliard,small,dwellings/ha,7.01,7.4,6.39,0,6.36,7.84,2.82,5.34,1.82,3.67,2.92,5.95,5.18,FR,5.09,110,549,70.06,18.49,13.13,0,1.02,85.93,2.78,19.95,7.13,36.68,29.25,59.52,51.82
634,DE043C1,Rostock,small,dwellings/ha,4.5,7.52,6.87,4,6.88,7.67,2.02,9.24,4.11,2.23,2.41,5.23,4.32,DE,5.09,110,550,44.97,18.12,12.05,40,0.63,84.85,1.43,59.76,19.61,22.34,24.06,52.27,43.19
635,ES063C1,Vilanova_i_la_Geltru,small,dwellings/ha,6.83,5.65,5.97,0,7.27,7.62,3.25,7.87,3.66,4.79,2.94,5.32,3.97,ES,5.09,110,551,68.28,24.23,14.07,0,0.32,84.53,3.7,43.34,16.19,47.94,29.37,53.23,39.7
636,IT021C1,Caserta,small,dwellings/ha,6.65,3.93,4.11,8.4,6.17,9.74,1.99,3.89,3.82,4.19,0.4,4.48,4.45,IT,5.09,110,552,66.49,29.88,18.26,84,1.17,98.02,1.39,10.61,17.29,41.91,4.02,44.8,44.53
637,PT508C1,Vila_Franca_de_Xira,small,dwellings/ha,7.39,5.48,6.9,0,6.36,8.92,1.83,4.59,2.89,3.36,4.07,4.77,5.38,PT,5.09,110,553,73.9,24.78,11.98,0,1.02,92.78,1.17,14.74,11.55,33.56,40.68,47.66,53.82
638,UK543C1,North_East_Lincolnshire,small,dwellings/ha,3.91,7.3,8.57,6.9,7.28,8.36,2.81,4.34,3.39,2.92,4.34,4.1,3.43,UK,5.08,111,556,39.09,18.83,8.21,69,0.32,89.25,2.77,13.2,14.38,29.17,43.35,41.03,34.32
639,DE521C1,Neuss,small,dwellings/ha,5.15,3.5,6.12,6.7,7.24,8.28,1.44,8.05,3.77,3.08,3.02,5.08,4.36,DE,5.08,111,557,51.46,31.26,13.74,67,0.35,88.71,0.73,45.31,16.93,30.81,30.17,50.82,43.56
640,ES039C1,Aviles,small,dwellings/ha,4.52,5.99,5.62,8.8,6.96,8.48,2.05,5.55,4.66,3.34,2.76,5,3.14,ES,5.08,111,558,45.22,23.12,14.86,88,0.56,89.97,1.48,21.58,24.81,33.35,27.64,50.02,31.43
641,IT044C1,Busto_Arsizio,small,dwellings/ha,7.2,2.78,1.22,9.5,7.33,9.8,2.72,3.99,3.87,1.97,2.43,2.84,5.62,IT,5.08,111,559,72.03,33.64,24.76,95,0.28,98.39,2.59,11.13,17.71,19.73,24.31,28.45,56.17
642,BE006C1,Brugge,small,dwellings/ha,4.76,4.7,6.14,7.9,6.87,8.24,5.87,4.8,2.49,3.83,3.02,3.74,4.28,BE,5.08,111,560,47.62,27.34,13.68,79,0.63,88.49,12.05,16.14,9.67,38.35,30.25,37.44,42.78
643,RO509C1,Satu_Mare,small,dwellings/ha,6.61,8.23,5.68,8.8,7,8.51,1.7,4.44,2.94,3.21,0.98,3.72,2.53,RO,5.08,111,561,66.13,15.8,14.71,88,0.53,90.21,1.02,13.8,11.82,32.11,9.84,37.18,25.32
644,NL012C1,Breda,small,dwellings/ha,4.71,3.42,6.38,6.6,6.8,7.9,5.98,5.23,3.28,3.65,1.87,3.98,5.4,NL,5.07,112,564,47.07,31.54,13.14,66,0.69,86.27,12.53,19.16,13.69,36.54,18.69,39.76,54
645,DE051C1,VillingenSchwenningen,small,dwellings/ha,6.23,7.68,7.2,0,6.56,6.86,2.45,7.09,3.09,3.79,3.33,4.88,4.92,DE,5.07,112,565,62.31,17.61,11.3,0,0.86,79.69,2.09,35.15,12.58,37.93,33.27,48.77,49.19
646,DE549C1,Bocholt_Stadt,small,dwellings/ha,5.45,4.88,6.26,8.1,6.83,8.06,1.87,7.76,2.8,2.6,2.82,4.47,3.91,DE,5.07,112,566,54.47,26.77,13.43,81,0.66,87.31,1.22,42.18,11.1,26.04,28.22,44.67,39.14
647,IT514C1,Vicenza,small,dwellings/ha,6.71,4.27,0.43,7.8,7.05,8.58,3.12,4.57,2.74,4.52,2.46,4.68,5.39,IT,5.07,112,567,67.05,28.75,26.54,78,0.49,90.64,3.4,14.62,10.79,45.18,24.6,46.75,53.89
648,PT016C1,Viana_do_Castelo,small,dwellings/ha,7.82,7.64,7.1,0,7.59,6.47,0.88,3.17,0.22,6.75,0.27,7.42,4.63,PT,5.07,112,568,78.18,17.73,11.53,0,0.08,77.23,0.27,7.04,3.23,67.54,2.66,74.23,46.32
649,SE005C1,Umea,small,dwellings/ha,3.54,10,10,5,7.15,2.96,7.53,5.55,1.38,5.7,1.93,5.2,3.23,SE,5.07,112,569,35.42,9.51,4.95,50,0.42,54.89,19.84,21.52,5.8,56.98,19.26,52.02,32.34
650,DE055C1,Neumunster,small,dwellings/ha,5.08,6.55,6.94,8.3,7.18,8.83,0.9,6.83,2.92,1.86,3.91,3.38,3.51,DE,5.06,113,572,50.83,21.28,11.9,83,0.39,92.24,0.28,32.68,11.68,18.58,39.15,33.83,35.08
651,DE072C1,Friedrichshafen,small,dwellings/ha,6.09,7.05,6.29,0,6.86,6.62,3.87,7.12,3.12,4.33,3.71,5.54,4.53,DE,5.06,113,573,60.9,19.65,13.36,0,0.64,78.14,5.25,35.5,12.78,43.26,37.09,55.45,45.28
652,ES071C1,Granollers,small,dwellings/ha,3.79,3.04,5.41,8.7,7.69,9.34,2.56,5.44,5.33,2.48,3.89,3.97,4.7,ES,5.06,113,574,37.86,32.79,15.34,87,0,95.47,2.29,20.71,32.89,24.82,38.94,39.73,47.04
653,PL039C1,Ostrow_Wielkopolski,small,dwellings/ha,4.35,6.79,5.19,8.6,7.24,9.03,3.93,6.12,2.38,2.91,3.9,3.96,3.4,PL,5.06,113,575,43.49,20.52,15.82,86,0.35,93.51,5.39,26.25,9.18,29.1,38.98,39.63,34.01
654,HU003C1,Nyiregyhaza,small,dwellings/ha,6.4,7.96,4.82,6.4,7.19,8.01,4.42,3.78,1.72,4.52,1.87,4.09,3.23,HU,5.05,114,577,64.02,16.66,16.65,64,0.38,87.01,6.83,10.03,6.8,45.15,18.7,40.89,32.32
655,IT513C1,Latina,small,dwellings/ha,4.52,7.09,5.05,6.3,7.3,7.6,2,4.41,1.07,4.87,0.34,4.82,6.57,IT,5.05,114,578,45.22,19.52,16.14,63,0.3,84.42,1.4,13.59,4.98,48.67,3.36,48.16,65.65
656,IT061C1,Altamura,small,dwellings/ha,6.67,6.77,5.99,9.4,8.07,9.77,0.65,1.5,3.85,2.65,1.42,3.54,2.5,IT,5.05,114,579,66.74,20.58,14.03,94,-0.28,98.17,0.15,1.58,17.54,26.5,14.19,35.43,25
657,CZ016C1,Most,small,dwellings/ha,3.47,5.7,5.52,9.1,7.33,7.97,3.47,7.7,4.44,3.01,3.35,5.54,2.66,CZ,5.04,115,581,34.72,24.06,15.08,91,0.28,86.74,4.22,41.54,22.56,30.09,33.51,55.43,26.65
658,DE523C1,Paderborn,small,dwellings/ha,4.96,6.68,6.57,5.1,7.13,7.51,1.18,8.2,3.15,2.85,3.52,3.9,4.6,DE,5.04,115,582,49.62,20.88,12.71,51,0.43,83.81,0.49,47.12,12.95,28.51,35.23,39.03,45.96
659,IT046C1,Pavia,small,dwellings/ha,7.9,4.62,1.85,0,6.67,8.24,4.67,4.83,3.29,4.05,4.02,5.13,5.95,IT,5.04,115,583,79.01,27.6,23.35,0,0.79,88.44,7.62,16.34,13.77,40.53,40.17,51.31,59.5
660,IT016C1,Perugia,small,dwellings/ha,6.3,6.57,5.83,0,7.59,8.31,1.17,4.03,2.17,6.54,2.94,6.75,4.39,IT,5.04,115,584,63.01,21.22,14.39,0,0.08,88.9,0.48,11.37,8.36,65.45,29.42,67.47,43.88
661,FI009C1,Jyvaskyla,small,dwellings/ha,3.66,9.05,9.61,4.5,7.31,2.04,9.14,6.25,2.54,3.46,3.78,4.72,3.61,FI,5.04,115,585,36.57,13.1,5.88,45,0.3,49.01,29.27,27.36,9.87,34.56,37.8,47.18,36.11
662,FR220C1,CA_Brie_Francilienne,small,dwellings/ha,6.77,4.9,6.32,0,7.02,9.22,3.32,5.93,4.34,1.96,4.1,3.26,5.5,FR,5.03,116,590,67.66,26.68,13.29,0,0.52,94.71,3.86,24.64,21.65,19.56,41,32.59,54.98
663,FR056C1,Angouleme,small,dwellings/ha,7.37,7.36,6.75,0,7.22,7.57,1.95,4.21,1.06,6.35,3.47,5.05,3.97,FR,5.03,116,591,73.72,18.64,12.31,0,0.36,84.17,1.33,12.43,4.96,63.47,34.74,50.48,39.66
664,ES542C1,Cuenca,small,dwellings/ha,5.72,7.71,8.74,0,3.6,7.68,2.13,7.19,4.43,3.46,1.1,5.48,5.47,ES,5.03,116,592,57.25,17.49,7.83,0,3.13,84.91,1.59,36.21,22.46,34.59,10.97,54.83,54.68
665,PL027C1,Kalisz,small,dwellings/ha,4.84,6.37,5.06,8.3,7.29,8.28,3.97,5.65,2.83,3.52,3.37,5.05,2.67,PL,5.03,116,593,48.37,21.87,16.11,83,0.31,88.72,5.51,22.31,11.23,35.21,33.72,50.48,26.7
666,AT006C1,Klagenfurt,small,dwellings/ha,5.68,5.3,6.26,7.1,6.6,7.83,3.75,6.12,2.36,2.52,3.11,3.5,4.39,AT,5.02,117,596,56.79,25.37,13.42,71,0.84,85.85,4.92,26.26,9.12,25.15,31.06,35.04,43.86
667,FR034C2,Valenciennes,small,dwellings/ha,5.9,5.51,6.15,5.8,6.91,7.73,2.1,4.39,2.15,5.26,2.5,4.97,3.98,FR,5.02,117,597,58.98,24.69,13.68,58,0.6,85.19,1.54,13.46,8.29,52.65,24.98,49.65,39.81
668,DE522C1,Heidelberg,small,dwellings/ha,4.84,4.72,6.4,6.3,8.15,7.48,1.76,7.55,4.57,3.19,4.06,2.95,3.98,DE,5.02,117,598,48.38,27.29,13.1,63,-0.35,83.64,1.09,39.94,23.89,31.9,40.61,29.53,39.78
669,BG008C1,Stara_Zagora,small,dwellings/ha,4.94,7.82,6.04,7.9,6.75,8.83,2.44,3.8,4.06,2.55,2.55,4.14,3.24,BG,5.02,117,599,49.43,17.15,13.9,79,0.73,92.21,2.09,10.13,19.21,25.48,25.45,41.41,32.37
670,RO511C1,Ramnicu_Valcea,small,dwellings/ha,5.43,8.16,6.12,6.5,7.26,6.98,0.9,5.31,2.99,5.2,1.42,4.93,3.13,RO,5.02,117,600,54.3,16.03,13.74,65,0.33,80.48,0.28,19.71,12.06,51.99,14.16,49.3,31.25
671,UK051C1,Great_Yarmouth,small,dwellings/ha,3.63,7.57,8.06,6.6,7.27,7.58,1.88,6.05,2.89,3.82,4.03,3.15,4,UK,5.01,118,603,36.31,17.94,9.37,66,0.33,84.29,1.24,25.66,11.57,38.2,40.28,31.46,40.04
672,PL019C1,Jelenia_Gora,small,dwellings/ha,6.61,8.08,5.45,0,6.89,5.83,1.98,7.4,2.5,5.77,2.31,5.46,4.58,PL,5.01,118,604,66.15,16.27,15.23,0,0.61,73.11,1.38,38.34,9.7,57.75,23.13,54.59,45.83
673,HU009C1,Szekesfehervar,small,dwellings/ha,4.44,7.28,4.55,8.2,7.23,9.09,3.4,5.57,3.04,2.06,3.46,4.27,3.53,HU,5,119,608,44.44,18.9,17.26,82,0.36,93.88,4.05,21.68,12.35,20.61,34.62,42.73,35.28
674,ES017C1,Badajoz,small,dwellings/ha,4.59,7.8,7.13,4.7,8.74,6.66,2.39,6.24,3.27,4.17,0.82,3.12,4.49,ES,5,119,609,45.86,17.2,11.47,47,-0.8,78.4,1.99,27.28,13.62,41.7,8.15,31.16,44.89
675,IT069C1,Gela,small,dwellings/ha,4.04,7.58,4.9,9.7,7.67,9.37,0,3.66,4.13,2.56,0.37,1.67,5.83,IT,5,119,610,40.37,17.91,16.48,97,0.02,95.63,0,9.36,19.75,25.62,3.67,16.74,58.27
676,RO019C1,Slatina,small,dwellings/ha,5.56,7.39,5.12,9.1,7.41,8.98,0,4.01,3.67,3.76,1.3,3.78,3.09,RO,5,119,611,55.6,18.55,15.99,91,0.21,93.17,0,11.27,16.25,37.57,12.97,37.81,30.87
677,SK006C1,ilina,small,dwellings/ha,5.73,7.32,3.99,8.4,6.59,8.05,1.69,7.26,2.63,2.77,2.84,4.25,3.37,SK,5,119,612,57.29,18.78,18.54,84,0.85,87.26,1,36.93,10.28,27.73,28.43,42.51,33.72
678,FR306C1,Mantes_en_Yvelines,small,dwellings/ha,6.62,5.47,6.59,8,6.48,7.69,3.05,4.47,2.74,3.23,3.33,3.08,3.07,FR,4.99,120,613,66.24,24.83,12.68,80,0.93,84.94,3.25,13.99,10.83,32.27,33.33,30.82,30.72
679,DE030C1,Weimar,small,dwellings/ha,5.72,7.29,6.66,0,7.06,7.9,0.49,7.22,3.41,3.42,3.6,6.02,4.54,DE,4.99,120,614,57.21,18.86,12.51,0,0.49,86.28,0.08,36.5,14.48,34.16,36.02,60.2,45.38
680,DE529C1,Heilbronn,small,dwellings/ha,5.22,5.4,6.32,5.4,7.16,8.38,1.14,7.25,4.05,3,3.58,4.13,3.79,DE,4.99,120,615,52.23,25.06,13.29,54,0.41,89.38,0.45,36.77,19.1,30.03,35.8,41.3,37.9
681,HR004C1,Osijek,small,dwellings/ha,3.96,8.02,4.41,7.3,7.73,7.94,3.7,6.61,2.45,4.48,2.18,4.74,3.27,HR,4.99,120,616,39.58,16.49,17.57,73,-0.02,86.59,4.79,30.62,9.51,44.82,21.75,47.37,32.72
682,PL505C1,Bytom,small,dwellings/ha,5.05,4.27,2.73,7,6.92,7.96,1.71,8.18,3.92,4.61,2.43,5.75,4.22,PL,4.99,120,617,50.49,28.74,21.37,70,0.59,86.68,1.02,46.82,18.1,46.13,24.31,57.51,42.17
683,FR068C2,Vannes,small,dwellings/ha,6.11,8.85,7.01,3.7,7.18,5.31,2.39,5.36,0.88,5.06,1.62,5.53,3.86,FR,4.98,121,620,61.06,13.75,11.72,37,0.39,69.83,1.99,20.08,4.54,50.6,16.22,55.32,38.56
684,PT505C1,Guimaraes,small,dwellings/ha,7.27,6.4,7.11,0,6.98,8.23,1.66,2.72,0.89,7.57,0.46,8.16,3.3,PT,4.98,121,621,72.66,21.78,11.5,0,0.55,88.37,0.96,5.18,4.57,75.72,4.57,81.63,32.95
685,FR506C1,Colmar,small,dwellings/ha,5.92,6.3,6.42,7.9,6.24,8.9,4.14,3.36,2.8,2.93,2.75,3.51,2.95,FR,4.97,122,624,59.17,22.09,13.06,79,1.12,92.68,6.01,7.9,11.11,29.25,27.52,35.14,29.49
686,FR049C2,Lorient,small,dwellings/ha,5.76,8.42,7.02,3.2,7,6.21,2.46,5.54,1.22,4.04,3.01,4.48,4.57,FR,4.97,122,625,57.57,15.18,11.7,32,0.53,75.52,2.12,21.51,5.36,40.44,30.06,44.83,45.7
687,PL037C1,Gniezno,small,dwellings/ha,5.88,6.94,5.25,0,7.28,8.06,1.37,7.99,2.77,3.78,3.34,5.33,4.98,PL,4.97,122,626,58.8,20.03,15.7,0,0.32,87.32,0.66,44.67,10.95,37.76,33.43,53.29,49.85
688,BE009C1,Mons,small,dwellings/ha,5.77,5.45,6.25,0,7.16,6.52,3.72,4.98,1.56,6.7,2.57,6.16,5.35,BE,4.97,122,627,57.67,24.88,13.44,0,0.41,77.52,4.85,17.35,6.31,66.98,25.66,61.56,53.46
689,FR086C2,Evreux,small,dwellings/ha,6.03,7.43,6.82,6.2,6.74,5.6,1.71,4.46,1.39,5.32,1.62,5.46,3.62,FR,4.96,123,630,60.29,18.42,12.15,62,0.73,71.68,1.02,13.94,5.81,53.15,16.21,54.56,36.16
690,FR219C1,CA_Europ_Essonne,small,dwellings/ha,5.83,3.99,6.04,4.8,7.43,9.08,3.11,6.3,3.83,2.38,4.37,3.28,3.88,FR,4.96,123,631,58.31,29.66,13.92,48,0.2,93.84,3.4,27.81,17.41,23.76,43.68,32.78,38.82
691,ES533C1,Marbella,small,dwellings/ha,5.65,6.77,6.62,0,7.9,9.17,1.76,4.51,2.34,6.88,1.59,4.54,4.33,ES,4.96,123,632,56.54,20.57,12.61,0,-0.16,94.35,1.08,14.26,9.04,68.81,15.91,45.38,43.27
692,IT510C1,Monza,small,dwellings/ha,5.3,0,0.09,9.4,7.21,9.68,4.79,4.69,4.69,1.82,3.07,3.76,6.94,IT,4.96,123,633,52.95,42.72,27.32,94,0.37,97.6,8.02,15.43,25.13,18.18,30.72,37.65,69.44
693,IT515C1,Terni,small,dwellings/ha,5.97,6.39,5.62,6.3,4.07,9.01,1.64,3.06,2.7,6.05,0.25,5.45,4.33,IT,4.96,123,634,59.67,21.81,14.86,63,2.77,93.36,0.94,6.57,10.63,60.49,2.52,54.55,43.26
694,BG005C1,Pleven,small,dwellings/ha,4.86,7.79,6.25,9.6,6.77,9.13,1.47,3.17,4.44,2.92,2.7,3.13,2.38,BG,4.96,123,635,48.64,17.23,13.44,96,0.71,94.11,0.76,7.02,22.56,29.16,27.01,31.32,23.81
695,NL515C1,Venlo,small,dwellings/ha,5.07,4.47,6.27,5.1,6.94,7.4,5.66,5.15,2.47,3.61,1.57,4.98,4.74,NL,4.94,124,637,50.72,28.11,13.41,51,0.58,83.15,11.22,18.6,9.59,36.12,15.7,49.76,47.38
696,EL011C1,Xanthi,small,dwellings/ha,5.8,8.13,4.73,9.9,6.64,9.1,0,1.84,4.92,2.93,0.25,3.85,2.95,EL,4.94,124,638,57.98,16.1,16.87,99,0.81,93.97,0,2.36,27.58,29.3,2.52,38.52,29.54
697,IT023C1,Potenza,small,dwellings/ha,6.16,8.32,7.29,0,7.01,7.58,0,2.95,1.85,8.47,2.16,6.13,3.37,IT,4.94,124,639,61.61,15.51,11.09,0,0.52,84.29,0,6.09,7.23,84.7,21.61,61.26,33.71
698,EL008C2,Kavala,small,dwellings/ha,6.9,7.55,4.73,0,7.37,8.95,0,3.25,4.28,3.8,5.6,3.8,4.41,EL,4.93,125,644,69.03,18.03,16.86,0,0.25,93,0,7.38,21.11,37.95,55.97,38.03,44.11
699,CZ010C1,Pardubice,small,dwellings/ha,5.19,6.45,5.16,0,7.25,8.02,3.94,7.85,3.36,3.31,3.23,6.39,4.37,CZ,4.93,125,645,51.88,21.61,15.89,0,0.34,87.04,5.44,43.11,14.19,33.09,32.28,63.92,43.71
700,FR212C1,CC_de_la_Boucle_de_la_Seine,small,dwellings/ha,5.82,2.73,5.35,9.9,7.28,9.54,2.2,4.51,4.63,1.76,3.91,2.66,3.25,FR,4.93,125,646,58.23,33.8,15.46,99,0.32,96.74,1.69,14.27,24.41,17.57,39.08,26.6,32.48
701,DE526C1,Wolfsburg,small,dwellings/ha,5.15,7.18,6.7,0,6.93,6.81,3.25,7.27,2.91,3.42,2.92,6.12,4.85,DE,4.93,125,647,51.47,19.24,12.42,0,0.58,79.37,3.69,36.95,11.63,34.23,29.2,61.24,48.55
702,PL503C1,Gliwice,small,dwellings/ha,5.06,5.2,2.28,6.5,7,8.2,1.98,8.46,3.02,4.16,2.53,6.22,3.86,PL,4.93,125,648,50.57,25.71,22.37,65,0.53,88.24,1.37,50.08,12.24,41.58,25.34,62.19,38.6
703,UK043C1,East_Staffordshire,small,dwellings/ha,4.54,6.45,7.84,4.5,6.91,8.02,3.15,4.98,3.48,2.94,5.03,4.88,3.03,UK,4.92,126,650,45.38,21.63,9.87,45,0.6,87.04,3.48,17.34,14.98,29.44,50.28,48.76,30.3
704,IT072C1,Anzio,small,dwellings/ha,7.55,8.09,5.58,0,7.34,8.75,1.54,2.16,2.06,4.96,0.14,5.4,4.5,IT,4.92,126,651,75.53,16.26,14.95,0,0.27,91.73,0.83,3.26,7.94,49.62,1.39,54.01,45.01
705,PL026C1,Plock,small,dwellings/ha,3.94,6.17,4.72,5.3,7.42,7.43,4.11,8.11,3.21,3.58,3.44,5.46,3.65,PL,4.92,126,652,39.4,22.53,16.89,53,0.21,83.33,5.91,45.99,13.27,35.82,34.39,54.61,36.55
706,FR209C2,Douai,small,dwellings/ha,5.65,5.64,6.22,5.1,7.06,6.79,2.94,4.45,1.76,5.33,2.43,5.76,3.65,FR,4.91,127,655,56.47,24.25,13.51,51,0.49,79.26,3.03,13.85,6.94,53.28,24.33,57.62,36.46
707,DE514C1,Hamm,small,dwellings/ha,5.42,5.2,6.28,3.9,7.02,7.19,1.72,6.98,2.64,3.54,3.34,5.36,4.35,DE,4.91,127,656,54.2,25.71,13.37,39,0.52,81.78,1.04,34.08,10.34,35.39,33.43,53.61,43.45
708,FR067C2,Quimper,small,dwellings/ha,6.32,8.48,7.4,0,6.83,5.32,1.7,5.49,1,4.51,2.72,4.69,5.54,FR,4.9,128,658,63.22,14.98,10.85,0,0.66,69.86,1.01,21.13,4.81,45.05,27.24,46.89,55.38
709,DE047C1,Hanau,small,dwellings/ha,5.4,3.66,6.42,6.7,6.44,8.41,1.36,6.38,3.81,2.27,4.2,4.59,3.79,DE,4.9,128,659,53.99,30.74,13.06,67,0.96,89.53,0.65,28.51,17.24,22.66,42.04,45.94,37.95
710,DE074C1,Gorlitz,small,dwellings/ha,5.64,7.34,6.33,0,7.09,7.44,2.12,6.78,3,3.15,2.79,6.1,4.5,DE,4.9,128,660,56.39,18.71,13.25,0,0.46,83.41,1.57,32.2,12.14,31.54,27.87,61.02,45.01
711,DE075C1,Sankt_Augustin,small,dwellings/ha,6.54,4.96,6.49,0,7.37,8.42,1.89,7.47,3.32,2.8,3.09,4.36,4.77,DE,4.9,128,661,65.37,26.48,12.89,0,0.25,89.62,1.26,39.08,13.97,28.01,30.92,43.61,47.75
712,CZ005C1,Usti_nad_Labem,small,dwellings/ha,5.62,5.86,5.24,5.5,6.71,6.67,1.78,5.64,2.98,3.91,3.44,5.25,3.95,CZ,4.89,129,663,56.21,23.56,15.72,55,0.75,78.5,1.11,22.29,12.03,39.06,34.4,52.53,39.51
713,FR501C1,Argenteuil__Bezons,small,dwellings/ha,6.93,1.57,5.33,10,7.24,9.59,1.94,3.76,5.37,1.11,5.22,1.17,3.02,FR,4.89,129,664,69.26,37.59,15.52,100,0.35,97.02,1.31,9.91,33.33,11.14,52.22,11.66,30.17
714,FI008C3,Kuopio,small,dwellings/ha,3.18,9.42,9.52,0,7.24,4.09,8.29,7.25,3.04,5.07,3.88,4.62,3.05,FI,4.89,129,665,31.81,11.91,6.09,0,0.35,62.06,24.03,36.84,12.34,50.73,38.77,46.25,30.51
715,ES057C1,Ponferrada,small,dwellings/ha,6.21,8.34,8.06,0,3.84,6.77,1.85,4.19,1.86,6.86,2.06,6.73,4,ES,4.88,130,668,62.09,15.42,9.36,0,2.95,79.1,1.2,12.3,7.24,68.58,20.61,67.32,40.02
716,IT504C1,Livorno,small,dwellings/ha,3.31,5.66,4.91,8.3,6.06,6.86,2.96,5.31,4.26,2.61,3.79,1.6,6.68,IT,4.88,130,669,33.13,24.21,16.46,83,1.25,79.66,3.07,19.72,20.88,26.07,37.85,15.95,66.79
717,FR057C2,BoulognesurMer,small,dwellings/ha,5.85,5.16,6.64,6.1,6.87,7.66,2.2,4.79,2.46,4.71,3.11,3.27,3.48,FR,4.87,131,672,58.49,25.85,12.55,61,0.63,84.77,1.69,16.04,9.53,47.13,31.11,32.65,34.77
718,PT015C1,Valongo,small,dwellings/ha,8.06,5.17,5.93,0,6.83,9.04,0,3.56,2.77,4.27,3.61,5.78,3.73,PT,4.87,131,673,80.59,25.8,14.16,0,0.66,93.57,0,8.86,10.95,42.65,36.05,57.78,37.28
719,NL529C1,Greater_Soest,small,dwellings/ha,6.05,4.26,6.68,0,7.18,7.77,6.57,4.19,3.21,3.41,1.96,3.72,5.64,NL,4.86,132,676,60.48,28.78,12.48,0,0.4,85.49,15.1,12.29,13.3,34.07,19.65,37.18,56.45
720,ES052C1,Rubi,small,dwellings/ha,6.39,3.12,5.24,0,7.37,9.8,1.12,4.27,3.94,4.45,3.84,4.28,5.44,ES,4.86,132,677,63.89,32.53,15.72,0,0.25,98.41,0.44,12.78,18.19,44.51,38.37,42.84,54.42
721,EL010C2,Chania,small,dwellings/ha,7.12,7.72,5.72,0,7.89,9.61,0,2.39,3.97,3.38,4.11,3.57,3.72,EL,4.85,133,682,71.16,17.45,14.63,0,-0.15,97.15,0,4,18.49,33.78,41.11,35.72,37.21
722,FR077C1,Roanne,small,dwellings/ha,6.3,6.72,6.47,7.5,6.85,8.55,1.83,4.45,2.23,2.01,2.18,2.77,3.28,FR,4.85,133,683,63.01,20.73,12.94,75,0.65,90.42,1.18,13.85,8.58,20.1,21.83,27.66,32.77
723,IT511C1,Bergamo,small,dwellings/ha,3.51,2.78,0.61,8.7,7.22,9.52,4.75,5.31,4.15,1.79,4.66,3.24,6.54,IT,4.85,133,684,35.15,33.61,26.13,87,0.37,96.6,7.89,19.71,19.95,17.95,46.56,32.43,65.44
724,ES064C1,Prat_de_Llobregat_El,small,dwellings/ha,2.12,2.57,5.15,10,6.89,9.64,3.65,6.68,10,1.52,6.25,2.46,2.12,ES,4.84,134,688,21.18,34.32,15.93,100,0.61,97.39,4.66,31.27,63.89,15.22,62.5,24.58,21.18
725,HU002C1,Miskolc,small,dwellings/ha,5.31,7.4,4.8,8.4,6.11,8.43,1.85,4.04,3.39,3.58,3.09,3.96,2.56,HU,4.84,134,689,53.11,18.52,16.71,84,1.21,89.65,1.2,11.44,14.4,35.82,30.87,39.56,25.61
726,FR060C2,Chartres,small,dwellings/ha,4.98,7.17,6.69,7,6.73,6.68,2.91,4.92,1.73,4.5,1.93,4.44,3.18,FR,4.84,134,690,49.83,19.26,12.44,70,0.73,78.54,2.97,16.97,6.84,45.01,19.31,44.43,31.78
727,DE063C1,Plauen,small,dwellings/ha,6.62,6.03,6.59,0,6.78,6.97,2.57,6.11,2.67,2.54,2.36,4.35,5.62,DE,4.84,134,691,66.22,23,12.68,0,0.7,80.39,2.31,26.1,10.46,25.39,23.64,43.52,56.21
728,PT005C1,Coimbra,small,dwellings/ha,6,6.8,6.95,0,7.09,7.83,1.69,3.9,0.92,7.2,3,7.53,2.83,PT,4.84,134,692,59.98,20.46,11.86,0,0.46,85.84,1,10.66,4.63,72.04,29.98,75.27,28.35
729,FR214C1,Valence,small,dwellings/ha,6.07,5.41,6.2,6.5,6.83,8.21,2.6,4.82,2.39,2.62,2.97,4.04,3.16,FR,4.83,135,696,60.73,25.01,13.56,65,0.66,88.3,2.37,16.25,9.25,26.16,29.68,40.45,31.55
730,DE053C1,Marburg,small,dwellings/ha,5.55,6.06,6.87,0,7.01,5.53,1.82,6.73,3.15,4.09,4.16,6.46,4.44,DE,4.83,135,697,55.54,22.9,12.04,0,0.52,71.24,1.15,31.7,12.95,40.92,41.63,64.56,44.36
731,DE082C1,DessauRosslau,small,dwellings/ha,5.25,7.08,6.52,0,6.92,7.54,2.18,6.87,2.8,3.36,2.7,5.27,4.88,DE,4.83,135,698,52.47,19.56,12.83,0,0.6,84,1.66,32.99,11.11,33.58,26.96,52.66,48.75
732,ES519C1,Albacete,small,dwellings/ha,3.61,7.57,7.11,7.4,7.39,5.58,5.38,4.46,3.57,4.23,1.62,3.48,3.24,ES,4.83,135,699,36.15,17.96,11.51,74,0.23,71.53,10.15,13.9,15.53,42.27,16.18,34.82,32.41
733,HR003C1,Slavonski_Brod,small,dwellings/ha,4.18,7.92,4.6,8.6,7.06,8.16,1.96,3.96,2.36,5.04,1.36,4.55,3.02,HR,4.83,135,700,41.83,16.81,17.15,86,0.48,87.98,1.34,10.99,9.13,50.41,13.6,45.5,30.16
734,UK586C1,Derry__Strabane_Local_Government_District,small,dwellings/ha,3.89,9.05,8.99,4.5,7.47,6.86,3.19,5.46,3.23,4.12,1.07,3.1,2.93,UK,4.82,136,703,38.89,13.11,7.27,45,0.17,79.68,3.56,20.87,13.38,41.24,10.75,31.04,29.31
735,DE518C1,Ludwigshafen_am_Rhein,small,dwellings/ha,4.49,4.05,6.38,7.2,7.53,8.3,1.96,7.45,4.39,2.68,3.19,3.21,3.15,DE,4.82,136,704,44.93,29.48,13.15,72,0.13,88.86,1.35,38.89,22.1,26.82,31.93,32.07,31.46
736,ES037C1,Puerto_de_Santa_Maria_El,small,dwellings/ha,3.97,7.73,6.56,6.6,8.35,7.95,2.77,3.33,2.93,4.24,0.26,4.99,2.96,ES,4.82,136,705,39.75,17.42,12.75,66,-0.5,86.62,2.69,7.74,11.74,42.39,2.55,49.92,29.63
737,EL013C1,Serres,small,dwellings/ha,4.87,7.66,3.55,9.5,6.97,9.83,1.88,3.16,4.98,3.03,0.61,3.28,2.51,EL,4.81,137,706,48.73,17.65,19.51,95,0.56,98.56,1.24,6.97,28.38,30.34,6.06,32.78,25.08
738,HU013C1,Veszprem,small,dwellings/ha,6.02,7.37,4.89,0,7.2,8.55,2.88,6.15,3.28,3.09,3.79,4.21,4.08,HU,4.81,137,707,60.22,18.61,16.51,0,0.38,90.42,2.9,26.5,13.68,30.95,37.86,42.11,40.82
739,HU012C1,Tatabanya,small,dwellings/ha,5.8,7.32,4.83,0,6.59,8.43,2.49,4.41,3.34,3.96,3.05,5.84,4.41,HU,4.81,137,708,58,18.76,16.64,0,0.85,89.64,2.18,13.6,14.09,39.58,30.46,58.39,44.12
740,DE029C1,Frankfurt,small,dwellings/ha,5.67,7.88,6.09,0,7.05,5.93,0.37,7.72,2.36,4.25,2.52,6.18,4.58,DE,4.81,137,709,56.73,16.95,13.81,0,0.49,73.77,0.05,41.76,9.13,42.46,25.25,61.79,45.81
741,RO507C1,Baia_Mare,small,dwellings/ha,6.21,8.22,6,8.4,3.2,8.85,1.26,5.9,3.71,3.14,0.94,2.63,2.65,RO,4.81,137,710,62.11,15.82,14,84,3.43,92.34,0.56,24.33,16.52,31.43,9.43,26.32,26.5
742,DE061C1,Aschaffenburg,small,dwellings/ha,5.56,5.7,6.91,0,6.84,8.38,2.51,6.92,3.72,2.14,4.68,4.3,4.35,DE,4.8,138,713,55.62,24.07,11.95,0,0.65,89.36,2.2,33.48,16.58,21.39,46.79,42.97,43.49
743,EL005C2,Larisa,small,dwellings/ha,4.74,7.11,3.61,9.5,7.51,9.14,1.25,4.24,4.42,2.15,2.67,3.85,2.4,EL,4.79,139,715,47.41,19.44,19.39,95,0.15,94.21,0.54,12.56,22.38,21.51,26.7,38.51,24.02
744,CH009C2,Lugano,small,dwellings/ha,7.6,4.5,6.83,0,2.77,7.71,1.43,5.44,3.4,3.12,4.59,4.14,5.87,CH,4.79,139,716,75.99,28.01,12.14,0,3.76,85.09,0.72,20.74,14.42,31.18,45.89,41.4,58.75
745,ES061C1,Cerdanyola_del_Valles,small,dwellings/ha,6.58,1.38,4.82,0,6.4,9.27,2.72,6.44,4.41,3.69,4.18,3.48,5.79,ES,4.79,139,717,65.8,38.22,16.65,0,0.99,95.03,2.58,28.99,22.27,36.95,41.82,34.76,57.95
746,ES551C1,Paterna,small,dwellings/ha,5.09,5.3,5.92,0,7.58,9.25,3.69,5.01,3.97,5.33,1.39,5.19,3.78,ES,4.79,139,718,50.89,25.39,14.18,0,0.09,94.92,4.75,17.54,18.49,53.35,13.91,51.85,37.77
747,UK584C1,Inverclyde,small,dwellings/ha,4.97,8.24,9.22,0,7.56,6.88,2.54,4.1,2.95,4.75,2.88,4.58,3.23,UK,4.78,140,719,49.73,15.76,6.76,0,0.1,79.8,2.26,11.77,11.85,47.5,28.8,45.76,32.34
748,FR052C2,SaintNazaire,small,dwellings/ha,5.58,8.12,6.83,4.9,6.88,5.6,2.04,5.05,1.17,4.77,1.65,4.96,3.35,FR,4.78,140,720,55.77,16.15,12.14,49,0.63,71.69,1.45,17.83,5.25,47.65,16.54,49.56,33.52
749,DE064C1,Neubrandenburg,small,dwellings/ha,4.7,8.59,6.51,0,7.25,7.16,0.56,8.82,3.61,2.49,3.28,5.09,4.22,DE,4.78,140,721,47.01,14.62,12.85,0,0.34,81.62,0.11,54.4,15.82,24.85,32.79,50.87,42.24
750,PT019C1,Povoa_de_Varzim,small,dwellings/ha,6.45,6.26,6.69,0,7.15,8.1,2.46,3.89,1.18,5.09,0.42,4.73,5.14,PT,4.78,140,722,64.52,22.24,12.45,0,0.42,87.57,2.12,10.62,5.27,50.85,4.22,47.33,51.37
751,RO513C1,DrobetaTurnu_Severin,small,dwellings/ha,5.32,7.57,5.18,8.6,6.64,9.31,0,4.18,4.31,1.6,1.65,2.48,3.31,RO,4.78,140,723,53.19,17.94,15.85,86,0.8,95.3,0,12.25,21.37,16.04,16.46,24.85,33.15
752,FR201C1,Aubagne,small,dwellings/ha,7.24,7.24,6.8,0,6.69,8.33,0.69,3.1,1.19,6.53,1.18,4.39,3.89,FR,4.77,141,724,72.42,19.04,12.21,0,0.77,89.03,0.17,6.75,5.28,65.32,11.8,43.93,38.87
753,FR066C1,SaintBrieuc,small,dwellings/ha,6.73,8.65,7.16,0,7.09,5.78,2.59,5.14,0.75,4.08,2.61,5.13,3.9,FR,4.77,141,725,67.26,14.41,11.39,0,0.47,72.83,2.36,18.51,4.26,40.75,26.09,51.29,39
754,FR104C2,ChalonsenChampagne,small,dwellings/ha,4.35,6.85,6.51,8.3,6.47,8.36,3.24,4.21,2.57,2.36,3.42,2.94,3.21,FR,4.77,141,726,43.53,20.32,12.85,83,0.94,89.22,3.66,12.39,10.03,23.58,34.15,29.42,32.09
755,DE076C1,NeuUlm,small,dwellings/ha,5.27,6.36,6.67,0,7.04,7.17,2.2,7.8,3.21,3.27,2.63,6.79,3.68,DE,4.77,141,727,52.69,21.91,12.5,0,0.5,81.68,1.69,42.57,13.32,32.72,26.27,67.93,36.82
756,RO022C1,Bistrita,small,dwellings/ha,6.85,8.42,6.62,7.6,6.34,6.41,0.81,2.8,2.35,4.53,0.23,4.15,1.97,RO,4.76,142,729,68.48,15.16,12.61,76,1.04,76.8,0.23,5.5,9.08,45.33,2.32,41.51,19.68
757,RO007C1,Bacau,small,dwellings/ha,6.1,7.43,5.87,8.3,7.66,9,0,3.02,4.3,2.92,0.32,3.23,1.75,RO,4.76,142,730,61.04,18.41,14.3,83,0.03,93.27,0,6.38,21.3,29.19,3.23,32.26,17.54
758,EL014C1,Trikala,small,dwellings/ha,4.82,7.87,4.06,8.6,7.31,9.29,1.3,2.96,3.17,3.92,0.17,4.49,2.64,EL,4.75,143,733,48.18,16.98,18.38,86,0.29,95.13,0.59,6.14,13.09,39.19,1.69,44.87,26.37
759,ES060C1,Fuengirola,small,dwellings/ha,0,5.85,6.33,9.9,7.84,9.44,2.3,4.74,5.39,3.06,4.96,3.25,3.63,ES,4.74,144,735,0,23.57,13.25,99,-0.11,96.11,1.85,15.73,33.63,30.61,49.62,32.48,36.33
760,PL030C1,JastrzebieZdroj,small,dwellings/ha,5.99,7.36,1.86,0,7.42,3.66,3.41,5.6,1.5,7.35,1.29,7.5,5.4,PL,4.74,144,736,59.94,18.63,23.32,0,0.21,59.3,4.08,21.97,6.12,73.47,12.93,75.01,54.04
761,SE505C1,Boras,small,dwellings/ha,4.33,9.23,9.45,0,7.1,4.5,2,6.49,1.41,6.12,1.13,5.77,3.89,SE,4.74,144,737,43.28,12.53,6.24,0,0.45,64.66,1.4,29.49,5.87,61.18,11.34,57.72,38.9
762,NL508C1,Haarlemmermeer,small,dwellings/ha,3.9,4.62,6.58,3.2,7.47,6.32,6.44,6.08,3.14,4.94,1.71,5.08,3.82,NL,4.73,145,742,39,27.6,12.69,32,0.17,76.22,14.5,25.87,12.87,49.39,17.06,50.84,38.25
763,DE071C1,Stralsund,small,dwellings/ha,5.01,8.13,6.93,0,7.63,7.88,2.84,8.41,3.67,2.71,3.02,3.48,3.15,DE,4.73,145,743,50.06,16.12,11.91,0,0.05,86.19,2.82,49.53,16.23,27.13,30.23,34.82,31.53
764,ES053C1,Ciudad_Real,small,dwellings/ha,0.02,7.07,7.1,9.2,8.05,8.23,2.33,3.54,3.8,3.13,0.15,3.63,5.97,ES,4.73,145,744,0.2,19.58,11.52,92,-0.27,88.38,1.9,8.77,17.19,31.33,1.49,36.28,59.67
765,RO006C1,Oradea,small,dwellings/ha,3,7.55,5.38,9.1,7.44,9.21,3.3,4.39,3.68,2.97,0.8,3.11,3.08,RO,4.73,145,745,30.03,18.01,15.4,91,0.2,94.62,3.81,13.5,16.31,29.73,8.05,31.07,30.84
766,SK008C1,Trencin,small,dwellings/ha,6.09,7.82,4.01,0,6.81,8.1,3,7.37,2.5,2.83,3.07,4.83,4.07,SK,4.73,145,746,60.85,17.15,18.48,0,0.68,87.58,3.14,38.06,9.73,28.28,30.69,48.29,40.69
767,HU015C1,Kaposvar,small,dwellings/ha,5.96,8.28,4.8,0,7.14,8.46,2.08,5.41,2.38,5.7,2.76,3.25,3.66,HU,4.72,146,751,59.57,15.61,16.71,0,0.43,89.84,1.52,20.48,9.18,57.04,27.62,32.51,36.56
768,FR062C1,Calais,small,dwellings/ha,4.79,4.25,6.52,8.9,6.94,8.29,2.39,3.92,3.06,3.36,3.67,3.56,2.52,FR,4.72,146,752,47.88,28.81,12.84,89,0.58,88.8,2.01,10.74,12.44,33.61,36.67,35.58,25.19
769,DE079C1,Wetzlar,small,dwellings/ha,5.67,5.75,6.82,0,6.67,7.98,0.27,6.11,2.85,3.32,3.61,6.13,4.28,DE,4.72,146,753,56.71,23.89,12.16,0,0.78,86.81,0.03,26.12,11.36,33.16,36.13,61.28,42.82
770,DE065C1,Fulda,small,dwellings/ha,6.11,6.37,6.82,0,6.58,7.49,1.26,6.39,2.46,3.57,3.6,5.04,3.98,DE,4.71,147,754,61.05,21.89,12.15,0,0.85,83.7,0.55,28.57,9.54,35.69,36.03,50.4,39.83
771,ES553C1,Torrent,small,dwellings/ha,4.79,6.1,5.93,0,7.48,7.06,2.85,3.17,2.57,7.08,1.22,6.34,4.43,ES,4.7,148,760,47.9,22.77,14.17,0,0.16,80.94,2.84,7.04,10.01,70.83,12.23,63.43,44.34
772,IT058C1,Pordenone,small,dwellings/ha,6.84,5.53,1.66,0,6.9,9.2,5.42,4.54,2.64,4.63,3.4,4.03,4.35,IT,4.7,148,761,68.44,24.63,23.78,0,0.61,94.55,10.29,14.41,10.33,46.27,33.96,40.31,43.46
773,DE077C1,Schweinfurt,small,dwellings/ha,4.96,5.97,6.43,0,7.65,9,1.61,8.25,3.86,2.2,4.78,4.32,3.29,DE,4.69,149,763,49.56,23.2,13.03,0,0.04,93.32,0.9,47.61,17.65,21.98,47.83,43.18,32.85
774,DE060C1,Celle,small,dwellings/ha,5.85,7,6.6,0,6.77,7.44,1.82,6.94,2.26,2.59,2.43,4.67,4.56,DE,4.69,149,764,58.48,19.81,12.65,0,0.71,83.39,1.16,33.75,8.72,25.93,24.27,46.7,45.56
775,BE010C1,Kortrijk,small,dwellings/ha,5.79,4.17,5.93,0,6.95,7.52,3.83,4.92,1.45,4.44,2.28,3.96,6.15,BE,4.69,149,765,57.92,29.07,14.16,0,0.57,83.91,5.13,16.96,6,44.36,22.83,39.55,61.52
776,RO508C1,Buzau,small,dwellings/ha,6.02,7.14,6.14,9.7,7.29,9.2,0,3.44,4.56,1.58,1.27,2.43,1.22,RO,4.69,149,766,60.19,19.34,13.69,97,0.31,94.6,0,8.27,23.72,15.82,12.69,24.31,12.2
777,SK007C1,Trnava,small,dwellings/ha,2.49,6.61,4.49,8.8,7.19,8.79,3.31,8.08,3.29,1.95,3.1,3.36,3.25,SK,4.69,149,767,24.91,21.08,17.4,88,0.38,91.95,3.84,45.67,13.75,19.46,30.96,33.56,32.54
778,ES043C1,Ferrol,small,dwellings/ha,5.32,6.85,6.51,0,5.18,6.08,1.95,5.22,2.32,6.66,1.81,5.38,4.95,ES,4.68,150,770,53.17,20.3,12.85,0,1.92,74.73,1.33,19.06,8.95,66.63,18.12,53.79,49.52
779,IT526C1,LAquila,small,dwellings/ha,6.47,8.37,7.03,0,3.48,7.53,0,3.5,1.68,7.07,1.99,6.91,3.41,IT,4.68,150,771,64.66,15.33,11.69,0,3.22,83.92,0,8.59,6.68,70.74,19.94,69.07,34.14
780,SE004C1,Jonkoping,small,dwellings/ha,3.8,9.56,9.47,0,7.05,3.83,0.99,7.4,1.86,6.46,1.84,6.14,3.36,SE,4.68,150,772,38.01,11.43,6.2,0,0.49,60.38,0.35,38.35,7.24,64.59,18.41,61.41,33.63
781,FR217C1,CA_des_deux_Rives_de_la_Seine,small,dwellings/ha,5.52,5.64,6.07,0,7.6,7.72,2.09,5.91,3.26,4.14,3.9,3.92,4.06,FR,4.67,151,775,55.23,24.27,13.84,0,0.08,85.19,1.53,24.48,13.59,41.4,38.98,39.21,40.57
782,ES016C1,Toledo,small,dwellings/ha,4.63,7.05,6.96,0,8.24,6.74,1.37,5.95,3.33,4.58,3.17,3.82,4.21,ES,4.67,151,776,46.33,19.66,11.84,0,-0.41,78.91,0.66,24.81,14.02,45.81,31.74,38.23,42.06
783,IT512C1,Forli,small,dwellings/ha,3.59,5.56,3.6,6.8,7.17,7.82,5.08,3.13,1.78,5.37,0.87,6.09,3.98,IT,4.67,151,777,35.9,24.53,19.4,68,0.4,85.76,9.02,6.86,6.99,53.68,8.68,60.95,39.79
784,BG016C1,Blagoevgrad,small,dwellings/ha,6.86,7.62,6.54,0,8.1,8.07,0,3.38,4.79,2.51,1.07,3.74,3.7,BG,4.67,151,778,68.57,17.79,12.79,0,-0.31,87.37,0,8.01,26.16,25.1,10.67,37.41,36.96
785,RO008C1,Arad,small,dwellings/ha,4.87,7.15,4.91,9.3,7.39,9.1,3.42,3.59,3.31,2.53,0.95,2.26,2.18,RO,4.67,151,779,48.74,19.32,16.45,93,0.23,93.96,4.09,9.01,13.87,25.27,9.52,22.59,21.84
786,FR099C1,Frejus,small,dwellings/ha,6.49,8.5,6.79,0,7.07,7.97,2.57,4,1.77,4.49,2.57,4.66,2.45,FR,4.66,152,782,64.86,14.9,12.22,0,0.47,86.76,2.32,11.22,6.97,44.86,25.72,46.61,24.46
787,ES058C1,San_Sebastian_de_los_Reyes,small,dwellings/ha,5.73,3.58,6.8,0,8.07,8.31,2.69,5.77,4.23,4.2,1.99,3.34,4.15,ES,4.66,152,783,57.29,31.01,12.2,0,-0.29,88.93,2.53,23.29,20.67,41.98,19.92,33.43,41.53
788,IT038C1,Barletta,small,dwellings/ha,0.38,6.77,5.53,9.9,8.14,9.98,3.53,2.97,6,1.85,3.27,0.34,4.74,IT,4.66,152,784,3.78,20.56,15.05,99,-0.34,99.51,4.36,6.16,43.42,18.48,32.69,3.41,47.41
789,ES544C1,Linares,small,dwellings/ha,5,7.51,7.43,0,7.92,7.15,1.01,4.11,3.89,3.74,0.29,4.84,4.47,ES,4.65,153,786,50.02,18.14,10.79,0,-0.17,81.55,0.36,11.82,17.82,37.38,2.93,48.39,44.69
790,FR059C2,ChalonsurSaone,small,dwellings/ha,6.2,7.16,6.52,0,6.53,5.51,2.7,5.16,0.93,4.85,1.91,5.2,4.67,FR,4.64,154,788,62,19.29,12.82,0,0.89,71.09,2.55,18.66,4.65,48.46,19.09,52.02,46.69
791,ES546C1,Merida,small,dwellings/ha,4.02,7.88,7.41,0,8.51,6.89,1.4,5.67,3.03,4.82,1.95,3.7,4.3,ES,4.64,154,789,40.21,16.95,10.82,0,-0.63,79.91,0.69,22.47,12.28,48.19,19.51,37.05,42.96
792,IT024C1,Catanzaro,small,dwellings/ha,4.53,8.34,5.17,0,8.58,8.92,1.98,2.86,3.2,6.08,0.28,7.79,2.14,IT,4.63,155,792,45.29,15.44,15.87,0,-0.67,92.8,1.37,5.73,13.22,60.76,2.8,77.94,21.38
793,RO505C1,Ploiesti,small,dwellings/ha,4.45,6.56,4.93,9.4,7.08,9.43,0,4.19,4.93,1.9,2.54,2.33,2.37,RO,4.62,156,793,44.5,21.27,16.41,94,0.47,96.03,0,12.29,27.78,18.97,25.4,23.26,23.73
794,NL032C2,Greater_Middelburg,small,dwellings/ha,4.54,4.36,6.16,0,7.23,7.22,5.74,5.61,3.47,5.01,1.64,4.39,4.5,NL,4.61,157,795,45.41,28.44,13.64,0,0.36,82,11.51,22.01,14.89,50.07,16.42,43.95,45.02
795,HU018C1,Zalaegerszeg,small,dwellings/ha,6.02,8.18,4.77,0,6.87,8.05,4.07,4.49,2.4,4.67,2.97,2.69,3.56,HU,4.61,157,796,60.23,15.94,16.76,0,0.63,87.25,5.8,14.14,9.28,46.67,29.68,26.95,35.59
796,CZ009C1,Hradec_Kralove,small,dwellings/ha,4.9,6.7,4.9,0,7,7.88,3.71,5.68,2.91,3.66,3,5.88,3.79,CZ,4.61,157,797,49.02,20.79,16.47,0,0.53,86.17,4.81,22.55,11.66,36.58,30,58.76,37.91
797,FR222C1,CA_Val_et_Foret,small,dwellings/ha,4.39,1.94,5.55,9.8,5.89,9.52,2.76,5.95,4.2,1.6,3.41,1.09,4.05,FR,4.61,157,798,43.94,36.39,15.01,98,1.38,96.62,2.66,24.74,20.33,15.96,34.11,10.88,40.52
798,DE073C1,Offenburg,small,dwellings/ha,5.38,6.13,6.37,0,7.02,7.75,3.52,6.11,3.1,4.22,3.32,4.97,2.78,DE,4.61,157,799,53.79,22.68,13.17,0,0.52,85.33,4.34,26.11,12.68,42.18,33.16,49.73,27.82
799,IT054C1,Matera,small,dwellings/ha,2.99,7.62,5.78,0,7.79,9.6,0.96,3.5,3.82,4.08,2.39,4.18,5.53,IT,4.61,157,800,29.9,17.79,14.5,0,-0.07,97.14,0.32,8.57,17.34,40.85,23.9,41.78,55.26
800,HU016C1,Eger,small,dwellings/ha,6.27,7.8,4.96,0,6.57,9,3.82,3.92,3.23,2.38,3.21,3.46,3.56,HU,4.6,158,802,62.66,17.21,16.36,0,0.86,93.27,5.1,10.76,13.42,23.75,32.08,34.57,35.62
801,FR061C2,Niort,small,dwellings/ha,6.16,7.63,6.76,0,7.12,6.55,1.73,4.39,0.86,4.47,2.1,5.42,3.88,FR,4.6,158,803,61.58,17.76,12.3,0,0.44,77.74,1.05,13.48,4.5,44.72,21.04,54.19,38.78
802,RO018C1,Targoviste,small,dwellings/ha,5.7,7.47,5.62,9,7.05,9.03,1.04,4.41,4.21,2.28,0.09,2.51,0.97,RO,4.59,159,805,57.02,18.28,14.87,90,0.5,93.5,0.38,13.61,20.42,22.81,0.9,25.1,9.73
803,UK038C1,Waveney,small,dwellings/ha,3.65,7.59,8.16,0,7.43,7.66,2.93,5.99,3.08,4.21,4.4,3.41,3.22,UK,4.58,160,808,36.51,17.88,9.14,0,0.2,84.76,3,25.1,12.55,42.11,44.04,34.12,32.18
804,DE056C1,Brandenburg_an_der_Havel,small,dwellings/ha,4.9,7.76,6.17,0,6.76,6.24,2.18,8.51,2.24,3.23,2.42,4.47,4.29,DE,4.57,161,809,49,17.32,13.62,0,0.71,75.71,1.66,50.64,8.64,32.35,24.21,44.74,42.94
805,FI004C3,Oulu,small,dwellings/ha,2.89,9.44,9.63,3.6,6.98,0,9.04,5.85,2.42,3.53,3.22,5.07,2.76,FI,4.57,161,810,28.85,11.82,5.84,36,0.54,36.05,28.62,23.92,9.35,35.3,32.2,50.67,27.64
806,HU008C1,Kecskemet,small,dwellings/ha,6.22,7.97,4.49,0,7.42,6.2,4.27,2.85,1.4,5.27,1.79,3.68,4.48,HU,4.56,162,812,62.24,16.63,17.41,0,0.21,75.49,6.37,5.7,5.84,52.66,17.89,36.78,44.85
807,IT506C1,Ravenna,small,dwellings/ha,4.48,5.67,3.64,5.3,7.27,6.67,4.49,4,1.86,5.02,0.34,5.56,4.02,IT,4.56,162,813,44.83,24.17,19.32,53,0.32,78.45,7.06,11.2,7.24,50.19,3.44,55.57,40.25
808,NL521C1,Oss,small,dwellings/ha,4.9,5.02,6.46,0,6.63,6.77,5.56,4.82,2.31,4.7,1.3,4.94,4.66,NL,4.55,163,815,48.98,26.31,12.97,0,0.81,79.12,10.84,16.25,8.9,46.99,13.04,49.42,46.64
809,DE048C1,Wilhelmshaven,small,dwellings/ha,4.35,6.7,6.86,0,7.01,7.43,4.63,6.52,2.82,3.78,2.7,4.2,3.46,DE,4.55,163,816,43.53,20.81,12.08,0,0.53,83.29,7.49,29.73,11.22,37.76,27.05,42.05,34.61
810,DE080C1,Speyer,small,dwellings/ha,4.75,5.04,6.25,0,6.77,8.4,2.48,7.67,3.93,2.37,3.94,3.73,4.08,DE,4.54,164,818,47.51,26.24,13.43,0,0.71,89.48,2.15,41.2,18.18,23.74,39.37,37.32,40.83
811,ES065C1,Linea_de_la_Concepcion_La,small,dwellings/ha,5.59,3.71,5.44,9.5,7.72,8.56,1.01,5.45,5.65,1.86,2.52,0.63,1.68,ES,4.54,164,819,55.93,30.59,15.26,95,-0.02,90.51,0.36,20.79,37.49,18.62,25.23,6.31,16.83
812,NL016C2,Greater_SittardGeleen,small,dwellings/ha,5.1,4.04,6.1,0,7.21,8.47,5.3,4.63,3.01,3.09,1.71,4.06,4.73,NL,4.53,165,821,50.99,29.49,13.78,0,0.37,89.9,9.85,14.99,12.17,30.88,17.1,40.6,47.3
813,FR082C2,Beauvais,small,dwellings/ha,5.66,7.04,6.62,0,6.74,6.16,2.88,4.1,1.44,5.28,1.75,4.67,4.13,FR,4.53,165,822,56.56,19.7,12.61,0,0.73,75.23,2.91,11.79,5.96,52.78,17.46,46.71,41.35
814,NL512C2,Greater_Ede,small,dwellings/ha,4.77,4.92,6.53,0,7.15,6.53,5.89,5.57,2.66,4.56,1.23,4.02,4.46,NL,4.52,166,825,47.67,26.63,12.82,0,0.42,77.59,12.14,21.73,10.44,45.55,12.27,40.18,44.65
815,RO015C1,Focsani,small,dwellings/ha,3.95,7.45,6.27,9.2,7.36,9.18,0.94,2.02,3.94,2.14,1.82,2.39,2.09,RO,4.52,166,826,39.54,18.35,13.4,92,0.25,94.47,0.31,2.85,18.26,21.35,18.22,23.95,20.94
816,FR074C2,Compiegne,small,dwellings/ha,5.5,6.37,6.47,0,6.05,7.56,3.29,5.7,2.38,3.77,2.8,3.64,4.01,FR,4.51,167,828,54.99,21.88,12.96,0,1.26,84.13,3.79,22.76,9.2,37.67,27.96,36.41,40.12
817,RO013C1,Giurgiu,small,dwellings/ha,3.67,7.53,5.73,9.5,7.24,9.44,0,2.97,4.16,2.53,0.05,3.84,1.92,RO,4.51,167,829,36.69,18.07,14.61,95,0.35,96.1,0,6.18,19.99,25.33,0.5,38.41,19.19
818,BG004C1,Burgas,small,dwellings/ha,3.07,8.27,6.55,4.2,7.75,8.12,4.63,3.69,4.7,2.46,1.91,3.33,2.26,BG,4.49,168,830,30.67,15.66,12.76,42,-0.04,87.7,7.5,9.51,25.23,24.6,19.11,33.3,22.58
819,BG011C1,Shumen,small,dwellings/ha,4.57,8.48,6.57,0,8.02,8.74,0,2.95,3.52,2.66,3,3.99,3.86,BG,4.49,168,831,45.74,14.98,12.72,0,-0.25,91.64,0,6.09,15.19,26.62,30,39.86,38.61
820,RO005C1,Braila,small,dwellings/ha,4.26,7.3,5.8,9.8,7.39,9.5,0.88,3.11,5.05,0.91,1.9,2.11,1.23,RO,4.48,169,833,42.63,18.83,14.45,98,0.24,96.5,0.27,6.77,29.22,9.15,18.95,21.07,12.28
821,PL022C1,Konin,small,dwellings/ha,4.54,7.03,4.75,0,7.39,8.39,1.34,7.81,2.62,4.24,3.16,6.31,2.31,PL,4.47,170,836,45.41,19.71,16.81,0,0.23,89.4,0.63,42.75,10.24,42.36,31.59,63.14,23.11
822,FR090C2,Chateauroux,small,dwellings/ha,6.32,7.93,6.64,0,6.4,7.32,4.03,3.38,1.08,3.92,1.94,4.41,2.95,FR,4.46,171,838,63.24,16.78,12.57,0,0.99,82.59,5.67,7.99,5.02,39.22,19.39,44.09,29.46
823,FR093C2,BrivelaGaillarde,small,dwellings/ha,6.78,7.96,6.94,0,6.37,5.71,1.62,2.77,0.27,5.38,1.42,4.75,3.83,FR,4.46,171,839,67.76,16.68,11.88,0,1.01,72.35,0.92,5.37,3.33,53.81,14.19,47.54,38.26
824,DE536C1,Salzgitter,small,dwellings/ha,4.23,7.27,6.51,0,7.43,5.28,2.61,7.34,2.63,3.59,2.25,6.01,3.53,DE,4.46,171,840,42.27,18.95,12.87,0,0.2,69.66,2.38,37.71,10.3,35.87,22.54,60.14,35.32
825,FR208C1,Henin__Carvin,small,dwellings/ha,5.51,5.67,5.99,0,7.31,8.06,1.8,4.77,2.51,3.92,2.23,4.76,3.61,FR,4.45,172,841,55.07,24.16,14.04,0,0.29,87.31,1.14,15.92,9.76,39.22,22.33,47.61,36.14
826,FR042C1,Dunkerque,small,dwellings/ha,3.49,4.76,6.26,6.8,7.14,8.16,3.14,5,2.88,3.65,2.98,3.56,2.37,FR,4.45,172,842,34.92,27.15,13.41,68,0.43,87.93,3.45,17.48,11.48,36.5,29.75,35.61,23.72
827,ES531C1,Dos_Hermanas,small,dwellings/ha,2.59,6.66,6.33,6.6,6.31,7.98,2.53,3.75,3.89,2.91,2.32,3.67,3.5,ES,4.45,172,843,25.89,20.94,13.26,66,1.06,86.79,2.24,9.82,17.83,29.08,23.23,36.72,34.96
828,FR027C1,Ajaccio,small,dwellings/ha,4.51,9.01,7.52,0,6.89,6.67,3.31,3.58,2.13,6.37,1.44,5.69,1.66,FR,4.44,173,844,45.07,13.25,10.58,0,0.62,78.45,3.84,9,8.22,63.68,14.42,56.92,16.62
829,BG012C1,Pernik,small,dwellings/ha,5.8,8.16,5.41,0,7.49,7.94,1.26,3.72,3.21,3.37,0.45,4.44,3.45,BG,4.44,173,845,58.02,16.02,15.33,0,0.16,86.58,0.56,9.71,13.3,33.69,4.45,44.37,34.5
830,ES539C1,Benalmadena,small,dwellings/ha,1.19,6.75,6.94,9.4,7.75,9.46,1.81,4.07,3.35,3.84,1.82,3.33,1.87,ES,4.43,174,846,11.92,20.64,11.9,94,-0.04,96.22,1.14,11.59,14.1,38.37,18.25,33.26,18.66
831,IT524C1,Andria,small,dwellings/ha,1.08,6.75,5.34,9.8,6.72,9.77,2.73,2.79,4.67,2.22,0.27,3.14,3.81,IT,4.43,174,847,10.75,20.62,15.49,98,0.75,98.2,2.61,5.44,24.86,22.2,2.72,31.37,38.06
832,RO014C1,Alba_Iulia,small,dwellings/ha,7.04,8.21,6.11,0,7.14,7.34,2,3.38,2.45,4.16,0.69,4.99,1.67,RO,4.42,175,849,70.41,15.84,13.76,0,0.43,82.75,1.4,8.02,9.51,41.56,6.9,49.88,16.71
833,ES540C1,Chiclana_de_la_Frontera,small,dwellings/ha,3.82,8.12,6.66,0,8.37,8.34,2.1,4.63,1.58,5.14,1,4.87,2.92,ES,4.41,176,850,38.25,16.16,12.52,0,-0.51,89.09,1.55,15,6.36,51.4,10,48.73,29.22
834,FR324C1,Martigues,small,dwellings/ha,5.32,5.58,6.67,0,7.4,8.68,1.49,4.11,2.24,3.68,3.49,5.2,2.74,FR,4.4,177,851,53.16,24.47,12.5,0,0.23,91.24,0.77,11.8,8.63,36.83,34.95,52.01,27.37
835,IT048C1,Cosenza,small,dwellings/ha,0.53,6.28,6.1,9,5.83,9.18,3.06,2.73,4.13,3.35,0.25,3.35,4.62,IT,4.4,177,852,5.3,22.18,13.77,90,1.43,94.45,3.28,5.21,19.8,33.54,2.49,33.54,46.23
836,RO017C1,Tulcea,small,dwellings/ha,3.51,7.73,6.98,8.6,7.67,8.93,1.17,3.59,3.97,1.72,0.18,2.99,1.34,RO,4.4,177,853,35.14,17.44,11.79,86,0.02,92.86,0.48,9.04,18.46,17.24,1.79,29.87,13.37
837,PT008C1,Aveiro,small,dwellings/ha,2.67,7.3,6.89,0,6.82,8.47,1.35,3.55,1.03,6.65,2.49,7.55,3.23,PT,4.39,178,854,26.73,18.85,12,0,0.67,89.95,0.64,8.81,4.89,66.48,24.88,75.55,32.31
838,IT045C1,Asti,small,dwellings/ha,4.41,4.26,2.33,7.8,6.29,8.39,2.98,3.88,1.92,3.28,2.02,3.34,4.45,IT,4.38,179,856,44.07,28.79,22.27,78,1.07,89.4,3.12,10.55,7.46,32.82,20.17,33.39,44.53
839,PL032C1,Piotrkow_Trybunalski,small,dwellings/ha,1.81,6.79,4.29,7.4,7.02,7.03,1.85,8.41,2.15,3.96,2.69,3.73,3.36,PL,4.38,179,857,18.12,20.49,17.85,74,0.52,80.74,1.2,49.54,8.27,39.65,26.85,37.28,33.6
840,FR096C2,Albi,small,dwellings/ha,6.78,8.62,6.91,0,7.02,6.9,1.88,3.78,0.8,4.41,1.83,4.17,1.92,FR,4.37,180,858,67.8,14.5,11.96,0,0.52,79.92,1.24,10.02,4.36,44.12,18.28,41.68,19.23
841,ES040C1,Talavera_de_la_Reina,small,dwellings/ha,4.48,8.04,7.11,0,7.98,4.88,3,3.63,3.02,5.82,1.52,5.8,2.09,ES,4.37,180,859,44.76,16.43,11.51,0,-0.22,67.06,3.16,9.25,12.21,58.24,15.22,58.01,20.95
842,ES073C1,Elda,small,dwellings/ha,3.67,6.37,7.02,0,7.8,7.92,2.23,3.67,5.24,5.28,0.83,3.54,3.04,ES,4.36,181,860,36.73,21.88,11.71,0,-0.08,86.45,1.74,9.4,31.56,52.78,8.26,35.44,30.36
843,ES520C1,Castellon_de_la_Plana,small,dwellings/ha,1.08,6.52,6.35,5.8,7.22,8.79,2.57,5.19,3.73,4.66,1.7,3.6,2.94,ES,4.36,181,861,10.83,21.37,13.22,58,0.37,91.98,2.32,18.86,16.63,46.55,17.02,36,29.35
844,PL023C1,Zory,small,dwellings/ha,6.38,6.11,2.07,0,7.09,5.76,1.26,5.25,1.79,6.79,1.76,7.52,2.83,PL,4.36,181,862,63.77,22.73,22.84,0,0.46,72.69,0.56,19.32,7.04,67.91,17.62,75.17,28.26
845,HU011C1,Szolnok,small,dwellings/ha,5.33,7.9,4.29,0,7.56,8.57,4.36,3.11,2.96,3.48,2.46,4.21,2.34,HU,4.35,182,863,53.3,16.89,17.84,0,0.11,90.58,6.66,6.77,11.93,34.82,24.57,42.12,23.4
846,IT047C1,Massa,small,dwellings/ha,5.98,6.44,5.91,0,3.11,8.87,3.73,3.8,2.49,4.98,0.92,1.52,4.97,IT,4.35,182,864,59.79,21.64,14.21,0,3.5,92.46,4.86,10.13,9.67,49.76,9.22,15.21,49.72
847,IT056C1,Acireale,small,dwellings/ha,6.87,5.85,5.19,0,7.76,9.81,1.28,3.16,2.56,4.89,0.28,5.57,1.2,IT,4.35,182,865,68.67,23.6,15.82,0,-0.05,98.43,0.57,6.99,9.98,48.93,2.82,55.75,11.95
848,PT009C1,Faro,small,dwellings/ha,4.15,7.85,6.76,0,7.27,7.89,1.62,4.91,1.94,3.16,1.03,4.84,3.86,PT,4.34,183,866,41.46,17.02,12.29,0,0.32,86.21,0.92,16.86,7.53,31.63,10.34,48.41,38.6
849,RO512C1,Suceava,small,dwellings/ha,5.91,8.18,6.43,0,7.24,8.57,0,2.92,3.53,3.88,0.12,4.5,2.27,RO,4.34,183,867,59.14,15.96,13.03,0,0.35,90.55,0,5.98,15.29,38.79,1.18,44.97,22.67
850,FR039C2,Avignon,small,dwellings/ha,2.95,6.13,6.53,4.6,7.31,8.77,1.67,4.44,2.21,4.09,2.4,4.29,2.53,FR,4.33,184,868,29.45,22.65,12.8,46,0.3,91.86,0.98,13.82,8.52,40.9,24.02,42.87,25.31
851,ES558C1,San_Vicente_del_Raspeig,small,dwellings/ha,3.86,6.76,6.47,0,7.64,4.47,4.69,3.13,2.35,5.89,1.76,5.95,3.45,ES,4.32,185,870,38.61,20.6,12.95,0,0.04,64.47,7.71,6.84,9.06,58.88,17.65,59.5,34.46
852,IT525C1,Trani,small,dwellings/ha,0,6.92,5.29,9.7,8.75,9.56,1.89,1.41,4.54,3.38,0.24,3.17,3.19,IT,4.29,186,872,0,20.07,15.6,97,-0.8,96.84,1.25,1.4,23.57,33.84,2.37,31.69,31.92
853,IT066C1,Carpi,small,dwellings/ha,0.93,3.12,1.87,8,7.12,8.52,6.38,2.94,2.55,3.76,0.31,4.76,5.95,IT,4.28,187,875,9.28,32.52,23.31,80,0.44,90.23,14.26,6.04,9.92,37.57,3.05,47.6,59.51
854,RO016C1,Targu_Jiu,small,dwellings/ha,4.47,7.22,5.12,7.4,7.28,6.57,0,2.89,2.54,4.96,0.72,4.96,1.29,RO,4.28,187,876,44.67,19.08,15.98,74,0.32,77.82,0,5.86,9.9,49.58,7.19,49.57,12.93
855,IT067C1,Cerignola,small,dwellings/ha,0.01,7.15,5.3,9.3,7.15,9.4,2.36,2.79,3.86,3.52,1,3.45,3.27,IT,4.27,188,878,0.12,19.33,15.58,93,0.42,95.85,1.95,5.43,17.61,35.23,10,34.55,32.75
856,ES532C1,Algeciras,small,dwellings/ha,2.93,4.1,5.87,9,5.74,8.9,3.22,5.21,4.14,2.9,0.85,1.98,2.49,ES,4.26,189,879,29.27,29.32,14.29,90,1.5,92.65,3.63,18.98,19.86,29.01,8.45,19.79,24.95
857,IT518C1,Alessandria,small,dwellings/ha,3.41,4.09,2.55,7,7.16,8.35,3.52,3.39,2.24,3.09,1.09,4.31,3.95,IT,4.2,190,884,34.14,29.35,21.76,70,0.41,89.15,4.34,8.07,8.65,30.86,10.92,43.09,39.51
858,EL012C1,Katerini,small,dwellings/ha,0,7.71,3.76,9.3,7.21,9.68,1.11,3.04,3.98,3.09,3.27,2.74,3.02,EL,4.17,191,886,0,17.5,19.04,93,0.37,97.61,0.43,6.47,18.53,30.88,32.65,27.35,30.25
859,BG014C1,Haskovo,small,dwellings/ha,5.44,7.62,5.77,0,7.37,9.21,0.61,4.25,3.26,2.75,0.96,2.4,2.6,BG,4.17,191,887,54.41,17.8,14.52,0,0.25,94.64,0.13,12.63,13.61,27.48,9.61,24.01,25.97
860,IT509C1,Siracusa,small,dwellings/ha,1.29,6.47,4.76,8.2,8.09,8.94,3.95,2.77,2.39,3.58,1.69,1.12,3.27,IT,4.16,192,889,12.86,21.55,16.8,82,-0.3,92.94,5.47,5.39,9.23,35.82,16.87,11.19,32.72
861,IT062C1,Bitonto,small,dwellings/ha,0.02,6.41,5.59,9.1,7.2,9.52,0,2.5,5.3,2.59,0.65,3.82,3.21,IT,4.15,193,891,0.18,21.75,14.93,91,0.38,96.58,0,4.38,32.45,25.91,6.45,38.17,32.08
862,CZ017C1,Karvina,small,dwellings/ha,4.32,7.4,2.12,0,7.14,6.07,4.01,5.11,3.07,4.23,0.61,5.12,3.81,CZ,4.14,194,892,43.17,18.49,22.74,0,0.42,74.65,5.62,18.29,12.5,42.25,6.12,51.17,38.13
863,EL004C2,Irakleio,small,dwellings/ha,0,7.43,5.21,8.9,7.68,9.04,0.76,2.42,4.05,4.34,3.57,3.43,1.6,EL,4.13,195,893,0,18.41,15.78,89,0.01,93.58,0.2,4.1,19.08,43.42,35.73,34.31,15.98
864,IT522C1,Trapani,small,dwellings/ha,1.42,7.24,5.95,8,8.33,8.41,0,2.28,2.67,4.11,0.58,3.92,1.94,IT,4.09,196,896,14.16,19.05,14.12,80,-0.48,89.54,0,3.65,10.46,41.12,5.75,39.24,19.43
865,IT022C1,Taranto,small,dwellings/ha,0.2,7.55,4.79,5.7,8.49,9.24,2.79,2.98,4.59,3.55,0.63,2.44,2.61,IT,4.02,197,897,1.97,18.01,16.73,57,-0.6,94.81,2.72,6.2,24.09,35.52,6.34,24.39,26.13
866,IT065C1,Bisceglie,small,dwellings/ha,0,7.03,5.35,9.5,8.55,9.91,0.54,3.04,3.83,2.87,0,1.6,2.34,IT,3.98,198,900,0,19.71,15.46,95,-0.65,99.12,0.1,6.45,17.37,28.66,0,16.02,23.43
867,FR063C2,Beziers,small,dwellings/ha,0.64,8.16,6.95,5.2,7.45,8.36,2.55,3.87,2.24,3.39,2.85,3.55,1.39,FR,3.97,199,901,6.39,16.03,11.87,52,0.19,89.25,2.28,10.47,8.62,33.91,28.48,35.53,13.95
868,CY501C1,Lemesos,small,dwellings/ha,1.45,6.65,6.46,8.3,7.45,8.86,1.34,2.89,2.34,2.63,3.24,2.68,1.03,CY,3.95,200,902,14.46,20.96,12.97,83,0.19,92.39,0.63,5.84,9.05,26.29,32.43,26.76,10.27
869,IT042C1,Treviso,small,dwellings/ha,1.52,3.2,1.46,8,7.27,9.28,4.3,3.31,2.34,5.19,0.77,2.58,3.49,IT,3.92,201,905,15.17,32.26,24.23,80,0.33,95.08,6.47,7.68,9.03,51.89,7.68,25.82,34.88
870,HU014C1,Bekescsaba,small,dwellings/ha,2.98,8.2,4.87,0,7.29,8.39,4.96,3.4,1.69,3.84,2.01,3.35,2.01,HU,3.9,202,906,29.85,15.89,16.55,0,0.31,89.45,8.61,8.11,6.71,38.37,20.07,33.46,20.15
871,ES547C1,Sagunto,small,dwellings/ha,1.96,6.14,6.24,0,7.77,7.57,2.71,4.93,2.83,5.57,0.14,4.35,2.39,ES,3.88,203,907,19.59,22.64,13.46,0,-0.06,84.23,2.57,16.99,11.27,55.72,1.38,43.51,23.85
872,ES536C1,Alcala_de_Guadaira,small,dwellings/ha,3.63,6.51,6.27,0,7.96,6.74,0.3,3.1,2.74,4.45,0.75,4.27,2.02,ES,3.79,204,910,36.34,21.4,13.4,0,-0.21,78.93,0.03,6.72,10.8,44.53,7.49,42.67,20.24
873,IT025C1,Reggio_di_Calabria,small,dwellings/ha,1.16,6.15,5.75,6.2,5.18,8.85,1.61,2.01,3.01,3.78,4.67,4.14,1.07,IT,3.79,204,911,11.63,22.61,14.56,62,1.92,92.32,0.91,2.83,12.17,37.85,46.69,41.39,10.68
874,ES545C1,Lorca,small,dwellings/ha,1.7,8.7,6.8,0,6.56,2.99,2.65,2.94,0.91,8.08,0.29,7.77,1.25,ES,3.69,205,913,16.95,14.25,12.21,0,0.87,55.07,2.45,6.05,4.62,80.82,2.95,77.71,12.48
875,EL009C2,Kalamata,small,dwellings/ha,0.63,8.26,4.69,0,7.49,9.58,1.93,4.18,2.95,5.74,0.78,3.72,1,EL,3.59,206,914,6.35,15.69,16.94,0,0.16,96.99,1.3,12.25,11.85,57.44,7.81,37.24,10.01
876,BG009C1,Sliven,small,dwellings/ha,2.95,8.01,6.75,0,5.8,9.17,0,3.21,2.93,2.43,0.96,2.96,1.34,BG,3.53,207,915,29.48,16.52,12.32,0,1.45,94.39,0,7.22,11.75,24.34,9.58,29.64,13.42
877,IT517C1,Giugliano_in_Campania,small,dwellings/ha,0.58,4.54,3.94,6.8,7.63,9.65,0,1.86,3,2.72,0.39,3.45,1.85,IT,3.44,208,916,5.79,27.88,18.63,68,0.05,97.42,0,2.42,12.14,27.22,3.87,34.54,18.51
878,IT071C1,Bagheria,small,dwellings/ha,0,7.08,5.76,0,7.25,9.79,0,2.12,4.08,2.57,0.05,2.88,0,IT,2.92,209,917,0,19.55,14.56,0,0.34,98.3,0,3.14,19.35,25.7,0.51,28.82,0
879,IT020C1,Campobasso,small towns,dwellings/ha,8.86,6.76,6.69,0,8.89,7.96,0,4.17,2.99,6.55,2.78,5.41,8.33,IT,6.02,1,45,88.55,18.25,12.32,0,0.18,93.42,0,12.15,6.77,65.46,27.84,54.13,83.29
880,ES543C1,Eivissa,small towns,dwellings/ha,6.85,5.78,6.56,0,9.08,6.7,2.88,6.02,6,4.17,1.37,5.42,6.19,ES,5.47,2,280,68.52,20.73,12.6,0,0.12,90.51,2.9,25.34,27.13,41.69,13.73,54.17,61.92
881,PL040C1,Przemysl,small towns,dwellings/ha,7.99,7.33,5.46,0,8.94,4,1.76,8.19,0.5,4.99,3.1,6.24,6.38,PL,5.35,3,374,79.94,16.8,15.04,0,0.16,84.26,1.08,46.92,1.68,49.85,30.95,62.35,63.8
882,ES556C1,Santurtzi,small towns,dwellings/ha,6.12,2.59,5.6,0,9.87,9.28,0.67,7.2,9.98,1.61,3.47,3.83,5.99,ES,5.32,4,389,61.18,28.85,14.73,0,-0.13,96.49,0.16,36.33,45.21,16.05,34.69,38.32,59.89
883,ES552C1,Igualada,small towns,dwellings/ha,7.18,3.08,5.45,0,9.13,9.63,3.99,3.85,5.98,2.4,4.89,3.57,5.24,ES,5.18,5,490,71.82,27.61,15.06,0,0.1,97.29,5.56,10.4,26.94,24.01,48.89,35.67,52.37
884,IE003C1,Limerick,small towns,dwellings/ha,6.71,8.21,9.01,0,9.04,5.39,0.9,4.93,4.04,2.51,1.47,2.88,6.02,IE,5.1,6,543,67.14,14.56,7.19,0,0.13,87.48,0.28,17.02,11.2,25.13,14.73,28.79,60.23
885,ES554C1,Mislata,small towns,dwellings/ha,6.29,0.64,5.32,0,9.35,9.77,4.26,6.44,10,2.68,2.17,4.16,4.07,ES,5.09,7,554,62.91,33.81,15.34,0,0.03,97.63,6.36,29.03,113.08,26.76,21.74,41.6,40.68
886,PL041C1,Zamosc,small towns,dwellings/ha,6.85,6.36,5.69,0,8.48,6.42,1.31,9,2.02,3.73,3.09,4.15,5.52,PL,5.04,8,586,68.45,19.27,14.53,0,0.31,89.88,0.6,56.76,4.13,37.26,30.9,41.47,55.15
887,CZ013C1,Karlovy_Vary,small towns,dwellings/ha,6.74,6.81,6.61,0,7.31,0.58,2.97,6.23,3.84,4.62,3.58,6.75,4.86,CZ,4.87,9,674,67.36,18.11,12.5,0,0.68,76.35,3.08,27.15,10.2,46.19,35.78,67.54,48.61
888,DE081C1,Passau,small towns,dwellings/ha,6.55,5.03,6.53,0,7.9,0,2.76,5.12,3.23,6.1,3.24,6.41,6.05,DE,4.84,10,693,65.46,22.65,12.67,0,0.49,75,2.67,18.36,7.61,61.04,32.44,64.08,60.45
889,FR218C1,CC_des_Coteaux_de_la_Seine,small towns,dwellings/ha,7.43,0,5.53,0,8.48,4.02,0.69,6.08,4.63,6.23,3.52,4.33,6.34,FR,4.83,11,701,74.27,35.45,14.88,0,0.31,84.31,0.17,25.88,14.68,62.29,35.23,43.3,63.36
890,PL517C1,Grudziadz,small towns,dwellings/ha,5.14,6.87,5.64,0,8.82,7.39,2.61,8.69,1.05,3.02,0.83,6.59,4.81,PL,4.81,12,711,51.4,17.97,14.65,0,0.2,92.1,2.39,52.84,2.39,30.17,8.27,65.9,48.07
891,PL512C1,Elblag,small towns,dwellings/ha,5.81,7.18,6.57,0,6.33,5.72,3.54,8.11,0,3.47,3.61,4.49,5.52,PL,4.76,13,731,58.07,17.19,12.58,0,0.98,88.25,4.39,46.08,1.17,34.67,36.06,44.92,55.2
892,HU017C1,Dunaujvaros,small towns,dwellings/ha,3.88,6.99,4.41,0,10,7.36,2.42,6.72,5.32,5.6,2.31,4.92,3.16,HU,4.74,14,738,38.82,17.66,17.36,0,-0.17,92.04,2.05,31.63,20.04,56.04,23.12,49.22,31.61
893,IT073C1,Sassuolo,small towns,dwellings/ha,7.69,1.93,2.78,0,7.3,8.66,5.28,4.67,4.51,2.53,3.1,3.83,5.35,IT,4.74,14,739,76.9,30.52,20.98,0,0.68,95.05,9.75,15.29,13.87,25.31,31.03,38.3,53.45
894,PL021C1,Suwalki,small towns,dwellings/ha,5.26,6.94,6.96,0,8.47,5.86,5.01,7.83,0.43,3.25,4.06,4.84,3.84,PL,4.73,15,747,52.55,17.8,11.72,0,0.31,88.57,8.79,42.97,1.61,32.5,40.58,48.4,38.44
895,PL018C1,Zielona_Gora,small towns,dwellings/ha,5.81,6.5,6.38,0,7.8,5.83,4.27,9.02,1.41,2.2,3.37,3.7,4.67,PL,4.71,16,755,58.12,18.9,13,0,0.52,88.49,6.37,57.01,2.96,21.98,33.67,37.01,46.72
896,BG017C1,Veliko_Tarnovo,small towns,dwellings/ha,4.19,7.75,6.96,0,7.91,6.78,0,5.61,4.2,3.36,3.52,4.87,4.85,BG,4.71,16,756,41.95,15.72,11.73,0,0.49,90.71,0,22.07,12.03,33.58,35.17,48.67,48.46
897,CZ014C1,Jihlava,small towns,dwellings/ha,5.91,6.65,5.7,0,6.98,3,3.51,7.81,3.95,4.12,3.14,5.83,3.91,CZ,4.68,17,773,59.06,18.52,14.51,0,0.78,81.94,4.3,42.73,10.7,41.24,31.43,58.3,39.13
898,BG010C1,Dobrich,small towns,dwellings/ha,6.21,6.68,6.83,0,8.21,7.85,1.13,3.93,4.14,2.3,2.35,2.39,4.65,BG,4.65,18,787,62.12,18.44,12.01,0,0.39,93.17,0.45,10.81,11.71,23.02,23.51,23.88,46.47
899,FR223C1,CC_de_lOuest_de_la_Plaine_de_France,small towns,dwellings/ha,6.94,1.9,5.53,0,7.98,6.1,2.54,5.06,4.6,3.3,3.12,4.43,5.04,FR,4.64,19,790,69.35,30.62,14.88,0,0.47,89.13,2.27,17.93,14.44,32.97,31.17,44.35,50.43
900,FR213C1,Senart_en_Essonne,small towns,dwellings/ha,6.48,4.87,6.19,0,7.7,3.48,1.76,5.98,3.41,5.59,2.56,4.93,4.19,FR,4.6,20,804,64.76,23.04,13.43,0,0.55,83.06,1.08,25.07,8.31,55.88,25.6,49.28,41.85
901,PL514C1,Tarnow,small towns,dwellings/ha,5.64,6.25,4.09,0,8.58,6.18,3.8,6.43,1.19,3.86,2.23,4.94,4.75,PL,4.59,21,806,56.45,19.53,18.06,0,0.28,89.31,5.06,28.94,2.61,38.65,22.32,49.42,47.53
902,RO020C1,Barlad,small towns,dwellings/ha,7.61,7.14,6.53,0,9.01,9.03,0,3.46,5.63,0.65,0.94,1.6,3.25,RO,4.59,21,807,76.05,17.27,12.68,0,0.14,95.92,0,8.37,23.02,6.53,9.45,15.96,32.51
903,PL031C1,Siedlce,small towns,dwellings/ha,6.32,6.27,4.63,0,8.28,7.68,2.38,8.16,1.55,2.86,1.53,3.79,3.54,PL,4.49,22,832,63.25,19.49,16.87,0,0.37,92.78,1.98,46.56,3.21,28.56,15.31,37.94,35.37
904,IT068C1,Gallarate,small towns,dwellings/ha,8.32,0.17,1.75,0,7.2,10,2.93,3.19,4.65,1.26,2.69,2.24,6.43,IT,4.48,23,834,83.25,35.01,23.26,0,0.71,98.16,3.01,7.11,14.81,12.59,26.94,22.41,64.31
905,PL029C1,Slupsk,small towns,dwellings/ha,5.11,6.78,7.76,0,7.73,6.97,2.15,7.75,1.81,2.05,5.06,3.79,2.5,PL,4.43,24,848,51.1,18.18,9.96,0,0.55,91.15,1.62,42.03,3.69,20.48,50.59,37.85,24.96
906,RO021C1,Roman,small towns,dwellings/ha,6.24,7.77,6.03,0,8.44,8.06,0,2.52,4.81,2.76,0.12,3.07,2.66,RO,4.32,25,871,62.4,15.67,13.77,0,0.32,93.66,0,4.46,15.94,27.58,1.18,30.68,26.63
907,BG015C1,Pazardzhik,small towns,dwellings/ha,5.97,7.39,6.12,0,7.97,9.73,0,3.57,5.34,0.97,0.08,2.36,2.88,BG,4.29,26,873,59.66,16.64,13.58,0,0.47,97.53,0,8.9,20.19,9.68,0.75,23.63,28.81
908,PL047C1,Lomza,small towns,dwellings/ha,3.36,6.56,5.65,0,9.19,1.53,3.77,8.15,2.29,4.38,3.29,6.37,2.89,PL,4.19,27,885,33.55,18.76,14.63,0,0.08,78.55,4.96,46.49,4.76,43.8,32.89,63.74,28.91
909,IT064C1,Battipaglia,small towns,dwellings/ha,4.07,5.12,5.03,0,8.6,9.28,0.51,2.84,3.98,2.67,0.42,3.21,4.83,IT,4.16,28,890,40.74,22.42,16,0,0.27,96.5,0.09,5.64,10.87,26.75,4.19,32.1,48.28
910,DE070C1,Frankenthal,small towns,dwellings/ha,3.45,3.29,6.19,0,8.44,4.18,1.84,7.01,4.97,3.84,3.3,4.68,3.61,DE,4.13,29,894,34.48,27.08,13.43,0,0.32,84.68,1.18,34.43,17.14,38.39,33.04,46.82,36.09
911,BG007C1,Vidin,small towns,dwellings/ha,5.53,7.33,5.34,0,9.73,5.63,0,3.38,4.02,2.67,0.26,2.99,2.39,BG,4,30,898,55.29,16.8,15.31,0,-0.08,88.03,0,8.01,11.08,26.66,2.56,29.92,23.92
912,PL513C1,Wloclawek,small towns,dwellings/ha,4.34,6.89,4.72,0,8.01,4.15,3.68,7.43,0.25,2.76,3.79,3.61,3.14,PL,3.95,31,903,43.42,17.93,16.68,0,0.46,84.6,4.74,38.67,1.41,27.57,37.94,36.13,31.39
913,IE005C1,Waterford,small towns,dwellings/ha,3.57,9.29,8.82,0,8.56,0.63,0.67,3.27,3.84,3.17,1.43,4.51,2.87,IE,3.95,31,904,35.68,11.81,7.61,0,0.28,76.45,0.16,7.46,10.19,31.71,14.29,45.07,28.73
914,IT070C1,Saronno,small towns,dwellings/ha,3.99,0.95,0,0,8.79,9.95,4.56,3.38,5.51,1.86,3.99,2.85,3.91,IT,3.83,32,908,39.92,33.03,27.12,0,0.21,98.05,7.29,7.99,21.79,18.62,39.86,28.54,39.06
915,BG018C1,Vratsa,small towns,dwellings/ha,3.23,8.12,6.41,0,7.99,5.85,0,3.66,4.6,1.89,1.34,2.95,2.88,BG,3.81,33,909,32.28,14.78,12.95,0,0.46,88.55,0,9.4,14.48,18.91,13.4,29.55,28.79
916,IT060C1,Lecco,small towns,dwellings/ha,7.37,2.05,2.86,0,0,6.73,1.13,5.55,5.2,2.17,2.13,2.9,5.08,IT,3.76,34,912,73.72,30.23,20.78,0,2.98,90.59,0.45,21.58,18.97,21.67,21.26,28.96,50.84
